case,file,stage,count,total_ms,max_ms
before-ocr-off-c2,2403.01632v4.pdf,DocumentContext,1,2.1882379999999997,2.1882379999999997
before-ocr-off-c2,2403.01632v4.pdf,LayoutInference,47,3186.495139,72.449268
before-ocr-off-c2,2403.01632v4.pdf,LayoutPostprocess,47,0.792934,0.104175
before-ocr-off-c2,2403.01632v4.pdf,LayoutPreprocess,47,812.8106130000001,23.065681
before-ocr-off-c2,2403.01632v4.pdf,LayoutQueue,47,11944.192834999998,476.347767
before-ocr-off-c2,2403.01632v4.pdf,LayoutReadback,47,0.17048900000000003,0.005908
before-ocr-off-c2,2403.01632v4.pdf,LinkValidate,1,18.354329,18.354329
before-ocr-off-c2,2403.01632v4.pdf,ParseTotal,1,4829.262429,4829.262429
before-ocr-off-c2,2403.01632v4.pdf,PdfOpen,1,0.792247,0.792247
before-ocr-off-c2,2403.01632v4.pdf,PdfRender,47,710.6271820000002,56.374849999999995
before-ocr-off-c2,2403.01632v4.pdf,PdfiumQueue,1,0.001083,0.001083
before-ocr-off-c2,2403.01632v4.pdf,TableRules,7,2.9479949999999997,0.8018949999999999
before-ocr-off-c2,2403.01632v4.pdf,TextExtract,47,474.95086600000013,14.317719
before-ocr-off-c2,2403.01632v4.pdf,TextFinish,94,552.8223970000001,24.596993
before-ocr-off-c2,2403.01632v4.pdf,TextPrepare,47,1.48105,0.067613
before-ocr-off-c2,2410.05779v3.pdf,DocumentContext,1,1.144856,1.144856
before-ocr-off-c2,2410.05779v3.pdf,LayoutInference,16,1069.497361,80.202668
before-ocr-off-c2,2410.05779v3.pdf,LayoutPostprocess,16,0.19021100000000002,0.02258
before-ocr-off-c2,2410.05779v3.pdf,LayoutPreprocess,16,416.46047699999997,31.588289
before-ocr-off-c2,2410.05779v3.pdf,LayoutQueue,16,6521.769553,464.52835999999996
before-ocr-off-c2,2410.05779v3.pdf,LayoutReadback,16,0.07663500000000001,0.006477
before-ocr-off-c2,2410.05779v3.pdf,LinkValidate,1,5.780388,5.780388
before-ocr-off-c2,2410.05779v3.pdf,ParseTotal,1,2402.785817,2402.785817
before-ocr-off-c2,2410.05779v3.pdf,PdfOpen,1,0.41967699999999997,0.41967699999999997
before-ocr-off-c2,2410.05779v3.pdf,PdfRender,16,365.199094,39.945654999999995
before-ocr-off-c2,2410.05779v3.pdf,PdfiumQueue,1,0.0033,0.0033
before-ocr-off-c2,2410.05779v3.pdf,TableRules,6,10.392812,2.944133
before-ocr-off-c2,2410.05779v3.pdf,TextExtract,16,212.07847900000002,22.274032
before-ocr-off-c2,2410.05779v3.pdf,TextFinish,32,217.24638700000003,35.763473
before-ocr-off-c2,2410.05779v3.pdf,TextPrepare,16,0.611007,0.066746
before-ocr-off-c2,2412.05210v1.pdf,DocumentContext,1,38.200817,38.200817
before-ocr-off-c2,2412.05210v1.pdf,LayoutInference,12,804.926676,73.981295
before-ocr-off-c2,2412.05210v1.pdf,LayoutPostprocess,12,0.14594000000000001,0.019165
before-ocr-off-c2,2412.05210v1.pdf,LayoutPreprocess,12,296.55983399999997,30.007500999999998
before-ocr-off-c2,2412.05210v1.pdf,LayoutQueue,12,4802.046445000001,459.01176100000004
before-ocr-off-c2,2412.05210v1.pdf,LayoutReadback,12,0.054347000000000006,0.006053
before-ocr-off-c2,2412.05210v1.pdf,LinkValidate,1,9.364578,9.364578
before-ocr-off-c2,2412.05210v1.pdf,ParseTotal,1,1997.061996,1997.061996
before-ocr-off-c2,2412.05210v1.pdf,PdfOpen,1,0.505659,0.505659
before-ocr-off-c2,2412.05210v1.pdf,PdfRender,12,379.0675290000001,85.551617
before-ocr-off-c2,2412.05210v1.pdf,PdfiumQueue,1,0.003794,0.003794
before-ocr-off-c2,2412.05210v1.pdf,TableRules,4,21.324913000000002,10.125126
before-ocr-off-c2,2412.05210v1.pdf,TextExtract,12,248.78667399999998,32.736833
before-ocr-off-c2,2412.05210v1.pdf,TextFinish,24,561.032494,268.70406099999997
before-ocr-off-c2,2412.05210v1.pdf,TextPrepare,12,0.7524850000000001,0.128072
before-ocr-off-c2,2603.01919v2.pdf,DocumentContext,1,2.4188959999999997,2.4188959999999997
before-ocr-off-c2,2603.01919v2.pdf,LayoutInference,23,1533.199631,73.968989
before-ocr-off-c2,2603.01919v2.pdf,LayoutPostprocess,23,0.43843499999999996,0.050816
before-ocr-off-c2,2603.01919v2.pdf,LayoutPreprocess,23,726.6287020000001,43.721179
before-ocr-off-c2,2603.01919v2.pdf,LayoutQueue,23,9550.95278,448.49739999999997
before-ocr-off-c2,2603.01919v2.pdf,LayoutReadback,23,0.11664000000000002,0.00734
before-ocr-off-c2,2603.01919v2.pdf,LinkValidate,1,12.104153,12.104153
before-ocr-off-c2,2603.01919v2.pdf,ParseTotal,1,7768.096967,7768.096967
before-ocr-off-c2,2603.01919v2.pdf,PdfOpen,1,0.531115,0.531115
before-ocr-off-c2,2603.01919v2.pdf,PdfRender,23,1059.2091400000002,183.091364
before-ocr-off-c2,2603.01919v2.pdf,PdfiumQueue,1,0.004128,0.004128
before-ocr-off-c2,2603.01919v2.pdf,TableExternal,1,5014.266319,5014.266319
before-ocr-off-c2,2603.01919v2.pdf,TableFill,1,0.040252,0.040252
before-ocr-off-c2,2603.01919v2.pdf,TableRules,18,31.226270000000003,6.813377
before-ocr-off-c2,2603.01919v2.pdf,TextExtract,23,534.5749820000001,60.924524
before-ocr-off-c2,2603.01919v2.pdf,TextFinish,46,776.918134,113.261557
before-ocr-off-c2,2603.01919v2.pdf,TextPrepare,23,1.21267,0.096327
before-ocr-off-c2,2603.01919v2.pdf,TsrInference,3,2183.127038,2093.201662
before-ocr-off-c2,2603.01919v2.pdf,TsrPostprocess,3,0.35063300000000003,0.21193800000000002
before-ocr-off-c2,2603.01919v2.pdf,TsrPreprocess,3,5.195559,3.058051
before-ocr-off-c2,2603.01919v2.pdf,TsrQueue,3,2824.5189060000002,2700.670805
before-ocr-off-c2,2303.18223v16.pdf,DocumentContext,1,15.852459999999999,15.852459999999999
before-ocr-off-c2,2303.18223v16.pdf,LayoutInference,144,9610.908336,75.926313
before-ocr-off-c2,2303.18223v16.pdf,LayoutPostprocess,144,2.3118480000000003,0.045959
before-ocr-off-c2,2303.18223v16.pdf,LayoutPreprocess,144,3487.4432989999996,37.928641999999996
before-ocr-off-c2,2303.18223v16.pdf,LayoutQueue,144,43234.37607699999,472.199992
before-ocr-off-c2,2303.18223v16.pdf,LayoutReadback,144,0.69104,0.016146999999999998
before-ocr-off-c2,2303.18223v16.pdf,LinkValidate,1,76.115517,76.115517
before-ocr-off-c2,2303.18223v16.pdf,ParseTotal,1,17236.518915,17236.518915
before-ocr-off-c2,2303.18223v16.pdf,PdfOpen,1,0.951492,0.951492
before-ocr-off-c2,2303.18223v16.pdf,PdfRender,144,2646.801766999999,87.429643
before-ocr-off-c2,2303.18223v16.pdf,PdfiumQueue,1,0.007679999999999999,0.007679999999999999
before-ocr-off-c2,2303.18223v16.pdf,TableExternal,1,8865.503428,8865.503428
before-ocr-off-c2,2303.18223v16.pdf,TableFill,1,1.351941,1.351941
before-ocr-off-c2,2303.18223v16.pdf,TableRules,24,41.959262,4.143312
before-ocr-off-c2,2303.18223v16.pdf,TextExtract,144,2501.8222220000002,29.157579
before-ocr-off-c2,2303.18223v16.pdf,TextFinish,288,6347.6377889999985,143.85109300000002
before-ocr-off-c2,2303.18223v16.pdf,TextPrepare,144,8.554908,0.176657
before-ocr-off-c2,2303.18223v16.pdf,TsrInference,5,6678.611637999999,6522.810575
before-ocr-off-c2,2303.18223v16.pdf,TsrPostprocess,5,0.219026,0.119628
before-ocr-off-c2,2303.18223v16.pdf,TsrPreprocess,5,6.997752,2.413097
before-ocr-off-c2,2303.18223v16.pdf,TsrQueue,5,2176.098331,2089.2142200000003
before-ocr-off-c2,2604.18583v1.pdf,DocumentContext,1,1.138369,1.138369
before-ocr-off-c2,2604.18583v1.pdf,LayoutInference,15,1013.6338270000001,71.218299
before-ocr-off-c2,2604.18583v1.pdf,LayoutPostprocess,15,0.26131,0.042719999999999994
before-ocr-off-c2,2604.18583v1.pdf,LayoutPreprocess,15,325.173072,31.614664
before-ocr-off-c2,2604.18583v1.pdf,LayoutQueue,15,2979.3325409999998,461.932563
before-ocr-off-c2,2604.18583v1.pdf,LayoutReadback,15,0.09769399999999999,0.029596
before-ocr-off-c2,2604.18583v1.pdf,LinkValidate,1,6.183678,6.183678
before-ocr-off-c2,2604.18583v1.pdf,ParseTotal,1,2441.296206,2441.296206
before-ocr-off-c2,2604.18583v1.pdf,PdfOpen,1,0.551354,0.551354
before-ocr-off-c2,2604.18583v1.pdf,PdfRender,15,1385.8354,495.801603
before-ocr-off-c2,2604.18583v1.pdf,PdfiumQueue,1,0.007498,0.007498
before-ocr-off-c2,2604.18583v1.pdf,TableRules,2,1.655894,1.112713
before-ocr-off-c2,2604.18583v1.pdf,TextExtract,15,227.739393,34.27449
before-ocr-off-c2,2604.18583v1.pdf,TextFinish,30,464.612712,175.24799299999998
before-ocr-off-c2,2604.18583v1.pdf,TextPrepare,15,0.806411,0.166414
before-ocr-off-c2,2604.21959v1.pdf,DocumentContext,1,0.223527,0.223527
before-ocr-off-c2,2604.21959v1.pdf,LayoutInference,3,215.00501199999997,73.556043
before-ocr-off-c2,2604.21959v1.pdf,LayoutPostprocess,3,0.062879,0.027228000000000002
before-ocr-off-c2,2604.21959v1.pdf,LayoutPreprocess,3,53.445845999999996,19.489864999999998
before-ocr-off-c2,2604.21959v1.pdf,LayoutQueue,3,903.972916,357.06116199999997
before-ocr-off-c2,2604.21959v1.pdf,LayoutReadback,3,0.023071,0.008914
before-ocr-off-c2,2604.21959v1.pdf,LinkValidate,1,0.635784,0.635784
before-ocr-off-c2,2604.21959v1.pdf,ParseTotal,1,517.618937,517.618937
before-ocr-off-c2,2604.21959v1.pdf,PdfOpen,1,0.265436,0.265436
before-ocr-off-c2,2604.21959v1.pdf,PdfRender,3,46.749141,17.092448
before-ocr-off-c2,2604.21959v1.pdf,PdfiumQueue,1,0.003948,0.003948
before-ocr-off-c2,2604.21959v1.pdf,TextExtract,3,19.105006,9.336272
before-ocr-off-c2,2604.21959v1.pdf,TextFinish,6,21.344324999999998,14.122859
before-ocr-off-c2,2604.21959v1.pdf,TextPrepare,3,0.064039,0.023289999999999998
before-ocr-off-c2,2604.18584v1.pdf,DocumentContext,1,1.600727,1.600727
before-ocr-off-c2,2604.18584v1.pdf,LayoutInference,32,2254.0977199999993,76.501065
before-ocr-off-c2,2604.18584v1.pdf,LayoutPostprocess,32,0.48038199999999986,0.042527
before-ocr-off-c2,2604.18584v1.pdf,LayoutPreprocess,32,618.442877,28.661405000000002
before-ocr-off-c2,2604.18584v1.pdf,LayoutQueue,32,9756.373871000002,481.89736500000004
before-ocr-off-c2,2604.18584v1.pdf,LayoutReadback,32,0.219647,0.027753
before-ocr-off-c2,2604.18584v1.pdf,LinkValidate,1,15.031519,15.031519
before-ocr-off-c2,2604.18584v1.pdf,ParseTotal,1,4231.4033899999995,4231.4033899999995
before-ocr-off-c2,2604.18584v1.pdf,PdfOpen,1,0.39808,0.39808
before-ocr-off-c2,2604.18584v1.pdf,PdfRender,32,573.166536,90.78011599999999
before-ocr-off-c2,2604.18584v1.pdf,PdfiumQueue,1,0.0068449999999999995,0.0068449999999999995
before-ocr-off-c2,2604.18584v1.pdf,TableExternal,2,2125.576327,1920.3392620000002
before-ocr-off-c2,2604.18584v1.pdf,TableFill,2,0.158024,0.12264399999999999
before-ocr-off-c2,2604.18584v1.pdf,TableRules,18,28.438802000000006,6.418969
before-ocr-off-c2,2604.18584v1.pdf,TextExtract,32,288.34516599999995,14.775163
before-ocr-off-c2,2604.18584v1.pdf,TextFinish,64,391.77923599999997,54.228685
before-ocr-off-c2,2604.18584v1.pdf,TextPrepare,32,1.020614,0.074407
before-ocr-off-c2,2604.18584v1.pdf,TsrInference,2,2121.935026,1917.499425
before-ocr-off-c2,2604.18584v1.pdf,TsrPostprocess,2,0.10458,0.093999
before-ocr-off-c2,2604.18584v1.pdf,TsrPreprocess,2,2.434033,2.124873
before-ocr-off-c2,2604.18584v1.pdf,TsrQueue,2,0.362688,0.18431599999999998
before-ocr-off-c2,2606.17056v1.pdf,DocumentContext,1,4.466004,4.466004
before-ocr-off-c2,2606.17056v1.pdf,LayoutInference,25,1699.1638489999998,73.183926
before-ocr-off-c2,2606.17056v1.pdf,LayoutPostprocess,25,0.39805699999999994,0.073213
before-ocr-off-c2,2606.17056v1.pdf,LayoutPreprocess,25,624.1460229999999,27.570098
before-ocr-off-c2,2606.17056v1.pdf,LayoutQueue,25,6417.542768,469.030008
before-ocr-off-c2,2606.17056v1.pdf,LayoutReadback,25,0.15991,0.014209999999999999
before-ocr-off-c2,2606.17056v1.pdf,LinkValidate,1,9.064751,9.064751
before-ocr-off-c2,2606.17056v1.pdf,ParseTotal,1,2772.1236390000004,2772.1236390000004
before-ocr-off-c2,2606.17056v1.pdf,PdfOpen,1,0.579522,0.579522
before-ocr-off-c2,2606.17056v1.pdf,PdfRender,25,470.52062900000004,27.82238
before-ocr-off-c2,2606.17056v1.pdf,PdfiumQueue,1,0.003529,0.003529
before-ocr-off-c2,2606.17056v1.pdf,TableRules,4,4.307355,1.7680960000000001
before-ocr-off-c2,2606.17056v1.pdf,TextExtract,25,282.5186419999999,16.874418
before-ocr-off-c2,2606.17056v1.pdf,TextFinish,50,290.43787,25.588762000000003
before-ocr-off-c2,2606.17056v1.pdf,TextPrepare,25,0.8323119999999999,0.065473
before-ocr-off-c2,2609.04180v1.pdf,DocumentContext,1,2.112074,2.112074
before-ocr-off-c2,2609.04180v1.pdf,LayoutInference,23,1532.922429,69.50674900000001
before-ocr-off-c2,2609.04180v1.pdf,LayoutPostprocess,23,0.41213900000000003,0.08195200000000001
before-ocr-off-c2,2609.04180v1.pdf,LayoutPreprocess,23,679.7750100000001,34.756127
before-ocr-off-c2,2609.04180v1.pdf,LayoutQueue,23,7132.941174,448.531971
before-ocr-off-c2,2609.04180v1.pdf,LayoutReadback,23,0.128246,0.008871
before-ocr-off-c2,2609.04180v1.pdf,LinkValidate,1,12.026524,12.026524
before-ocr-off-c2,2609.04180v1.pdf,ParseTotal,1,2971.5856320000003,2971.5856320000003
before-ocr-off-c2,2609.04180v1.pdf,PdfOpen,1,0.707429,0.707429
before-ocr-off-c2,2609.04180v1.pdf,PdfRender,23,615.3287329999998,59.955753
before-ocr-off-c2,2609.04180v1.pdf,PdfiumQueue,1,0.00287,0.00287
before-ocr-off-c2,2609.04180v1.pdf,TableRules,12,6.997985,1.351141
before-ocr-off-c2,2609.04180v1.pdf,TextExtract,23,428.92914200000007,36.875777
before-ocr-off-c2,2609.04180v1.pdf,TextFinish,46,490.3154179999999,41.413942
before-ocr-off-c2,2609.04180v1.pdf,TextPrepare,23,1.076639,0.07651400000000001
before-ocr-off-c2,2609.04184v1.pdf,DocumentContext,1,0.912242,0.912242
before-ocr-off-c2,2609.04184v1.pdf,LayoutInference,8,535.410306,69.503482
before-ocr-off-c2,2609.04184v1.pdf,LayoutPostprocess,8,0.143436,0.032309
before-ocr-off-c2,2609.04184v1.pdf,LayoutPreprocess,8,230.20109200000002,30.284543
before-ocr-off-c2,2609.04184v1.pdf,LayoutQueue,8,2916.462675,440.482974
before-ocr-off-c2,2609.04184v1.pdf,LayoutReadback,8,0.054840999999999994,0.00958
before-ocr-off-c2,2609.04184v1.pdf,LinkValidate,1,4.267044,4.267044
before-ocr-off-c2,2609.04184v1.pdf,ParseTotal,1,1803.6622100000002,1803.6622100000002
before-ocr-off-c2,2609.04184v1.pdf,PdfOpen,1,0.867805,0.867805
before-ocr-off-c2,2609.04184v1.pdf,PdfRender,8,291.272843,56.420728000000004
before-ocr-off-c2,2609.04184v1.pdf,PdfiumQueue,1,0.0046949999999999995,0.0046949999999999995
before-ocr-off-c2,2609.04184v1.pdf,TableExternal,1,576.779544,576.779544
before-ocr-off-c2,2609.04184v1.pdf,TableFill,1,1.021755,1.021755
before-ocr-off-c2,2609.04184v1.pdf,TableRules,7,2.961585,0.743904
before-ocr-off-c2,2609.04184v1.pdf,TextExtract,8,196.357234,35.294225
before-ocr-off-c2,2609.04184v1.pdf,TextFinish,16,338.24761499999994,88.31499199999999
before-ocr-off-c2,2609.04184v1.pdf,TextPrepare,8,0.52242,0.088367
before-ocr-off-c2,2609.04184v1.pdf,TsrInference,1,574.249158,574.249158
before-ocr-off-c2,2609.04184v1.pdf,TsrPostprocess,1,0.055404,0.055404
before-ocr-off-c2,2609.04184v1.pdf,TsrPreprocess,1,1.89852,1.89852
before-ocr-off-c2,2609.04184v1.pdf,TsrQueue,1,0.227355,0.227355
before-ocr-off-c2,2609.04203v1.pdf,DocumentContext,1,2.049708,2.049708
before-ocr-off-c2,2609.04203v1.pdf,LayoutInference,20,1320.8159030000002,70.649876
before-ocr-off-c2,2609.04203v1.pdf,LayoutPostprocess,20,0.301012,0.034711
before-ocr-off-c2,2609.04203v1.pdf,LayoutPreprocess,20,410.78064400000005,29.497049
before-ocr-off-c2,2609.04203v1.pdf,LayoutQueue,20,2657.706043,185.53676199999998
before-ocr-off-c2,2609.04203v1.pdf,LayoutReadback,20,0.16898400000000002,0.013927
before-ocr-off-c2,2609.04203v1.pdf,LinkValidate,1,11.287401000000001,11.287401000000001
before-ocr-off-c2,2609.04203v1.pdf,ParseTotal,1,2289.7242069999998,2289.7242069999998
before-ocr-off-c2,2609.04203v1.pdf,PdfOpen,1,0.643728,0.643728
before-ocr-off-c2,2609.04203v1.pdf,PdfRender,20,668.9914799999998,191.277601
before-ocr-off-c2,2609.04203v1.pdf,PdfiumQueue,1,0.004288,0.004288
before-ocr-off-c2,2609.04203v1.pdf,TableExternal,1,993.1152960000001,993.1152960000001
before-ocr-off-c2,2609.04203v1.pdf,TableFill,1,4.274597,4.274597
before-ocr-off-c2,2609.04203v1.pdf,TableRules,19,9.655133,1.302591
before-ocr-off-c2,2609.04203v1.pdf,TextExtract,20,549.276061,152.34985600000002
before-ocr-off-c2,2609.04203v1.pdf,TextFinish,40,568.300975,59.138549
before-ocr-off-c2,2609.04203v1.pdf,TextPrepare,20,0.961296,0.075448
before-ocr-off-c2,2609.04203v1.pdf,TsrInference,1,990.772119,990.772119
before-ocr-off-c2,2609.04203v1.pdf,TsrPostprocess,1,0.183153,0.183153
before-ocr-off-c2,2609.04203v1.pdf,TsrPreprocess,1,1.567536,1.567536
before-ocr-off-c2,2609.04203v1.pdf,TsrQueue,1,0.123337,0.123337
before-ocr-on-c2,2403.01632v4.pdf,DocumentContext,1,2.742334,2.742334
before-ocr-on-c2,2403.01632v4.pdf,LayoutInference,47,4511.2550470000015,198.92209599999998
before-ocr-on-c2,2403.01632v4.pdf,LayoutPostprocess,47,0.9417799999999998,0.13759
before-ocr-on-c2,2403.01632v4.pdf,LayoutPreprocess,47,886.4405760000001,27.451776000000002
before-ocr-on-c2,2403.01632v4.pdf,LayoutQueue,47,8832.001554,445.352292
before-ocr-on-c2,2403.01632v4.pdf,LayoutReadback,47,0.193638,0.008684
before-ocr-on-c2,2403.01632v4.pdf,LinkValidate,1,12.610785,12.610785
before-ocr-on-c2,2403.01632v4.pdf,Ocr,13,81957.292015,11316.057719
before-ocr-on-c2,2403.01632v4.pdf,OcrDecode,417,1.614403,0.097042
before-ocr-on-c2,2403.01632v4.pdf,OcrDetectionInference,13,2228.50457,213.589468
before-ocr-on-c2,2403.01632v4.pdf,OcrDetectionPostprocess,13,131.67961300000002,17.671778
before-ocr-on-c2,2403.01632v4.pdf,OcrDetectionPreprocess,13,608.7020600000001,56.237138
before-ocr-on-c2,2403.01632v4.pdf,OcrOrientationInference,197,3661.0492230000013,394.588886
before-ocr-on-c2,2403.01632v4.pdf,OcrQueue,420,60708.66803099999,7787.7776619999995
before-ocr-on-c2,2403.01632v4.pdf,OcrReadback,407,1106.222469,31.505395999999998
before-ocr-on-c2,2403.01632v4.pdf,OcrRecognitionInference,197,13003.098135000006,541.956612
before-ocr-on-c2,2403.01632v4.pdf,OcrRecognitionPreprocess,394,377.4004189999999,5.022212
before-ocr-on-c2,2403.01632v4.pdf,ParseTotal,1,23309.224616000003,23309.224616000003
before-ocr-on-c2,2403.01632v4.pdf,PdfOpen,1,0.472713,0.472713
before-ocr-on-c2,2403.01632v4.pdf,PdfRender,47,788.6393379999998,55.790212
before-ocr-on-c2,2403.01632v4.pdf,PdfiumQueue,1,0.000376,0.000376
before-ocr-on-c2,2403.01632v4.pdf,TableRules,7,3.8761959999999998,1.0671929999999998
before-ocr-on-c2,2403.01632v4.pdf,TextExtract,47,492.623954,14.36901
before-ocr-on-c2,2403.01632v4.pdf,TextFinish,94,629.5866349999999,26.907563999999997
before-ocr-on-c2,2403.01632v4.pdf,TextPrepare,47,2.9042030000000003,0.14677
before-ocr-on-c2,2303.18223v16.pdf,DocumentContext,1,16.263514999999998,16.263514999999998
before-ocr-on-c2,2303.18223v16.pdf,LayoutInference,144,11942.239618000001,198.171286
before-ocr-on-c2,2303.18223v16.pdf,LayoutPostprocess,144,2.0324430000000007,0.053877
before-ocr-on-c2,2303.18223v16.pdf,LayoutPreprocess,144,2875.256769999999,28.774968
before-ocr-on-c2,2303.18223v16.pdf,LayoutQueue,144,21826.68905199999,502.728258
before-ocr-on-c2,2303.18223v16.pdf,LayoutReadback,144,0.5806399999999999,0.010069
before-ocr-on-c2,2303.18223v16.pdf,LinkValidate,1,67.23088200000001,67.23088200000001
before-ocr-on-c2,2303.18223v16.pdf,Ocr,16,123378.899678,13798.617653000001
before-ocr-on-c2,2303.18223v16.pdf,OcrDecode,717,2.004542999999997,0.148981
before-ocr-on-c2,2303.18223v16.pdf,OcrDetectionInference,16,2373.837699,195.529639
before-ocr-on-c2,2303.18223v16.pdf,OcrDetectionPostprocess,16,269.3533,21.07762
before-ocr-on-c2,2303.18223v16.pdf,OcrDetectionPreprocess,16,692.8077519999999,46.934148
before-ocr-on-c2,2303.18223v16.pdf,OcrOrientationInference,202,5270.480885000001,283.68789100000004
before-ocr-on-c2,2303.18223v16.pdf,OcrQueue,436,98556.07791100001,11503.803187000001
before-ocr-on-c2,2303.18223v16.pdf,OcrReadback,420,1258.0073720000005,31.685044
before-ocr-on-c2,2303.18223v16.pdf,OcrRecognitionInference,202,14437.848868000003,655.580012
before-ocr-on-c2,2303.18223v16.pdf,OcrRecognitionPreprocess,404,380.9782580000002,5.722149
before-ocr-on-c2,2303.18223v16.pdf,ParseTotal,1,41024.829137,41024.829137
before-ocr-on-c2,2303.18223v16.pdf,PdfOpen,1,0.674698,0.674698
before-ocr-on-c2,2303.18223v16.pdf,PdfRender,144,2302.292050000001,94.813604
before-ocr-on-c2,2303.18223v16.pdf,PdfiumQueue,1,0.0031999999999999997,0.0031999999999999997
before-ocr-on-c2,2303.18223v16.pdf,TableExternal,1,1007.0522950000001,1007.0522950000001
before-ocr-on-c2,2303.18223v16.pdf,TableFill,1,1.6692989999999999,1.6692989999999999
before-ocr-on-c2,2303.18223v16.pdf,TableRules,24,34.326771,4.057863
before-ocr-on-c2,2303.18223v16.pdf,TextExtract,144,2658.100550999999,29.11983
before-ocr-on-c2,2303.18223v16.pdf,TextFinish,288,5723.9740999999985,124.768562
before-ocr-on-c2,2303.18223v16.pdf,TextPrepare,144,16.100612999999996,0.26132500000000003
before-ocr-on-c2,2303.18223v16.pdf,TsrInference,5,997.100003,790.106584
before-ocr-on-c2,2303.18223v16.pdf,TsrPostprocess,5,0.28521199999999997,0.109375
before-ocr-on-c2,2303.18223v16.pdf,TsrPreprocess,5,5.022753,1.752517
before-ocr-on-c2,2303.18223v16.pdf,TsrQueue,5,0.793581,0.183938
before-ocr-on-c2,2410.05779v3.pdf,DocumentContext,1,0.668548,0.668548
before-ocr-on-c2,2410.05779v3.pdf,LayoutInference,16,1207.8201549999999,86.193901
before-ocr-on-c2,2410.05779v3.pdf,LayoutPostprocess,16,0.175514,0.022968000000000002
before-ocr-on-c2,2410.05779v3.pdf,LayoutPreprocess,16,310.743267,27.300483
before-ocr-on-c2,2410.05779v3.pdf,LayoutQueue,16,4535.568698,516.636726
before-ocr-on-c2,2410.05779v3.pdf,LayoutReadback,16,0.09597900000000002,0.019936
before-ocr-on-c2,2410.05779v3.pdf,LinkValidate,1,4.316879,4.316879
before-ocr-on-c2,2410.05779v3.pdf,Ocr,5,56400.414921999996,14238.349387
before-ocr-on-c2,2410.05779v3.pdf,OcrDecode,291,1.6537220000000008,0.137791
before-ocr-on-c2,2410.05779v3.pdf,OcrDetectionInference,5,698.659133,207.966412
before-ocr-on-c2,2410.05779v3.pdf,OcrDetectionPostprocess,5,54.25103300000001,15.242245
before-ocr-on-c2,2410.05779v3.pdf,OcrDetectionPreprocess,5,231.257066,48.172885
before-ocr-on-c2,2410.05779v3.pdf,OcrOrientationInference,182,1953.8519889999995,241.20132
before-ocr-on-c2,2410.05779v3.pdf,OcrQueue,374,42453.35929999999,9741.986875
before-ocr-on-c2,2410.05779v3.pdf,OcrReadback,369,1524.612180999999,55.960245
before-ocr-on-c2,2410.05779v3.pdf,OcrRecognitionInference,182,8932.836439999995,535.584615
before-ocr-on-c2,2410.05779v3.pdf,OcrRecognitionPreprocess,364,434.9392510000001,12.248398
before-ocr-on-c2,2410.05779v3.pdf,ParseTotal,1,20488.272585000002,20488.272585000002
before-ocr-on-c2,2410.05779v3.pdf,PdfOpen,1,0.14153700000000002,0.14153700000000002
before-ocr-on-c2,2410.05779v3.pdf,PdfRender,16,310.57378300000005,44.819474
before-ocr-on-c2,2410.05779v3.pdf,PdfiumQueue,1,0.003829,0.003829
before-ocr-on-c2,2410.05779v3.pdf,TableRules,6,10.410469,3.3382099999999997
before-ocr-on-c2,2410.05779v3.pdf,TextExtract,16,180.08902400000002,20.519164999999997
before-ocr-on-c2,2410.05779v3.pdf,TextFinish,32,177.881957,26.625735000000002
before-ocr-on-c2,2410.05779v3.pdf,TextPrepare,16,1.073203,0.176903
before-ocr-on-c2,2412.05210v1.pdf,DocumentContext,1,30.379331,30.379331
before-ocr-on-c2,2412.05210v1.pdf,LayoutInference,12,1057.382552,156.637429
before-ocr-on-c2,2412.05210v1.pdf,LayoutPostprocess,12,0.212185,0.06541999999999999
before-ocr-on-c2,2412.05210v1.pdf,LayoutPreprocess,12,258.144729,26.893885
before-ocr-on-c2,2412.05210v1.pdf,LayoutQueue,12,1620.4049390000002,245.54812900000002
before-ocr-on-c2,2412.05210v1.pdf,LayoutReadback,12,0.156852,0.018941
before-ocr-on-c2,2412.05210v1.pdf,LinkValidate,1,7.565942,7.565942
before-ocr-on-c2,2412.05210v1.pdf,Ocr,6,41614.79992399999,13786.11139
before-ocr-on-c2,2412.05210v1.pdf,OcrDecode,439,1.698078000000001,0.10081799999999999
before-ocr-on-c2,2412.05210v1.pdf,OcrDetectionInference,6,1341.2480030000002,667.8040050000001
before-ocr-on-c2,2412.05210v1.pdf,OcrDetectionPostprocess,6,94.57387700000001,19.557788
before-ocr-on-c2,2412.05210v1.pdf,OcrDetectionPreprocess,6,292.758045,55.092979
before-ocr-on-c2,2412.05210v1.pdf,OcrOrientationInference,166,2471.3729549999985,222.483246
before-ocr-on-c2,2412.05210v1.pdf,OcrQueue,344,27055.673684999994,5903.312779
before-ocr-on-c2,2412.05210v1.pdf,OcrReadback,338,1025.767779,25.552028
before-ocr-on-c2,2412.05210v1.pdf,OcrRecognitionInference,166,8911.469121000002,454.99942999999996
before-ocr-on-c2,2412.05210v1.pdf,OcrRecognitionPreprocess,332,310.74589000000003,7.353516
before-ocr-on-c2,2412.05210v1.pdf,ParseTotal,1,17900.6448,17900.6448
before-ocr-on-c2,2412.05210v1.pdf,PdfOpen,1,0.558047,0.558047
before-ocr-on-c2,2412.05210v1.pdf,PdfRender,12,340.236594,72.140045
before-ocr-on-c2,2412.05210v1.pdf,PdfiumQueue,1,0.007126,0.007126
before-ocr-on-c2,2412.05210v1.pdf,TableRules,4,18.184869999999997,9.443781999999999
before-ocr-on-c2,2412.05210v1.pdf,TextExtract,12,208.349308,26.778478
before-ocr-on-c2,2412.05210v1.pdf,TextFinish,24,506.41221399999995,239.253136
before-ocr-on-c2,2412.05210v1.pdf,TextPrepare,12,1.387347,0.275114
before-ocr-on-c2,2603.01919v2.pdf,DocumentContext,1,1.741199,1.741199
before-ocr-on-c2,2603.01919v2.pdf,LayoutInference,23,2107.1453570000003,197.08130400000002
before-ocr-on-c2,2603.01919v2.pdf,LayoutPostprocess,23,0.31419199999999997,0.029516
before-ocr-on-c2,2603.01919v2.pdf,LayoutPreprocess,23,498.7290080000001,28.140905
before-ocr-on-c2,2603.01919v2.pdf,LayoutQueue,23,3471.564713,235.22633000000002
before-ocr-on-c2,2603.01919v2.pdf,LayoutReadback,23,0.1961,0.020512
before-ocr-on-c2,2603.01919v2.pdf,LinkValidate,1,12.235879,12.235879
before-ocr-on-c2,2603.01919v2.pdf,Ocr,10,69512.011995,11561.461064
before-ocr-on-c2,2603.01919v2.pdf,OcrDecode,1101,2.7269289999999993,0.140435
before-ocr-on-c2,2603.01919v2.pdf,OcrDetectionInference,10,1346.384892,188.72770599999998
before-ocr-on-c2,2603.01919v2.pdf,OcrDetectionPostprocess,10,125.73444500000002,16.834474
before-ocr-on-c2,2603.01919v2.pdf,OcrDetectionPreprocess,10,507.109559,70.51144
before-ocr-on-c2,2603.01919v2.pdf,OcrOrientationInference,193,3237.6688199999985,178.343079
before-ocr-on-c2,2603.01919v2.pdf,OcrQueue,406,52393.21058099995,7929.837493
before-ocr-on-c2,2603.01919v2.pdf,OcrReadback,396,1835.0428030000012,26.399262
before-ocr-on-c2,2603.01919v2.pdf,OcrRecognitionInference,193,9462.173012999998,399.41334
before-ocr-on-c2,2603.01919v2.pdf,OcrRecognitionPreprocess,386,472.9814880000001,6.868873
before-ocr-on-c2,2603.01919v2.pdf,ParseTotal,1,21862.723848999998,21862.723848999998
before-ocr-on-c2,2603.01919v2.pdf,PdfOpen,1,0.811431,0.811431
before-ocr-on-c2,2603.01919v2.pdf,PdfRender,23,751.083707,120.925869
before-ocr-on-c2,2603.01919v2.pdf,PdfiumQueue,1,0.003066,0.003066
before-ocr-on-c2,2603.01919v2.pdf,TableExternal,1,593.6227429999999,593.6227429999999
before-ocr-on-c2,2603.01919v2.pdf,TableFill,1,0.261901,0.261901
before-ocr-on-c2,2603.01919v2.pdf,TableRules,18,26.362644,5.7742059999999995
before-ocr-on-c2,2603.01919v2.pdf,TextExtract,23,442.64691000000005,51.837668
before-ocr-on-c2,2603.01919v2.pdf,TextFinish,46,549.037557,83.75379
before-ocr-on-c2,2603.01919v2.pdf,TextPrepare,23,1.9460920000000002,0.171404
before-ocr-on-c2,2603.01919v2.pdf,TsrInference,3,588.387432,434.765569
before-ocr-on-c2,2603.01919v2.pdf,TsrPostprocess,3,0.26880000000000004,0.121898
before-ocr-on-c2,2603.01919v2.pdf,TsrPreprocess,3,3.4711760000000003,1.433734
before-ocr-on-c2,2603.01919v2.pdf,TsrQueue,3,0.482469,0.207507
before-ocr-on-c2,2604.18583v1.pdf,DocumentContext,1,1.4036520000000001,1.4036520000000001
before-ocr-on-c2,2604.18583v1.pdf,LayoutInference,15,1444.943537,230.47415199999998
before-ocr-on-c2,2604.18583v1.pdf,LayoutPostprocess,15,0.31797200000000003,0.052712
before-ocr-on-c2,2604.18583v1.pdf,LayoutPreprocess,15,301.838071,22.994207
before-ocr-on-c2,2604.18583v1.pdf,LayoutQueue,15,536.2935620000001,199.752013
before-ocr-on-c2,2604.18583v1.pdf,LayoutReadback,15,0.096812,0.012683
before-ocr-on-c2,2604.18583v1.pdf,LinkValidate,1,8.323027999999999,8.323027999999999
before-ocr-on-c2,2604.18583v1.pdf,Ocr,8,36071.092279000004,6756.708458
before-ocr-on-c2,2604.18583v1.pdf,OcrDecode,100,0.311701,0.118657
before-ocr-on-c2,2604.18583v1.pdf,OcrDetectionInference,8,1289.2463659999999,194.454662
before-ocr-on-c2,2604.18583v1.pdf,OcrDetectionPostprocess,8,113.66805099999999,23.964767000000002
before-ocr-on-c2,2604.18583v1.pdf,OcrDetectionPreprocess,8,387.47438900000003,54.586189
before-ocr-on-c2,2604.18583v1.pdf,OcrOrientationInference,30,1313.9494890000003,330.777959
before-ocr-on-c2,2604.18583v1.pdf,OcrQueue,76,30027.413112000002,5714.4017380000005
before-ocr-on-c2,2604.18583v1.pdf,OcrReadback,68,204.74695699999998,25.120438
before-ocr-on-c2,2604.18583v1.pdf,OcrRecognitionInference,30,2649.0587399999995,551.435401
before-ocr-on-c2,2604.18583v1.pdf,OcrRecognitionPreprocess,60,61.301245,4.222629
before-ocr-on-c2,2604.18583v1.pdf,ParseTotal,1,12459.642655,12459.642655
before-ocr-on-c2,2604.18583v1.pdf,PdfOpen,1,0.242885,0.242885
before-ocr-on-c2,2604.18583v1.pdf,PdfRender,15,1619.0508700000003,540.869162
before-ocr-on-c2,2604.18583v1.pdf,PdfiumQueue,1,0.0038569999999999998,0.0038569999999999998
before-ocr-on-c2,2604.18583v1.pdf,TableRules,2,1.88612,1.190125
before-ocr-on-c2,2604.18583v1.pdf,TextExtract,15,233.163054,32.754446
before-ocr-on-c2,2604.18583v1.pdf,TextFinish,30,528.1850119999999,199.066463
before-ocr-on-c2,2604.18583v1.pdf,TextPrepare,15,1.5168770000000003,0.244461
before-ocr-on-c2,2604.21959v1.pdf,DocumentContext,1,0.17417,0.17417
before-ocr-on-c2,2604.21959v1.pdf,LayoutInference,3,257.541973,111.753033
before-ocr-on-c2,2604.21959v1.pdf,LayoutPostprocess,3,0.047981,0.023909
before-ocr-on-c2,2604.21959v1.pdf,LayoutPreprocess,3,64.165652,22.868275
before-ocr-on-c2,2604.21959v1.pdf,LayoutQueue,3,261.646769,159.509711
before-ocr-on-c2,2604.21959v1.pdf,LayoutReadback,3,0.025835999999999998,0.010029
before-ocr-on-c2,2604.21959v1.pdf,LinkValidate,1,0.860358,0.860358
before-ocr-on-c2,2604.21959v1.pdf,Ocr,2,8551.165718,5559.783811
before-ocr-on-c2,2604.21959v1.pdf,OcrDecode,87,0.37862400000000007,0.126224
before-ocr-on-c2,2604.21959v1.pdf,OcrDetectionInference,2,326.658359,207.065482
before-ocr-on-c2,2604.21959v1.pdf,OcrDetectionPostprocess,2,19.742075,11.403646
before-ocr-on-c2,2604.21959v1.pdf,OcrDetectionPreprocess,2,89.315337,45.690713
before-ocr-on-c2,2604.21959v1.pdf,OcrOrientationInference,27,330.38909500000005,37.007000999999995
before-ocr-on-c2,2604.21959v1.pdf,OcrQueue,58,6162.0021659999975,2920.020903
before-ocr-on-c2,2604.21959v1.pdf,OcrReadback,56,284.055953,27.312849
before-ocr-on-c2,2604.21959v1.pdf,OcrRecognitionInference,27,1238.6755759999999,133.909884
before-ocr-on-c2,2604.21959v1.pdf,OcrRecognitionPreprocess,54,80.942859,5.353301
before-ocr-on-c2,2604.21959v1.pdf,ParseTotal,1,5883.110566,5883.110566
before-ocr-on-c2,2604.21959v1.pdf,PdfOpen,1,0.434384,0.434384
before-ocr-on-c2,2604.21959v1.pdf,PdfRender,3,41.033789,14.016451
before-ocr-on-c2,2604.21959v1.pdf,PdfiumQueue,1,0.003936,0.003936
before-ocr-on-c2,2604.21959v1.pdf,TextExtract,3,21.60819,10.703273
before-ocr-on-c2,2604.21959v1.pdf,TextFinish,6,22.672265999999997,11.471578
before-ocr-on-c2,2604.21959v1.pdf,TextPrepare,3,0.18286200000000002,0.091557
before-ocr-on-c2,2604.18584v1.pdf,DocumentContext,1,2.140329,2.140329
before-ocr-on-c2,2604.18584v1.pdf,LayoutInference,32,3113.3041100000005,198.088023
before-ocr-on-c2,2604.18584v1.pdf,LayoutPostprocess,32,0.4073709999999999,0.041892
before-ocr-on-c2,2604.18584v1.pdf,LayoutPreprocess,32,690.3696970000001,37.67548
before-ocr-on-c2,2604.18584v1.pdf,LayoutQueue,32,4554.078911,324.47088
before-ocr-on-c2,2604.18584v1.pdf,LayoutReadback,32,0.205646,0.014452
before-ocr-on-c2,2604.18584v1.pdf,LinkValidate,1,10.782049,10.782049
before-ocr-on-c2,2604.18584v1.pdf,Ocr,13,85840.88015900001,20238.528574
before-ocr-on-c2,2604.18584v1.pdf,OcrDecode,882,3.4671069999999964,0.120735
before-ocr-on-c2,2604.18584v1.pdf,OcrDetectionInference,13,1995.024337,204.664688
before-ocr-on-c2,2604.18584v1.pdf,OcrDetectionPostprocess,13,144.84678999999997,25.269823
before-ocr-on-c2,2604.18584v1.pdf,OcrDetectionPreprocess,13,635.556913,60.275847
before-ocr-on-c2,2604.18584v1.pdf,OcrOrientationInference,380,5177.804577000001,322.50914200000005
before-ocr-on-c2,2604.18584v1.pdf,OcrQueue,786,56767.75705400001,8639.482452999999
before-ocr-on-c2,2604.18584v1.pdf,OcrReadback,773,2450.8531989999983,36.287763
before-ocr-on-c2,2604.18584v1.pdf,OcrRecognitionInference,380,17693.638930999994,404.412988
before-ocr-on-c2,2604.18584v1.pdf,OcrRecognitionPreprocess,760,721.7619690000001,9.806428
before-ocr-on-c2,2604.18584v1.pdf,ParseTotal,1,30474.657626,30474.657626
before-ocr-on-c2,2604.18584v1.pdf,PdfOpen,1,0.58047,0.58047
before-ocr-on-c2,2604.18584v1.pdf,PdfRender,32,638.1132439999999,98.519814
before-ocr-on-c2,2604.18584v1.pdf,PdfiumQueue,1,0.004454,0.004454
before-ocr-on-c2,2604.18584v1.pdf,TableExternal,2,1036.862962,739.509181
before-ocr-on-c2,2604.18584v1.pdf,TableFill,2,0.15879500000000002,0.13373700000000002
before-ocr-on-c2,2604.18584v1.pdf,TableRules,18,34.441540999999994,8.406065
before-ocr-on-c2,2604.18584v1.pdf,TextExtract,32,303.954226,16.804151
before-ocr-on-c2,2604.18584v1.pdf,TextFinish,64,469.30116200000003,52.575163
before-ocr-on-c2,2604.18584v1.pdf,TextPrepare,32,1.918136,0.15639199999999998
before-ocr-on-c2,2604.18584v1.pdf,TsrInference,2,1032.253567,735.987433
before-ocr-on-c2,2604.18584v1.pdf,TsrPostprocess,2,0.071105,0.055853
before-ocr-on-c2,2604.18584v1.pdf,TsrPreprocess,2,3.695271,3.071781
before-ocr-on-c2,2604.18584v1.pdf,TsrQueue,2,0.384125,0.21424
before-ocr-on-c2,2606.17056v1.pdf,DocumentContext,1,4.311103,4.311103
before-ocr-on-c2,2606.17056v1.pdf,LayoutInference,25,2835.7903659999997,292.579649
before-ocr-on-c2,2606.17056v1.pdf,LayoutPostprocess,25,0.307006,0.024732999999999998
before-ocr-on-c2,2606.17056v1.pdf,LayoutPreprocess,25,498.55603099999996,22.620457000000002
before-ocr-on-c2,2606.17056v1.pdf,LayoutQueue,25,2770.3992920000005,288.265777
before-ocr-on-c2,2606.17056v1.pdf,LayoutReadback,25,0.18535399999999996,0.019173000000000003
before-ocr-on-c2,2606.17056v1.pdf,LinkValidate,1,5.993023,5.993023
before-ocr-on-c2,2606.17056v1.pdf,Ocr,15,94231.33275099998,10408.405725999999
before-ocr-on-c2,2606.17056v1.pdf,OcrDecode,831,2.0420879999999992,0.115219
before-ocr-on-c2,2606.17056v1.pdf,OcrDetectionInference,15,2329.1611770000004,231.293271
before-ocr-on-c2,2606.17056v1.pdf,OcrDetectionPostprocess,15,159.42109600000003,15.405953
before-ocr-on-c2,2606.17056v1.pdf,OcrDetectionPreprocess,15,699.0361520000001,52.771482
before-ocr-on-c2,2606.17056v1.pdf,OcrOrientationInference,163,3373.261392,217.371844
before-ocr-on-c2,2606.17056v1.pdf,OcrQueue,356,77676.27625600008,8066.230119
before-ocr-on-c2,2606.17056v1.pdf,OcrReadback,341,1471.6736719999997,32.551334000000004
before-ocr-on-c2,2606.17056v1.pdf,OcrRecognitionInference,163,7998.174509000002,527.3282459999999
before-ocr-on-c2,2606.17056v1.pdf,OcrRecognitionPreprocess,326,406.5235240000001,6.788695
before-ocr-on-c2,2606.17056v1.pdf,ParseTotal,1,25858.062005,25858.062005
before-ocr-on-c2,2606.17056v1.pdf,PdfOpen,1,0.434381,0.434381
before-ocr-on-c2,2606.17056v1.pdf,PdfRender,25,382.85295999999994,22.619875
before-ocr-on-c2,2606.17056v1.pdf,PdfiumQueue,1,0.004504,0.004504
before-ocr-on-c2,2606.17056v1.pdf,TableRules,4,3.75536,1.429511
before-ocr-on-c2,2606.17056v1.pdf,TextExtract,25,272.657417,17.506681
before-ocr-on-c2,2606.17056v1.pdf,TextFinish,50,228.39197299999998,19.350976999999997
before-ocr-on-c2,2606.17056v1.pdf,TextPrepare,25,1.4364999999999999,0.086537
before-ocr-on-c2,2609.04180v1.pdf,DocumentContext,1,2.197585,2.197585
before-ocr-on-c2,2609.04180v1.pdf,LayoutInference,23,2591.5675080000005,202.008727
before-ocr-on-c2,2609.04180v1.pdf,LayoutPostprocess,23,0.23322899999999996,0.018424
before-ocr-on-c2,2609.04180v1.pdf,LayoutPreprocess,23,490.62122100000005,26.194814
before-ocr-on-c2,2609.04180v1.pdf,LayoutQueue,23,4341.673877,347.064326
before-ocr-on-c2,2609.04180v1.pdf,LayoutReadback,23,0.13157499999999997,0.010059
before-ocr-on-c2,2609.04180v1.pdf,LinkValidate,1,8.895554,8.895554
before-ocr-on-c2,2609.04180v1.pdf,Ocr,9,51634.346888,9829.353256999999
before-ocr-on-c2,2609.04180v1.pdf,OcrDecode,755,1.9434030000000009,0.133809
before-ocr-on-c2,2609.04180v1.pdf,OcrDetectionInference,9,1452.9387390000002,198.700471
before-ocr-on-c2,2609.04180v1.pdf,OcrDetectionPostprocess,9,105.279206,16.269647000000003
before-ocr-on-c2,2609.04180v1.pdf,OcrDetectionPreprocess,9,432.00608700000004,53.419505
before-ocr-on-c2,2609.04180v1.pdf,OcrOrientationInference,134,2537.143150999999,276.08058600000004
before-ocr-on-c2,2609.04180v1.pdf,OcrQueue,286,37961.304599999974,8040.823539
before-ocr-on-c2,2609.04180v1.pdf,OcrReadback,277,1437.1801799999994,43.80727
before-ocr-on-c2,2609.04180v1.pdf,OcrRecognitionInference,134,7259.502284999996,512.855856
before-ocr-on-c2,2609.04180v1.pdf,OcrRecognitionPreprocess,268,354.1250509999999,7.315483
before-ocr-on-c2,2609.04180v1.pdf,ParseTotal,1,18075.675343,18075.675343
before-ocr-on-c2,2609.04180v1.pdf,PdfOpen,1,0.592086,0.592086
before-ocr-on-c2,2609.04180v1.pdf,PdfRender,23,460.8210640000001,45.699481999999996
before-ocr-on-c2,2609.04180v1.pdf,PdfiumQueue,1,0.003767,0.003767
before-ocr-on-c2,2609.04180v1.pdf,TableRules,12,6.622646,1.3193549999999998
before-ocr-on-c2,2609.04180v1.pdf,TextExtract,23,307.519694,25.678055
before-ocr-on-c2,2609.04180v1.pdf,TextFinish,46,376.79458400000004,28.285155
before-ocr-on-c2,2609.04180v1.pdf,TextPrepare,23,1.6963409999999999,0.10987000000000001
before-ocr-on-c2,2609.04184v1.pdf,DocumentContext,1,0.7516050000000001,0.7516050000000001
before-ocr-on-c2,2609.04184v1.pdf,LayoutInference,8,596.9928349999999,79.40105
before-ocr-on-c2,2609.04184v1.pdf,LayoutPostprocess,8,0.11235300000000001,0.024886
before-ocr-on-c2,2609.04184v1.pdf,LayoutPreprocess,8,173.287496,27.399782000000002
before-ocr-on-c2,2609.04184v1.pdf,LayoutQueue,8,1092.080908,215.274013
before-ocr-on-c2,2609.04184v1.pdf,LayoutReadback,8,0.067804,0.015780000000000002
before-ocr-on-c2,2609.04184v1.pdf,LinkValidate,1,3.536314,3.536314
before-ocr-on-c2,2609.04184v1.pdf,Ocr,5,37255.20924,10139.373739
before-ocr-on-c2,2609.04184v1.pdf,OcrDecode,239,0.6918509999999998,0.06718600000000001
before-ocr-on-c2,2609.04184v1.pdf,OcrDetectionInference,5,684.05786,172.824761
before-ocr-on-c2,2609.04184v1.pdf,OcrDetectionPostprocess,5,74.305956,17.747538
before-ocr-on-c2,2609.04184v1.pdf,OcrDetectionPreprocess,5,247.93579,55.726035
before-ocr-on-c2,2609.04184v1.pdf,OcrOrientationInference,68,920.400463,116.886406
before-ocr-on-c2,2609.04184v1.pdf,OcrQueue,146,32073.829016999985,7612.1165550000005
before-ocr-on-c2,2609.04184v1.pdf,OcrReadback,141,419.7481930000002,27.364054
before-ocr-on-c2,2609.04184v1.pdf,OcrRecognitionInference,68,2672.5507489999995,154.778996
before-ocr-on-c2,2609.04184v1.pdf,OcrRecognitionPreprocess,136,116.426117,4.883158
before-ocr-on-c2,2609.04184v1.pdf,ParseTotal,1,11269.567133,11269.567133
before-ocr-on-c2,2609.04184v1.pdf,PdfOpen,1,1.002849,1.002849
before-ocr-on-c2,2609.04184v1.pdf,PdfRender,8,191.36326300000002,34.86778
before-ocr-on-c2,2609.04184v1.pdf,PdfiumQueue,1,0.00418,0.00418
before-ocr-on-c2,2609.04184v1.pdf,TableExternal,1,199.09757,199.09757
before-ocr-on-c2,2609.04184v1.pdf,TableFill,1,0.6785019999999999,0.6785019999999999
before-ocr-on-c2,2609.04184v1.pdf,TableRules,7,3.044142,1.060997
before-ocr-on-c2,2609.04184v1.pdf,TextExtract,8,141.044895,23.574789
before-ocr-on-c2,2609.04184v1.pdf,TextFinish,16,247.82142799999997,62.943157
before-ocr-on-c2,2609.04184v1.pdf,TextPrepare,8,0.914976,0.14299399999999998
before-ocr-on-c2,2609.04184v1.pdf,TsrInference,1,196.057403,196.057403
before-ocr-on-c2,2609.04184v1.pdf,TsrPostprocess,1,0.046279,0.046279
before-ocr-on-c2,2609.04184v1.pdf,TsrPreprocess,1,2.405286,2.405286
before-ocr-on-c2,2609.04184v1.pdf,TsrQueue,1,0.211254,0.211254
before-ocr-on-c2,2609.04203v1.pdf,DocumentContext,1,1.742877,1.742877
before-ocr-on-c2,2609.04203v1.pdf,LayoutInference,20,2289.4225879999995,271.700908
before-ocr-on-c2,2609.04203v1.pdf,LayoutPostprocess,20,0.351655,0.043152
before-ocr-on-c2,2609.04203v1.pdf,LayoutPreprocess,20,426.13917899999996,26.522337
before-ocr-on-c2,2609.04203v1.pdf,LayoutQueue,20,3101.340464,417.12431399999997
before-ocr-on-c2,2609.04203v1.pdf,LayoutReadback,20,0.146367,0.013356
before-ocr-on-c2,2609.04203v1.pdf,LinkValidate,1,10.010297,10.010297
before-ocr-on-c2,2609.04203v1.pdf,Ocr,9,16165.990037000001,3119.3909519999997
before-ocr-on-c2,2609.04203v1.pdf,OcrDecode,287,0.6574720000000005,0.099827
before-ocr-on-c2,2609.04203v1.pdf,OcrDetectionInference,9,1325.790642,192.31410400000001
before-ocr-on-c2,2609.04203v1.pdf,OcrDetectionPostprocess,9,141.988284,18.249476
before-ocr-on-c2,2609.04203v1.pdf,OcrDetectionPreprocess,9,442.87096,56.900293
before-ocr-on-c2,2609.04203v1.pdf,OcrOrientationInference,56,1460.9591900000003,333.111807
before-ocr-on-c2,2609.04203v1.pdf,OcrQueue,130,8706.432870999997,1428.6345000000001
before-ocr-on-c2,2609.04203v1.pdf,OcrReadback,121,478.12357900000006,27.164639
before-ocr-on-c2,2609.04203v1.pdf,OcrRecognitionInference,56,3435.0235000000002,396.169973
before-ocr-on-c2,2609.04203v1.pdf,OcrRecognitionPreprocess,112,134.36192399999993,6.512389000000001
before-ocr-on-c2,2609.04203v1.pdf,ParseTotal,1,5913.0412129999995,5913.0412129999995
before-ocr-on-c2,2609.04203v1.pdf,PdfOpen,1,0.639468,0.639468
before-ocr-on-c2,2609.04203v1.pdf,PdfRender,20,753.030339,205.02404199999998
before-ocr-on-c2,2609.04203v1.pdf,PdfiumQueue,1,0.0035470000000000002,0.0035470000000000002
before-ocr-on-c2,2609.04203v1.pdf,TableExternal,1,445.81910400000004,445.81910400000004
before-ocr-on-c2,2609.04203v1.pdf,TableFill,1,5.601761000000001,5.601761000000001
before-ocr-on-c2,2609.04203v1.pdf,TableRules,19,10.261009999999999,1.150412
before-ocr-on-c2,2609.04203v1.pdf,TextExtract,20,476.083935,111.492699
before-ocr-on-c2,2609.04203v1.pdf,TextFinish,40,623.776989,68.112736
before-ocr-on-c2,2609.04203v1.pdf,TextPrepare,20,1.9932760000000003,0.14905300000000002
before-ocr-on-c2,2609.04203v1.pdf,TsrInference,1,443.14104,443.14104
before-ocr-on-c2,2609.04203v1.pdf,TsrPostprocess,1,0.183338,0.183338
before-ocr-on-c2,2609.04203v1.pdf,TsrPreprocess,1,1.951315,1.951315
before-ocr-on-c2,2609.04203v1.pdf,TsrQueue,1,0.10369500000000001,0.10369500000000001
after-ocr-off-c2,2403.01632v4.pdf,DocumentContext,1,3.1209670000000003,3.1209670000000003
after-ocr-off-c2,2403.01632v4.pdf,LayoutInference,47,3285.482921000001,76.802458
after-ocr-off-c2,2403.01632v4.pdf,LayoutPostprocess,47,0.7204440000000001,0.051237
after-ocr-off-c2,2403.01632v4.pdf,LayoutPreprocess,47,924.1643740000002,25.284516
after-ocr-off-c2,2403.01632v4.pdf,LayoutQueue,47,11010.975686999996,487.21941000000004
after-ocr-off-c2,2403.01632v4.pdf,LayoutReadback,47,0.183416,0.005059
after-ocr-off-c2,2403.01632v4.pdf,LinkValidate,1,16.297186,16.297186
after-ocr-off-c2,2403.01632v4.pdf,ParseTotal,1,4761.1466900000005,4761.1466900000005
after-ocr-off-c2,2403.01632v4.pdf,PdfOpen,1,0.613086,0.613086
after-ocr-off-c2,2403.01632v4.pdf,PdfRender,47,827.114073,61.193532000000005
after-ocr-off-c2,2403.01632v4.pdf,PdfiumQueue,1,0.00042899999999999997,0.00042899999999999997
after-ocr-off-c2,2403.01632v4.pdf,TableRules,7,3.3624419999999997,0.817635
after-ocr-off-c2,2403.01632v4.pdf,TextExtract,47,555.9337990000002,16.535634
after-ocr-off-c2,2403.01632v4.pdf,TextFinish,94,670.1195610000002,35.055403999999996
after-ocr-off-c2,2403.01632v4.pdf,TextPrepare,47,1.5857110000000003,0.058585000000000005
after-ocr-off-c2,2410.05779v3.pdf,DocumentContext,1,1.216887,1.216887
after-ocr-off-c2,2410.05779v3.pdf,LayoutInference,16,1065.695651,71.069626
after-ocr-off-c2,2410.05779v3.pdf,LayoutPostprocess,16,0.19289399999999998,0.023521
after-ocr-off-c2,2410.05779v3.pdf,LayoutPreprocess,16,435.344571,32.417739
after-ocr-off-c2,2410.05779v3.pdf,LayoutQueue,16,6522.311556000001,459.809697
after-ocr-off-c2,2410.05779v3.pdf,LayoutReadback,16,0.083914,0.009012
after-ocr-off-c2,2410.05779v3.pdf,LinkValidate,1,5.3903479999999995,5.3903479999999995
after-ocr-off-c2,2410.05779v3.pdf,ParseTotal,1,2433.8695470000002,2433.8695470000002
after-ocr-off-c2,2410.05779v3.pdf,PdfOpen,1,0.277787,0.277787
after-ocr-off-c2,2410.05779v3.pdf,PdfRender,16,404.74623199999996,43.476006999999996
after-ocr-off-c2,2410.05779v3.pdf,PdfiumQueue,1,0.004228,0.004228
after-ocr-off-c2,2410.05779v3.pdf,TableRules,6,11.312771000000001,3.5613900000000003
after-ocr-off-c2,2410.05779v3.pdf,TextExtract,16,231.292278,24.057861
after-ocr-off-c2,2410.05779v3.pdf,TextFinish,32,221.817657,34.721777
after-ocr-off-c2,2410.05779v3.pdf,TextPrepare,16,0.6908420000000001,0.095599
after-ocr-off-c2,2412.05210v1.pdf,DocumentContext,1,36.833927,36.833927
after-ocr-off-c2,2412.05210v1.pdf,LayoutInference,12,812.929507,73.71285800000001
after-ocr-off-c2,2412.05210v1.pdf,LayoutPostprocess,12,0.16732999999999998,0.035040999999999996
after-ocr-off-c2,2412.05210v1.pdf,LayoutPreprocess,12,290.42523300000005,28.154331000000003
after-ocr-off-c2,2412.05210v1.pdf,LayoutQueue,12,4868.857621,466.937189
after-ocr-off-c2,2412.05210v1.pdf,LayoutReadback,12,0.068661,0.008652
after-ocr-off-c2,2412.05210v1.pdf,LinkValidate,1,10.096948,10.096948
after-ocr-off-c2,2412.05210v1.pdf,ParseTotal,1,2018.6197039999997,2018.6197039999997
after-ocr-off-c2,2412.05210v1.pdf,PdfOpen,1,0.613403,0.613403
after-ocr-off-c2,2412.05210v1.pdf,PdfRender,12,387.59468899999996,86.422074
after-ocr-off-c2,2412.05210v1.pdf,PdfiumQueue,1,0.0037110000000000003,0.0037110000000000003
after-ocr-off-c2,2412.05210v1.pdf,TableRules,4,20.129120999999998,9.906048
after-ocr-off-c2,2412.05210v1.pdf,TextExtract,12,273.21639799999997,38.788269
after-ocr-off-c2,2412.05210v1.pdf,TextFinish,24,522.5745050000002,252.077312
after-ocr-off-c2,2412.05210v1.pdf,TextPrepare,12,0.84358,0.176115
after-ocr-off-c2,2603.01919v2.pdf,DocumentContext,1,2.535589,2.535589
after-ocr-off-c2,2603.01919v2.pdf,LayoutInference,23,1593.698975,75.017021
after-ocr-off-c2,2603.01919v2.pdf,LayoutPostprocess,23,0.392359,0.05275
after-ocr-off-c2,2603.01919v2.pdf,LayoutPreprocess,23,617.8951460000001,31.567244000000002
after-ocr-off-c2,2603.01919v2.pdf,LayoutQueue,23,9994.515209999998,467.547177
after-ocr-off-c2,2603.01919v2.pdf,LayoutReadback,23,0.11151799999999999,0.006819
after-ocr-off-c2,2603.01919v2.pdf,LinkValidate,1,12.60934,12.60934
after-ocr-off-c2,2603.01919v2.pdf,ParseTotal,1,8388.497351,8388.497351
after-ocr-off-c2,2603.01919v2.pdf,PdfOpen,1,0.516155,0.516155
after-ocr-off-c2,2603.01919v2.pdf,PdfRender,23,946.947058,177.229782
after-ocr-off-c2,2603.01919v2.pdf,PdfiumQueue,1,0.0028899999999999998,0.0028899999999999998
after-ocr-off-c2,2603.01919v2.pdf,TableCellInference,1,20.088977,20.088977
after-ocr-off-c2,2603.01919v2.pdf,TableCellPostprocess,1,0.014709999999999999,0.014709999999999999
after-ocr-off-c2,2603.01919v2.pdf,TableCellPreprocess,1,8.365515,8.365515
after-ocr-off-c2,2603.01919v2.pdf,TableExternal,1,5609.633357,5609.633357
after-ocr-off-c2,2603.01919v2.pdf,TableFill,1,0.18606499999999998,0.18606499999999998
after-ocr-off-c2,2603.01919v2.pdf,TableRules,18,29.420790999999998,6.770956
after-ocr-off-c2,2603.01919v2.pdf,TextExtract,23,473.2753829999999,53.488123
after-ocr-off-c2,2603.01919v2.pdf,TextFinish,46,669.3593119999998,99.485532
after-ocr-off-c2,2603.01919v2.pdf,TextPrepare,23,1.077457,0.076348
after-ocr-off-c2,2603.01919v2.pdf,TsrInference,3,2263.849505,2156.524738
after-ocr-off-c2,2603.01919v2.pdf,TsrPostprocess,3,0.3447,0.235277
after-ocr-off-c2,2603.01919v2.pdf,TsrPreprocess,3,3.78303,1.915501
after-ocr-off-c2,2603.01919v2.pdf,TsrQueue,4,3311.9271120000008,3185.1574920000003
after-ocr-off-c2,2303.18223v16.pdf,DocumentContext,1,13.354585,13.354585
after-ocr-off-c2,2303.18223v16.pdf,LayoutInference,144,9885.133219000003,78.854161
after-ocr-off-c2,2303.18223v16.pdf,LayoutPostprocess,144,2.464881,0.12641
after-ocr-off-c2,2303.18223v16.pdf,LayoutPreprocess,144,3403.618481999999,34.481871999999996
after-ocr-off-c2,2303.18223v16.pdf,LayoutQueue,144,43359.29313499998,482.545117
after-ocr-off-c2,2303.18223v16.pdf,LayoutReadback,144,0.7816040000000002,0.024439000000000002
after-ocr-off-c2,2303.18223v16.pdf,LinkValidate,1,71.798891,71.798891
after-ocr-off-c2,2303.18223v16.pdf,ParseTotal,1,17871.425464,17871.425464
after-ocr-off-c2,2303.18223v16.pdf,PdfOpen,1,0.67494,0.67494
after-ocr-off-c2,2303.18223v16.pdf,PdfRender,144,2773.0594690000007,116.308785
after-ocr-off-c2,2303.18223v16.pdf,PdfiumQueue,1,0.0027949999999999997,0.0027949999999999997
after-ocr-off-c2,2303.18223v16.pdf,TableCellInference,1,20.48456,20.48456
after-ocr-off-c2,2303.18223v16.pdf,TableCellPostprocess,1,0.006406,0.006406
after-ocr-off-c2,2303.18223v16.pdf,TableCellPreprocess,1,12.121175,12.121175
after-ocr-off-c2,2303.18223v16.pdf,TableExternal,1,8971.167151,8971.167151
after-ocr-off-c2,2303.18223v16.pdf,TableFill,1,1.479036,1.479036
after-ocr-off-c2,2303.18223v16.pdf,TableRules,24,44.569966,6.393593
after-ocr-off-c2,2303.18223v16.pdf,TextExtract,144,2952.573149,27.939328999999997
after-ocr-off-c2,2303.18223v16.pdf,TextFinish,288,6585.969625000002,143.84574899999998
after-ocr-off-c2,2303.18223v16.pdf,TextPrepare,144,8.868506000000004,0.132433
after-ocr-off-c2,2303.18223v16.pdf,TsrInference,5,6669.282178,6490.632063
after-ocr-off-c2,2303.18223v16.pdf,TsrPostprocess,5,0.320904,0.212637
after-ocr-off-c2,2303.18223v16.pdf,TsrPreprocess,5,7.589651,3.3229800000000003
after-ocr-off-c2,2303.18223v16.pdf,TsrQueue,6,2257.5791950000007,2152.8088260000004
after-ocr-off-c2,2604.18583v1.pdf,DocumentContext,1,1.814222,1.814222
after-ocr-off-c2,2604.18583v1.pdf,LayoutInference,15,1040.444654,76.58154
after-ocr-off-c2,2604.18583v1.pdf,LayoutPostprocess,15,0.24933899999999995,0.037871999999999996
after-ocr-off-c2,2604.18583v1.pdf,LayoutPreprocess,15,329.123379,31.292484
after-ocr-off-c2,2604.18583v1.pdf,LayoutQueue,15,2856.530775,472.426061
after-ocr-off-c2,2604.18583v1.pdf,LayoutReadback,15,0.21061400000000002,0.035254
after-ocr-off-c2,2604.18583v1.pdf,LinkValidate,1,6.3546260000000006,6.3546260000000006
after-ocr-off-c2,2604.18583v1.pdf,ParseTotal,1,2707.674881,2707.674881
after-ocr-off-c2,2604.18583v1.pdf,PdfOpen,1,0.238057,0.238057
after-ocr-off-c2,2604.18583v1.pdf,PdfRender,15,1650.4561820000004,553.962075
after-ocr-off-c2,2604.18583v1.pdf,PdfiumQueue,1,0.003699,0.003699
after-ocr-off-c2,2604.18583v1.pdf,TableRules,2,2.2893220000000003,1.2562820000000001
after-ocr-off-c2,2604.18583v1.pdf,TextExtract,15,247.87739200000004,33.427255
after-ocr-off-c2,2604.18583v1.pdf,TextFinish,30,537.119758,202.691663
after-ocr-off-c2,2604.18583v1.pdf,TextPrepare,15,0.697738,0.10652299999999999
after-ocr-off-c2,2604.21959v1.pdf,DocumentContext,1,0.221545,0.221545
after-ocr-off-c2,2604.21959v1.pdf,LayoutInference,3,220.30558399999998,75.696293
after-ocr-off-c2,2604.21959v1.pdf,LayoutPostprocess,3,0.03132,0.011002000000000001
after-ocr-off-c2,2604.21959v1.pdf,LayoutPreprocess,3,62.601378,21.49609
after-ocr-off-c2,2604.21959v1.pdf,LayoutQueue,3,981.0053740000001,385.211392
after-ocr-off-c2,2604.21959v1.pdf,LayoutReadback,3,0.05398,0.025209
after-ocr-off-c2,2604.21959v1.pdf,LinkValidate,1,0.531673,0.531673
after-ocr-off-c2,2604.21959v1.pdf,ParseTotal,1,555.038981,555.038981
after-ocr-off-c2,2604.21959v1.pdf,PdfOpen,1,0.30532699999999996,0.30532699999999996
after-ocr-off-c2,2604.21959v1.pdf,PdfRender,3,47.560029,16.626696
after-ocr-off-c2,2604.21959v1.pdf,PdfiumQueue,1,0.0034230000000000003,0.0034230000000000003
after-ocr-off-c2,2604.21959v1.pdf,TextExtract,3,24.615029,12.092154
after-ocr-off-c2,2604.21959v1.pdf,TextFinish,6,24.568697,15.226844999999999
after-ocr-off-c2,2604.21959v1.pdf,TextPrepare,3,0.104065,0.05244
after-ocr-off-c2,2604.18584v1.pdf,DocumentContext,1,1.674486,1.674486
after-ocr-off-c2,2604.18584v1.pdf,LayoutInference,32,2312.264284,91.592413
after-ocr-off-c2,2604.18584v1.pdf,LayoutPostprocess,32,0.46795600000000004,0.043296
after-ocr-off-c2,2604.18584v1.pdf,LayoutPreprocess,32,646.4649989999999,22.727123
after-ocr-off-c2,2604.18584v1.pdf,LayoutQueue,32,8980.983467,484.39331400000003
after-ocr-off-c2,2604.18584v1.pdf,LayoutReadback,32,0.38364400000000004,0.054348999999999995
after-ocr-off-c2,2604.18584v1.pdf,LinkValidate,1,14.613695,14.613695
after-ocr-off-c2,2604.18584v1.pdf,ParseTotal,1,4473.7460120000005,4473.7460120000005
after-ocr-off-c2,2604.18584v1.pdf,PdfOpen,1,0.626232,0.626232
after-ocr-off-c2,2604.18584v1.pdf,PdfRender,32,639.4212780000001,105.00972
after-ocr-off-c2,2604.18584v1.pdf,PdfiumQueue,1,0.0029349999999999997,0.0029349999999999997
after-ocr-off-c2,2604.18584v1.pdf,TableCellInference,2,288.48916899999995,159.42277399999998
after-ocr-off-c2,2604.18584v1.pdf,TableCellPostprocess,2,0.012278,0.009989
after-ocr-off-c2,2604.18584v1.pdf,TableCellPreprocess,2,19.862805,13.233128
after-ocr-off-c2,2604.18584v1.pdf,TableExternal,2,2486.494404,2094.458224
after-ocr-off-c2,2604.18584v1.pdf,TableFill,2,0.33852,0.229557
after-ocr-off-c2,2604.18584v1.pdf,TableRules,18,30.548118000000002,7.461287
after-ocr-off-c2,2604.18584v1.pdf,TextExtract,32,337.16041900000005,20.596992
after-ocr-off-c2,2604.18584v1.pdf,TextFinish,64,430.868208,57.180672
after-ocr-off-c2,2604.18584v1.pdf,TextPrepare,32,1.0627729999999997,0.071977
after-ocr-off-c2,2604.18584v1.pdf,TsrInference,2,2172.815623,1947.912788
after-ocr-off-c2,2604.18584v1.pdf,TsrPostprocess,2,0.086764,0.069085
after-ocr-off-c2,2604.18584v1.pdf,TsrPreprocess,2,3.853945,3.487418
after-ocr-off-c2,2604.18584v1.pdf,TsrQueue,4,0.6633340000000001,0.211422
after-ocr-off-c2,2606.17056v1.pdf,DocumentContext,1,4.831295,4.831295
after-ocr-off-c2,2606.17056v1.pdf,LayoutInference,25,1726.2662770000002,80.944144
after-ocr-off-c2,2606.17056v1.pdf,LayoutPostprocess,25,0.332607,0.052652
after-ocr-off-c2,2606.17056v1.pdf,LayoutPreprocess,25,619.648452,28.523836
after-ocr-off-c2,2606.17056v1.pdf,LayoutQueue,25,5128.324931,401.10271600000004
after-ocr-off-c2,2606.17056v1.pdf,LayoutReadback,25,0.18207299999999998,0.019487
after-ocr-off-c2,2606.17056v1.pdf,LinkValidate,1,7.862131,7.862131
after-ocr-off-c2,2606.17056v1.pdf,ParseTotal,1,2373.4652349999997,2373.4652349999997
after-ocr-off-c2,2606.17056v1.pdf,PdfOpen,1,0.557608,0.557608
after-ocr-off-c2,2606.17056v1.pdf,PdfRender,25,485.7083810000001,28.786914
after-ocr-off-c2,2606.17056v1.pdf,PdfiumQueue,1,0.003772,0.003772
after-ocr-off-c2,2606.17056v1.pdf,TableRules,4,4.53363,1.9014170000000001
after-ocr-off-c2,2606.17056v1.pdf,TextExtract,25,327.54996099999994,20.411638999999997
after-ocr-off-c2,2606.17056v1.pdf,TextFinish,50,284.56209099999995,29.170005999999997
after-ocr-off-c2,2606.17056v1.pdf,TextPrepare,25,0.9085150000000001,0.093495
after-ocr-off-c2,2609.04180v1.pdf,DocumentContext,1,2.401928,2.401928
after-ocr-off-c2,2609.04180v1.pdf,LayoutInference,23,1577.454318,74.634956
after-ocr-off-c2,2609.04180v1.pdf,LayoutPostprocess,23,0.315963,0.026504
after-ocr-off-c2,2609.04180v1.pdf,LayoutPreprocess,23,615.620292,30.230814000000002
after-ocr-off-c2,2609.04180v1.pdf,LayoutQueue,23,6855.021796999999,465.419825
after-ocr-off-c2,2609.04180v1.pdf,LayoutReadback,23,0.26543700000000003,0.04111
after-ocr-off-c2,2609.04180v1.pdf,LinkValidate,1,9.70034,9.70034
after-ocr-off-c2,2609.04180v1.pdf,ParseTotal,1,2901.564429,2901.564429
after-ocr-off-c2,2609.04180v1.pdf,PdfOpen,1,0.7890889999999999,0.7890889999999999
after-ocr-off-c2,2609.04180v1.pdf,PdfRender,23,608.0440750000001,59.975328000000005
after-ocr-off-c2,2609.04180v1.pdf,PdfiumQueue,1,0.007725,0.007725
after-ocr-off-c2,2609.04180v1.pdf,TableRules,12,6.626268000000001,1.022514
after-ocr-off-c2,2609.04180v1.pdf,TextExtract,23,435.65708099999995,38.112741
after-ocr-off-c2,2609.04180v1.pdf,TextFinish,46,454.443796,34.085939
after-ocr-off-c2,2609.04180v1.pdf,TextPrepare,23,1.039553,0.076184
after-ocr-off-c2,2609.04184v1.pdf,DocumentContext,1,1.1177279999999998,1.1177279999999998
after-ocr-off-c2,2609.04184v1.pdf,LayoutInference,8,550.3617250000001,71.752941
after-ocr-off-c2,2609.04184v1.pdf,LayoutPostprocess,8,0.126116,0.026228
after-ocr-off-c2,2609.04184v1.pdf,LayoutPreprocess,8,215.66634499999998,27.941417
after-ocr-off-c2,2609.04184v1.pdf,LayoutQueue,8,3082.4448079999997,463.480309
after-ocr-off-c2,2609.04184v1.pdf,LayoutReadback,8,0.084458,0.018503
after-ocr-off-c2,2609.04184v1.pdf,LinkValidate,1,3.8676090000000003,3.8676090000000003
after-ocr-off-c2,2609.04184v1.pdf,ParseTotal,1,2142.022616,2142.022616
after-ocr-off-c2,2609.04184v1.pdf,PdfOpen,1,0.9206019999999999,0.9206019999999999
after-ocr-off-c2,2609.04184v1.pdf,PdfRender,8,272.439642,51.551832
after-ocr-off-c2,2609.04184v1.pdf,PdfiumQueue,1,0.0046700000000000005,0.0046700000000000005
after-ocr-off-c2,2609.04184v1.pdf,TableCellInference,1,20.939994,20.939994
after-ocr-off-c2,2609.04184v1.pdf,TableCellPostprocess,1,0.027962,0.027962
after-ocr-off-c2,2609.04184v1.pdf,TableCellPreprocess,1,7.459631000000001,7.459631000000001
after-ocr-off-c2,2609.04184v1.pdf,TableExternal,1,886.598115,886.598115
after-ocr-off-c2,2609.04184v1.pdf,TableFill,1,0.935566,0.935566
after-ocr-off-c2,2609.04184v1.pdf,TableRules,7,3.00577,0.670038
after-ocr-off-c2,2609.04184v1.pdf,TextExtract,8,212.783566,39.038236
after-ocr-off-c2,2609.04184v1.pdf,TextFinish,16,290.8598160000001,76.106916
after-ocr-off-c2,2609.04184v1.pdf,TextPrepare,8,0.557582,0.089641
after-ocr-off-c2,2609.04184v1.pdf,TsrInference,1,855.180269,855.180269
after-ocr-off-c2,2609.04184v1.pdf,TsrPostprocess,1,0.040868999999999996,0.040868999999999996
after-ocr-off-c2,2609.04184v1.pdf,TsrPreprocess,1,2.1626570000000003,2.1626570000000003
after-ocr-off-c2,2609.04184v1.pdf,TsrQueue,2,0.310481,0.156962
after-ocr-off-c2,2609.04203v1.pdf,DocumentContext,1,1.637387,1.637387
after-ocr-off-c2,2609.04203v1.pdf,LayoutInference,20,1330.528367,71.209406
after-ocr-off-c2,2609.04203v1.pdf,LayoutPostprocess,20,0.27732300000000004,0.028309
after-ocr-off-c2,2609.04203v1.pdf,LayoutPreprocess,20,362.4639169999999,19.981098
after-ocr-off-c2,2609.04203v1.pdf,LayoutQueue,20,2711.33654,187.878826
after-ocr-off-c2,2609.04203v1.pdf,LayoutReadback,20,0.201942,0.017044
after-ocr-off-c2,2609.04203v1.pdf,LinkValidate,1,9.557368,9.557368
after-ocr-off-c2,2609.04203v1.pdf,ParseTotal,1,2331.7623439999998,2331.7623439999998
after-ocr-off-c2,2609.04203v1.pdf,PdfOpen,1,0.649463,0.649463
after-ocr-off-c2,2609.04203v1.pdf,PdfRender,20,692.6896450000002,198.851914
after-ocr-off-c2,2609.04203v1.pdf,PdfiumQueue,1,0.0035889999999999997,0.0035889999999999997
after-ocr-off-c2,2609.04203v1.pdf,TableCellInference,1,21.542522,21.542522
after-ocr-off-c2,2609.04203v1.pdf,TableCellPostprocess,1,0.032128000000000004,0.032128000000000004
after-ocr-off-c2,2609.04203v1.pdf,TableCellPreprocess,1,10.954256,10.954256
after-ocr-off-c2,2609.04203v1.pdf,TableExternal,1,1042.576053,1042.576053
after-ocr-off-c2,2609.04203v1.pdf,TableFill,1,5.53143,5.53143
after-ocr-off-c2,2609.04203v1.pdf,TableRules,19,8.989602999999999,1.0004199999999999
after-ocr-off-c2,2609.04203v1.pdf,TextExtract,20,527.7024599999999,123.222836
after-ocr-off-c2,2609.04203v1.pdf,TextFinish,40,547.7179279999999,56.619035999999994
after-ocr-off-c2,2609.04203v1.pdf,TextPrepare,20,1.0285869999999997,0.239046
after-ocr-off-c2,2609.04203v1.pdf,TsrInference,1,1007.2221669999999,1007.2221669999999
after-ocr-off-c2,2609.04203v1.pdf,TsrPostprocess,1,0.171041,0.171041
after-ocr-off-c2,2609.04203v1.pdf,TsrPreprocess,1,1.807003,1.807003
after-ocr-off-c2,2609.04203v1.pdf,TsrQueue,2,0.269598,0.148828
after-ocr-off-c3,2410.05779v3.pdf,DocumentContext,1,0.7665839999999999,0.7665839999999999
after-ocr-off-c3,2410.05779v3.pdf,LayoutInference,16,1140.4209460000002,75.68280800000001
after-ocr-off-c3,2410.05779v3.pdf,LayoutPostprocess,16,0.218057,0.033705
after-ocr-off-c3,2410.05779v3.pdf,LayoutPreprocess,16,330.412291,23.634929
after-ocr-off-c3,2410.05779v3.pdf,LayoutQueue,16,4535.855692,489.653416
after-ocr-off-c3,2410.05779v3.pdf,LayoutReadback,16,0.063692,0.004974
after-ocr-off-c3,2410.05779v3.pdf,LinkValidate,1,4.547079,4.547079
after-ocr-off-c3,2410.05779v3.pdf,ParseTotal,1,1939.836793,1939.836793
after-ocr-off-c3,2410.05779v3.pdf,PdfOpen,1,0.457786,0.457786
after-ocr-off-c3,2410.05779v3.pdf,PdfRender,16,321.856785,32.140656
after-ocr-off-c3,2410.05779v3.pdf,PdfiumQueue,1,0.000222,0.000222
after-ocr-off-c3,2410.05779v3.pdf,TableRules,6,8.917798,2.782031
after-ocr-off-c3,2410.05779v3.pdf,TextExtract,16,178.32489099999998,21.375597
after-ocr-off-c3,2410.05779v3.pdf,TextFinish,32,174.42452500000005,25.956587
after-ocr-off-c3,2410.05779v3.pdf,TextPrepare,16,0.479376,0.045756
after-ocr-off-c3,2412.05210v1.pdf,DocumentContext,1,34.494685,34.494685
after-ocr-off-c3,2412.05210v1.pdf,LayoutInference,12,897.1691959999999,83.338635
after-ocr-off-c3,2412.05210v1.pdf,LayoutPostprocess,12,0.12119700000000001,0.019929
after-ocr-off-c3,2412.05210v1.pdf,LayoutPreprocess,12,273.242434,26.516784
after-ocr-off-c3,2412.05210v1.pdf,LayoutQueue,12,6378.695523999999,762.217752
after-ocr-off-c3,2412.05210v1.pdf,LayoutReadback,12,0.05754700000000001,0.006337
after-ocr-off-c3,2412.05210v1.pdf,LinkValidate,1,9.912916000000001,9.912916000000001
after-ocr-off-c3,2412.05210v1.pdf,ParseTotal,1,2412.38601,2412.38601
after-ocr-off-c3,2412.05210v1.pdf,PdfOpen,1,0.40288999999999997,0.40288999999999997
after-ocr-off-c3,2412.05210v1.pdf,PdfRender,12,371.65226000000007,80.178436
after-ocr-off-c3,2412.05210v1.pdf,PdfiumQueue,1,0.001884,0.001884
after-ocr-off-c3,2412.05210v1.pdf,TableRules,4,22.293346,11.169065
after-ocr-off-c3,2412.05210v1.pdf,TextExtract,12,240.15100399999997,31.211575
after-ocr-off-c3,2412.05210v1.pdf,TextFinish,24,558.014953,261.597955
after-ocr-off-c3,2412.05210v1.pdf,TextPrepare,12,0.6204850000000001,0.12556599999999998
after-ocr-off-c3,2403.01632v4.pdf,DocumentContext,1,3.764173,3.764173
after-ocr-off-c3,2403.01632v4.pdf,LayoutInference,47,3294.258108,78.037479
after-ocr-off-c3,2403.01632v4.pdf,LayoutPostprocess,47,0.7349660000000001,0.050299
after-ocr-off-c3,2403.01632v4.pdf,LayoutPreprocess,47,1136.5696760000003,33.511736
after-ocr-off-c3,2403.01632v4.pdf,LayoutQueue,47,24160.230271999997,782.550265
after-ocr-off-c3,2403.01632v4.pdf,LayoutReadback,47,0.229653,0.007062000000000001
after-ocr-off-c3,2403.01632v4.pdf,LinkValidate,1,14.39468,14.39468
after-ocr-off-c3,2403.01632v4.pdf,ParseTotal,1,8040.592668,8040.592668
after-ocr-off-c3,2403.01632v4.pdf,PdfOpen,1,0.46898399999999996,0.46898399999999996
after-ocr-off-c3,2403.01632v4.pdf,PdfRender,47,931.9551649999997,80.770746
after-ocr-off-c3,2403.01632v4.pdf,PdfiumQueue,1,0.001345,0.001345
after-ocr-off-c3,2403.01632v4.pdf,TableRules,7,3.7071059999999996,0.927635
after-ocr-off-c3,2403.01632v4.pdf,TextExtract,47,587.5184640000002,17.090280999999997
after-ocr-off-c3,2403.01632v4.pdf,TextFinish,94,777.733383,36.091217
after-ocr-off-c3,2403.01632v4.pdf,TextPrepare,47,1.624684,0.06771
after-ocr-off-c3,2604.18583v1.pdf,DocumentContext,1,1.6853040000000001,1.6853040000000001
after-ocr-off-c3,2604.18583v1.pdf,LayoutInference,15,1032.902783,73.43473
after-ocr-off-c3,2604.18583v1.pdf,LayoutPostprocess,15,0.26596000000000003,0.030133
after-ocr-off-c3,2604.18583v1.pdf,LayoutPreprocess,15,319.937393,25.71872
after-ocr-off-c3,2604.18583v1.pdf,LayoutQueue,15,8153.925539000001,691.633226
after-ocr-off-c3,2604.18583v1.pdf,LayoutReadback,15,0.11096199999999999,0.010407999999999999
after-ocr-off-c3,2604.18583v1.pdf,LinkValidate,1,7.018051,7.018051
after-ocr-off-c3,2604.18583v1.pdf,ParseTotal,1,3221.400719,3221.400719
after-ocr-off-c3,2604.18583v1.pdf,PdfOpen,1,0.634143,0.634143
after-ocr-off-c3,2604.18583v1.pdf,PdfRender,15,1678.5261919999998,567.32263
after-ocr-off-c3,2604.18583v1.pdf,PdfiumQueue,1,0.003965,0.003965
after-ocr-off-c3,2604.18583v1.pdf,TableRules,2,1.8861560000000002,1.051033
after-ocr-off-c3,2604.18583v1.pdf,TextExtract,15,271.38528199999996,37.204789000000005
after-ocr-off-c3,2604.18583v1.pdf,TextFinish,30,590.7803160000001,246.710281
after-ocr-off-c3,2604.18583v1.pdf,TextPrepare,15,0.7856329999999999,0.128502
after-ocr-off-c3,2604.18584v1.pdf,DocumentContext,1,2.684643,2.684643
after-ocr-off-c3,2604.18584v1.pdf,LayoutInference,32,2194.7545250000003,74.830255
after-ocr-off-c3,2604.18584v1.pdf,LayoutPostprocess,32,0.4692779999999999,0.046886
after-ocr-off-c3,2604.18584v1.pdf,LayoutPreprocess,32,814.98358,29.812012
after-ocr-off-c3,2604.18584v1.pdf,LayoutQueue,32,14091.259131000003,479.383414
after-ocr-off-c3,2604.18584v1.pdf,LayoutReadback,32,0.241205,0.010746
after-ocr-off-c3,2604.18584v1.pdf,LinkValidate,1,14.626541999999999,14.626541999999999
after-ocr-off-c3,2604.18584v1.pdf,ParseTotal,1,9152.289662,9152.289662
after-ocr-off-c3,2604.18584v1.pdf,PdfOpen,1,0.432554,0.432554
after-ocr-off-c3,2604.18584v1.pdf,PdfRender,32,775.5309570000002,121.01745899999999
after-ocr-off-c3,2604.18584v1.pdf,PdfiumQueue,1,0.0038890000000000005,0.0038890000000000005
after-ocr-off-c3,2604.18584v1.pdf,TableCellInference,2,42.173072000000005,21.692812
after-ocr-off-c3,2604.18584v1.pdf,TableCellPostprocess,2,0.009816,0.007170999999999999
after-ocr-off-c3,2604.18584v1.pdf,TableCellPreprocess,2,23.633654,14.741305
after-ocr-off-c3,2604.18584v1.pdf,TableExternal,2,12188.785383999999,6250.057926
after-ocr-off-c3,2604.18584v1.pdf,TableFill,2,0.269955,0.155034
after-ocr-off-c3,2604.18584v1.pdf,TableRules,18,31.727244999999996,6.7111209999999994
after-ocr-off-c3,2604.18584v1.pdf,TextExtract,32,405.26855000000006,21.992663
after-ocr-off-c3,2604.18584v1.pdf,TextFinish,64,506.52107400000006,63.185157000000004
after-ocr-off-c3,2604.18584v1.pdf,TextPrepare,32,1.2030850000000002,0.068544
after-ocr-off-c3,2604.18584v1.pdf,TsrInference,2,102.459188,92.679924
after-ocr-off-c3,2604.18584v1.pdf,TsrPostprocess,2,0.134415,0.075006
after-ocr-off-c3,2604.18584v1.pdf,TsrPreprocess,2,3.733113,3.056069
after-ocr-off-c3,2604.18584v1.pdf,TsrQueue,4,12015.672067000001,6209.498906000001
after-ocr-off-c3,2603.01919v2.pdf,DocumentContext,1,2.756511,2.756511
after-ocr-off-c3,2603.01919v2.pdf,LayoutInference,23,1561.318977,75.212248
after-ocr-off-c3,2603.01919v2.pdf,LayoutPostprocess,23,0.33762100000000006,0.033303000000000006
after-ocr-off-c3,2603.01919v2.pdf,LayoutPreprocess,23,631.048429,34.368338
after-ocr-off-c3,2603.01919v2.pdf,LayoutQueue,23,14594.927994,722.25915
after-ocr-off-c3,2603.01919v2.pdf,LayoutReadback,23,0.184185,0.03326
after-ocr-off-c3,2603.01919v2.pdf,LinkValidate,1,15.722872999999998,15.722872999999998
after-ocr-off-c3,2603.01919v2.pdf,ParseTotal,1,16279.035574000001,16279.035574000001
after-ocr-off-c3,2603.01919v2.pdf,PdfOpen,1,0.575029,0.575029
after-ocr-off-c3,2603.01919v2.pdf,PdfRender,23,998.1091339999998,150.438763
after-ocr-off-c3,2603.01919v2.pdf,PdfiumQueue,1,0.0044469999999999996,0.0044469999999999996
after-ocr-off-c3,2603.01919v2.pdf,TableCellInference,1,25.499732,25.499732
after-ocr-off-c3,2603.01919v2.pdf,TableCellPostprocess,1,0.023725,0.023725
after-ocr-off-c3,2603.01919v2.pdf,TableCellPreprocess,1,9.664375,9.664375
after-ocr-off-c3,2603.01919v2.pdf,TableExternal,1,12428.220248000001,12428.220248000001
after-ocr-off-c3,2603.01919v2.pdf,TableFill,1,0.21632500000000002,0.21632500000000002
after-ocr-off-c3,2603.01919v2.pdf,TableRules,18,28.965861999999994,6.068397
after-ocr-off-c3,2603.01919v2.pdf,TextExtract,23,598.9040950000001,70.67554700000001
after-ocr-off-c3,2603.01919v2.pdf,TextFinish,46,681.7674130000003,130.725691
after-ocr-off-c3,2603.01919v2.pdf,TextPrepare,23,1.2781279999999997,0.14541900000000002
after-ocr-off-c3,2603.01919v2.pdf,TsrInference,3,6962.802299,6825.620859
after-ocr-off-c3,2603.01919v2.pdf,TsrPostprocess,3,0.396397,0.214068
after-ocr-off-c3,2603.01919v2.pdf,TsrPreprocess,3,4.462116,2.008162
after-ocr-off-c3,2603.01919v2.pdf,TsrQueue,4,5424.06258,5404.571221
after-ocr-off-c3,2604.21959v1.pdf,DocumentContext,1,0.254022,0.254022
after-ocr-off-c3,2604.21959v1.pdf,LayoutInference,3,203.90838,69.368552
after-ocr-off-c3,2604.21959v1.pdf,LayoutPostprocess,3,0.097553,0.072963
after-ocr-off-c3,2604.21959v1.pdf,LayoutPreprocess,3,73.10827,24.861566000000003
after-ocr-off-c3,2604.21959v1.pdf,LayoutQueue,3,147.891368,98.901907
after-ocr-off-c3,2604.21959v1.pdf,LayoutReadback,3,0.032994,0.014336
after-ocr-off-c3,2604.21959v1.pdf,LinkValidate,1,0.671859,0.671859
after-ocr-off-c3,2604.21959v1.pdf,ParseTotal,1,282.677801,282.677801
after-ocr-off-c3,2604.21959v1.pdf,PdfOpen,1,0.48032,0.48032
after-ocr-off-c3,2604.21959v1.pdf,PdfRender,3,58.13001,20.077745
after-ocr-off-c3,2604.21959v1.pdf,PdfiumQueue,1,0.004338,0.004338
after-ocr-off-c3,2604.21959v1.pdf,TextExtract,3,31.040438,15.778789000000002
after-ocr-off-c3,2604.21959v1.pdf,TextFinish,6,23.512339,14.28133
after-ocr-off-c3,2604.21959v1.pdf,TextPrepare,3,0.11990500000000001,0.068112
after-ocr-off-c3,2303.18223v16.pdf,DocumentContext,1,19.209532000000003,19.209532000000003
after-ocr-off-c3,2303.18223v16.pdf,LayoutInference,144,9923.223762999998,77.003188
after-ocr-off-c3,2303.18223v16.pdf,LayoutPostprocess,144,2.117628,0.045096000000000004
after-ocr-off-c3,2303.18223v16.pdf,LayoutPreprocess,144,3655.1203010000013,34.358443
after-ocr-off-c3,2303.18223v16.pdf,LayoutQueue,144,54649.576935000005,783.099664
after-ocr-off-c3,2303.18223v16.pdf,LayoutReadback,144,1.106147,0.059179999999999996
after-ocr-off-c3,2303.18223v16.pdf,LinkValidate,1,77.07103699999999,77.07103699999999
after-ocr-off-c3,2303.18223v16.pdf,ParseTotal,1,21131.845938000002,21131.845938000002
after-ocr-off-c3,2303.18223v16.pdf,PdfOpen,1,0.798268,0.798268
after-ocr-off-c3,2303.18223v16.pdf,PdfRender,144,2955.059003999998,138.620882
after-ocr-off-c3,2303.18223v16.pdf,PdfiumQueue,1,0.006768000000000001,0.006768000000000001
after-ocr-off-c3,2303.18223v16.pdf,TableCellInference,1,19.763367,19.763367
after-ocr-off-c3,2303.18223v16.pdf,TableCellPostprocess,1,0.004221,0.004221
after-ocr-off-c3,2303.18223v16.pdf,TableCellPreprocess,1,11.768683000000001,11.768683000000001
after-ocr-off-c3,2303.18223v16.pdf,TableExternal,1,9531.23121,9531.23121
after-ocr-off-c3,2303.18223v16.pdf,TableFill,1,1.960613,1.960613
after-ocr-off-c3,2303.18223v16.pdf,TableRules,24,43.37103999999999,6.362699
after-ocr-off-c3,2303.18223v16.pdf,TextExtract,144,3086.0727210000005,35.345845000000004
after-ocr-off-c3,2303.18223v16.pdf,TextFinish,288,7616.31917,169.155191
after-ocr-off-c3,2303.18223v16.pdf,TextPrepare,144,8.876156000000002,0.12675
after-ocr-off-c3,2303.18223v16.pdf,TsrInference,5,5696.084860999998,5303.767502999999
after-ocr-off-c3,2303.18223v16.pdf,TsrPostprocess,5,0.277212,0.154795
after-ocr-off-c3,2303.18223v16.pdf,TsrPreprocess,5,8.789489,3.031935
after-ocr-off-c3,2303.18223v16.pdf,TsrQueue,6,3790.3189939999997,3556.600292
after-ocr-off-c3,2609.04184v1.pdf,DocumentContext,1,1.046281,1.046281
after-ocr-off-c3,2609.04184v1.pdf,LayoutInference,8,568.672806,73.95355
after-ocr-off-c3,2609.04184v1.pdf,LayoutPostprocess,8,0.112794,0.02731
after-ocr-off-c3,2609.04184v1.pdf,LayoutPreprocess,8,154.11707600000003,21.755982
after-ocr-off-c3,2609.04184v1.pdf,LayoutQueue,8,5440.76129,785.7040589999999
after-ocr-off-c3,2609.04184v1.pdf,LayoutReadback,8,0.054935,0.009343
after-ocr-off-c3,2609.04184v1.pdf,LinkValidate,1,5.507518999999999,5.507518999999999
after-ocr-off-c3,2609.04184v1.pdf,ParseTotal,1,3320.877384,3320.877384
after-ocr-off-c3,2609.04184v1.pdf,PdfOpen,1,0.79536,0.79536
after-ocr-off-c3,2609.04184v1.pdf,PdfRender,8,195.61445200000003,33.166942
after-ocr-off-c3,2609.04184v1.pdf,PdfiumQueue,1,0.007073,0.007073
after-ocr-off-c3,2609.04184v1.pdf,TableCellInference,1,143.153696,143.153696
after-ocr-off-c3,2609.04184v1.pdf,TableCellPostprocess,1,0.029435,0.029435
after-ocr-off-c3,2609.04184v1.pdf,TableCellPreprocess,1,8.280177,8.280177
after-ocr-off-c3,2609.04184v1.pdf,TableExternal,1,1573.787676,1573.787676
after-ocr-off-c3,2609.04184v1.pdf,TableFill,1,1.0342470000000001,1.0342470000000001
after-ocr-off-c3,2609.04184v1.pdf,TableRules,7,2.918296,0.7673639999999999
after-ocr-off-c3,2609.04184v1.pdf,TextExtract,8,140.18390399999998,24.621965
after-ocr-off-c3,2609.04184v1.pdf,TextFinish,16,238.462616,68.67018
after-ocr-off-c3,2609.04184v1.pdf,TextPrepare,8,0.413611,0.075394
after-ocr-off-c3,2609.04184v1.pdf,TsrInference,1,1419.958896,1419.958896
after-ocr-off-c3,2609.04184v1.pdf,TsrPostprocess,1,0.055736,0.055736
after-ocr-off-c3,2609.04184v1.pdf,TsrPreprocess,1,1.508506,1.508506
after-ocr-off-c3,2609.04184v1.pdf,TsrQueue,2,0.282053,0.215587
after-ocr-off-c3,2606.17056v1.pdf,DocumentContext,1,3.897739,3.897739
after-ocr-off-c3,2606.17056v1.pdf,LayoutInference,25,1736.8268509999998,87.85391800000001
after-ocr-off-c3,2606.17056v1.pdf,LayoutPostprocess,25,0.29570899999999994,0.045415
after-ocr-off-c3,2606.17056v1.pdf,LayoutPreprocess,25,504.63574800000004,24.084754999999998
after-ocr-off-c3,2606.17056v1.pdf,LayoutQueue,25,11564.184619,788.1038259999999
after-ocr-off-c3,2606.17056v1.pdf,LayoutReadback,25,0.180776,0.02093
after-ocr-off-c3,2606.17056v1.pdf,LinkValidate,1,7.009649,7.009649
after-ocr-off-c3,2606.17056v1.pdf,ParseTotal,1,4054.724006,4054.724006
after-ocr-off-c3,2606.17056v1.pdf,PdfOpen,1,0.5219619999999999,0.5219619999999999
after-ocr-off-c3,2606.17056v1.pdf,PdfRender,25,404.63385100000005,24.497527
after-ocr-off-c3,2606.17056v1.pdf,PdfiumQueue,1,0.005321,0.005321
after-ocr-off-c3,2606.17056v1.pdf,TableRules,4,4.604834,1.8111270000000002
after-ocr-off-c3,2606.17056v1.pdf,TextExtract,25,294.66790399999996,18.597534
after-ocr-off-c3,2606.17056v1.pdf,TextFinish,50,239.5862289999999,20.419594999999997
after-ocr-off-c3,2606.17056v1.pdf,TextPrepare,25,0.858645,0.07076099999999999
after-ocr-off-c3,2609.04180v1.pdf,DocumentContext,1,1.9758240000000002,1.9758240000000002
after-ocr-off-c3,2609.04180v1.pdf,LayoutInference,23,1597.081374,75.56977300000001
after-ocr-off-c3,2609.04180v1.pdf,LayoutPostprocess,23,0.405986,0.091497
after-ocr-off-c3,2609.04180v1.pdf,LayoutPreprocess,23,526.252061,33.224140999999996
after-ocr-off-c3,2609.04180v1.pdf,LayoutQueue,23,12065.79823,782.940721
after-ocr-off-c3,2609.04180v1.pdf,LayoutReadback,23,0.18266300000000002,0.026069000000000002
after-ocr-off-c3,2609.04180v1.pdf,LinkValidate,1,10.828231,10.828231
after-ocr-off-c3,2609.04180v1.pdf,ParseTotal,1,4135.712619000001,4135.712619000001
after-ocr-off-c3,2609.04180v1.pdf,PdfOpen,1,0.7788660000000001,0.7788660000000001
after-ocr-off-c3,2609.04180v1.pdf,PdfRender,23,492.3634490000001,47.746524
after-ocr-off-c3,2609.04180v1.pdf,PdfiumQueue,1,0.0027930000000000003,0.0027930000000000003
after-ocr-off-c3,2609.04180v1.pdf,TableRules,12,6.516704000000001,1.176638
after-ocr-off-c3,2609.04180v1.pdf,TextExtract,23,354.821809,30.562484
after-ocr-off-c3,2609.04180v1.pdf,TextFinish,46,401.8112420000001,31.849995999999997
after-ocr-off-c3,2609.04180v1.pdf,TextPrepare,23,0.9758110000000003,0.07710199999999999
after-ocr-off-c3,2609.04203v1.pdf,DocumentContext,1,2.3887650000000002,2.3887650000000002
after-ocr-off-c3,2609.04203v1.pdf,LayoutInference,20,1381.644881,76.284019
after-ocr-off-c3,2609.04203v1.pdf,LayoutPostprocess,20,0.455048,0.15521
after-ocr-off-c3,2609.04203v1.pdf,LayoutPreprocess,20,390.6761589999999,23.550561000000002
after-ocr-off-c3,2609.04203v1.pdf,LayoutQueue,20,2772.348741,198.68001199999998
after-ocr-off-c3,2609.04203v1.pdf,LayoutReadback,20,0.095156,0.008438
after-ocr-off-c3,2609.04203v1.pdf,LinkValidate,1,10.877873999999998,10.877873999999998
after-ocr-off-c3,2609.04203v1.pdf,ParseTotal,1,2518.91018,2518.91018
after-ocr-off-c3,2609.04203v1.pdf,PdfOpen,1,0.75659,0.75659
after-ocr-off-c3,2609.04203v1.pdf,PdfRender,20,772.7689750000003,226.39172499999998
after-ocr-off-c3,2609.04203v1.pdf,PdfiumQueue,1,0.00454,0.00454
after-ocr-off-c3,2609.04203v1.pdf,TableCellInference,1,19.820961,19.820961
after-ocr-off-c3,2609.04203v1.pdf,TableCellPostprocess,1,0.010389,0.010389
after-ocr-off-c3,2609.04203v1.pdf,TableCellPreprocess,1,8.725827,8.725827
after-ocr-off-c3,2609.04203v1.pdf,TableExternal,1,1072.7885050000002,1072.7885050000002
after-ocr-off-c3,2609.04203v1.pdf,TableFill,1,7.040663,7.040663
after-ocr-off-c3,2609.04203v1.pdf,TableRules,19,8.841627,1.080293
after-ocr-off-c3,2609.04203v1.pdf,TextExtract,20,618.156432,148.47226
after-ocr-off-c3,2609.04203v1.pdf,TextFinish,40,608.2910290000001,64.404606
after-ocr-off-c3,2609.04203v1.pdf,TextPrepare,20,0.8651849999999998,0.068218
after-ocr-off-c3,2609.04203v1.pdf,TsrInference,1,1041.507976,1041.507976
after-ocr-off-c3,2609.04203v1.pdf,TsrPostprocess,1,0.17176100000000002,0.17176100000000002
after-ocr-off-c3,2609.04203v1.pdf,TsrPreprocess,1,1.8760949999999998,1.8760949999999998
after-ocr-off-c3,2609.04203v1.pdf,TsrQueue,2,0.378765,0.238481
after-ocr-off-c4,2412.05210v1.pdf,DocumentContext,1,34.431481,34.431481
after-ocr-off-c4,2412.05210v1.pdf,LayoutInference,12,845.6240779999999,74.350377
after-ocr-off-c4,2412.05210v1.pdf,LayoutPostprocess,12,0.206045,0.046693
after-ocr-off-c4,2412.05210v1.pdf,LayoutPreprocess,12,257.49267899999995,25.84378
after-ocr-off-c4,2412.05210v1.pdf,LayoutQueue,12,7293.031852,787.186204
after-ocr-off-c4,2412.05210v1.pdf,LayoutReadback,12,0.050756,0.006255
after-ocr-off-c4,2412.05210v1.pdf,LinkValidate,1,9.058914,9.058914
after-ocr-off-c4,2412.05210v1.pdf,ParseTotal,1,2663.220601,2663.220601
after-ocr-off-c4,2412.05210v1.pdf,PdfOpen,1,0.483056,0.483056
after-ocr-off-c4,2412.05210v1.pdf,PdfRender,12,394.746403,96.382426
after-ocr-off-c4,2412.05210v1.pdf,PdfiumQueue,1,0.00016,0.00016
after-ocr-off-c4,2412.05210v1.pdf,TableRules,4,19.644597,9.650712
after-ocr-off-c4,2412.05210v1.pdf,TextExtract,12,244.72643,35.231494000000005
after-ocr-off-c4,2412.05210v1.pdf,TextFinish,24,502.94341800000007,246.776282
after-ocr-off-c4,2412.05210v1.pdf,TextPrepare,12,0.686106,0.13817500000000002
after-ocr-off-c4,2410.05779v3.pdf,DocumentContext,1,0.9925909999999999,0.9925909999999999
after-ocr-off-c4,2410.05779v3.pdf,LayoutInference,16,1126.536115,79.686764
after-ocr-off-c4,2410.05779v3.pdf,LayoutPostprocess,16,0.23446200000000003,0.04621
after-ocr-off-c4,2410.05779v3.pdf,LayoutPreprocess,16,326.199952,25.357806
after-ocr-off-c4,2410.05779v3.pdf,LayoutQueue,16,7548.759486,795.294344
after-ocr-off-c4,2410.05779v3.pdf,LayoutReadback,16,0.068685,0.005354
after-ocr-off-c4,2410.05779v3.pdf,LinkValidate,1,4.9546399999999995,4.9546399999999995
after-ocr-off-c4,2410.05779v3.pdf,ParseTotal,1,2792.095932,2792.095932
after-ocr-off-c4,2410.05779v3.pdf,PdfOpen,1,0.29441599999999996,0.29441599999999996
after-ocr-off-c4,2410.05779v3.pdf,PdfRender,16,340.31851300000005,33.398984
after-ocr-off-c4,2410.05779v3.pdf,PdfiumQueue,1,0.000135,0.000135
after-ocr-off-c4,2410.05779v3.pdf,TableRules,6,9.633896,2.815016
after-ocr-off-c4,2410.05779v3.pdf,TextExtract,16,181.787561,18.442363
after-ocr-off-c4,2410.05779v3.pdf,TextFinish,32,174.02413800000005,24.854688
after-ocr-off-c4,2410.05779v3.pdf,TextPrepare,16,0.4919760000000001,0.060473
after-ocr-off-c4,2604.18583v1.pdf,DocumentContext,1,1.973752,1.973752
after-ocr-off-c4,2604.18583v1.pdf,LayoutInference,15,1028.058286,72.624302
after-ocr-off-c4,2604.18583v1.pdf,LayoutPostprocess,15,0.24459,0.027540000000000002
after-ocr-off-c4,2604.18583v1.pdf,LayoutPreprocess,15,385.98845400000005,28.452448
after-ocr-off-c4,2604.18583v1.pdf,LayoutQueue,15,13651.737900999999,1029.0834380000001
after-ocr-off-c4,2604.18583v1.pdf,LayoutReadback,15,0.078046,0.0067020000000000005
after-ocr-off-c4,2604.18583v1.pdf,LinkValidate,1,7.734126,7.734126
after-ocr-off-c4,2604.18583v1.pdf,ParseTotal,1,4947.167058,4947.167058
after-ocr-off-c4,2604.18583v1.pdf,PdfOpen,1,0.369689,0.369689
after-ocr-off-c4,2604.18583v1.pdf,PdfRender,15,2278.495526,1011.825223
after-ocr-off-c4,2604.18583v1.pdf,PdfiumQueue,1,0.002279,0.002279
after-ocr-off-c4,2604.18583v1.pdf,TableRules,2,2.434565,1.333353
after-ocr-off-c4,2604.18583v1.pdf,TextExtract,15,279.035236,39.708475
after-ocr-off-c4,2604.18583v1.pdf,TextFinish,30,724.698264,286.08594
after-ocr-off-c4,2604.18583v1.pdf,TextPrepare,15,0.855273,0.15313300000000002
after-ocr-off-c4,2403.01632v4.pdf,DocumentContext,1,2.977502,2.977502
after-ocr-off-c4,2403.01632v4.pdf,LayoutInference,47,3237.4593160000004,76.432179
after-ocr-off-c4,2403.01632v4.pdf,LayoutPostprocess,47,0.6871910000000003,0.042407
after-ocr-off-c4,2403.01632v4.pdf,LayoutPreprocess,47,1100.7394559999998,29.946274
after-ocr-off-c4,2403.01632v4.pdf,LayoutQueue,47,35504.63946,1033.490198
after-ocr-off-c4,2403.01632v4.pdf,LayoutReadback,47,0.21695899999999993,0.007311
after-ocr-off-c4,2403.01632v4.pdf,LinkValidate,1,15.522043,15.522043
after-ocr-off-c4,2403.01632v4.pdf,ParseTotal,1,10802.082409,10802.082409
after-ocr-off-c4,2403.01632v4.pdf,PdfOpen,1,0.49599,0.49599
after-ocr-off-c4,2403.01632v4.pdf,PdfRender,47,940.585902,93.152406
after-ocr-off-c4,2403.01632v4.pdf,PdfiumQueue,1,0.00024900000000000004,0.00024900000000000004
after-ocr-off-c4,2403.01632v4.pdf,TableRules,7,4.528595,1.2306890000000001
after-ocr-off-c4,2403.01632v4.pdf,TextExtract,47,597.7720279999999,18.713941000000002
after-ocr-off-c4,2403.01632v4.pdf,TextFinish,94,786.904636,41.580246
after-ocr-off-c4,2403.01632v4.pdf,TextPrepare,47,1.6416119999999996,0.061089
after-ocr-off-c4,2604.21959v1.pdf,DocumentContext,1,0.217143,0.217143
after-ocr-off-c4,2604.21959v1.pdf,LayoutInference,3,202.09368999999998,68.282422
after-ocr-off-c4,2604.21959v1.pdf,LayoutPostprocess,3,0.066733,0.034186
after-ocr-off-c4,2604.21959v1.pdf,LayoutPreprocess,3,64.123993,23.029086
after-ocr-off-c4,2604.21959v1.pdf,LayoutQueue,3,1658.902103,626.7390809999999
after-ocr-off-c4,2604.21959v1.pdf,LayoutReadback,3,0.026955,0.010801999999999999
after-ocr-off-c4,2604.21959v1.pdf,LinkValidate,1,0.733978,0.733978
after-ocr-off-c4,2604.21959v1.pdf,ParseTotal,1,791.8222480000001,791.8222480000001
after-ocr-off-c4,2604.21959v1.pdf,PdfOpen,1,0.21287699999999998,0.21287699999999998
after-ocr-off-c4,2604.21959v1.pdf,PdfRender,3,48.483244,17.031528
after-ocr-off-c4,2604.21959v1.pdf,PdfiumQueue,1,0.003539,0.003539
after-ocr-off-c4,2604.21959v1.pdf,TextExtract,3,23.856794,11.529573
after-ocr-off-c4,2604.21959v1.pdf,TextFinish,6,23.424787000000002,14.698022
after-ocr-off-c4,2604.21959v1.pdf,TextPrepare,3,0.10907900000000001,0.04698
after-ocr-off-c4,2604.18584v1.pdf,DocumentContext,1,2.452157,2.452157
after-ocr-off-c4,2604.18584v1.pdf,LayoutInference,32,2171.1385400000004,75.93419399999999
after-ocr-off-c4,2604.18584v1.pdf,LayoutPostprocess,32,0.4825330000000001,0.041862
after-ocr-off-c4,2604.18584v1.pdf,LayoutPreprocess,32,777.7745620000002,34.562782
after-ocr-off-c4,2604.18584v1.pdf,LayoutQueue,32,22502.443093,937.7900930000001
after-ocr-off-c4,2604.18584v1.pdf,LayoutReadback,32,0.330219,0.065029
after-ocr-off-c4,2604.18584v1.pdf,LinkValidate,1,11.465065,11.465065
after-ocr-off-c4,2604.18584v1.pdf,ParseTotal,1,8452.5373,8452.5373
after-ocr-off-c4,2604.18584v1.pdf,PdfOpen,1,0.4534,0.4534
after-ocr-off-c4,2604.18584v1.pdf,PdfRender,32,751.9705349999999,124.71317499999999
after-ocr-off-c4,2604.18584v1.pdf,PdfiumQueue,1,0.004194,0.004194
after-ocr-off-c4,2604.18584v1.pdf,TableCellInference,2,231.555924,151.598401
after-ocr-off-c4,2604.18584v1.pdf,TableCellPostprocess,2,0.022017000000000002,0.019439
after-ocr-off-c4,2604.18584v1.pdf,TableCellPreprocess,2,19.711745999999998,11.811706
after-ocr-off-c4,2604.18584v1.pdf,TableExternal,2,6555.1095669999995,3966.290144
after-ocr-off-c4,2604.18584v1.pdf,TableFill,2,0.25754900000000003,0.17458400000000002
after-ocr-off-c4,2604.18584v1.pdf,TableRules,18,33.41333300000001,7.788733
after-ocr-off-c4,2604.18584v1.pdf,TextExtract,32,424.608427,22.279223
after-ocr-off-c4,2604.18584v1.pdf,TextFinish,64,498.71376300000003,63.235709
after-ocr-off-c4,2604.18584v1.pdf,TextPrepare,32,1.1462350000000001,0.100494
after-ocr-off-c4,2604.18584v1.pdf,TsrInference,2,2133.709093,1913.7029129999999
after-ocr-off-c4,2604.18584v1.pdf,TsrPostprocess,2,0.089814,0.08115
after-ocr-off-c4,2604.18584v1.pdf,TsrPreprocess,2,3.897149,3.259923
after-ocr-off-c4,2604.18584v1.pdf,TsrQueue,4,4165.182345,2207.971848
after-ocr-off-c4,2606.17056v1.pdf,DocumentContext,1,5.8000940000000005,5.8000940000000005
after-ocr-off-c4,2606.17056v1.pdf,LayoutInference,25,1757.48073,92.163988
after-ocr-off-c4,2606.17056v1.pdf,LayoutPostprocess,25,0.270547,0.021099
after-ocr-off-c4,2606.17056v1.pdf,LayoutPreprocess,25,605.3442159999998,32.568225
after-ocr-off-c4,2606.17056v1.pdf,LayoutQueue,25,15429.516309999999,774.266348
after-ocr-off-c4,2606.17056v1.pdf,LayoutReadback,25,0.196347,0.018099
after-ocr-off-c4,2606.17056v1.pdf,LinkValidate,1,6.226568,6.226568
after-ocr-off-c4,2606.17056v1.pdf,ParseTotal,1,5113.708961,5113.708961
after-ocr-off-c4,2606.17056v1.pdf,PdfOpen,1,0.6219790000000001,0.6219790000000001
after-ocr-off-c4,2606.17056v1.pdf,PdfRender,25,470.6459640000001,28.990565
after-ocr-off-c4,2606.17056v1.pdf,PdfiumQueue,1,0.005124,0.005124
after-ocr-off-c4,2606.17056v1.pdf,TableRules,4,3.7247600000000003,1.295007
after-ocr-off-c4,2606.17056v1.pdf,TextExtract,25,337.59765399999986,21.119803
after-ocr-off-c4,2606.17056v1.pdf,TextFinish,50,274.7425080000001,22.199639
after-ocr-off-c4,2606.17056v1.pdf,TextPrepare,25,0.8629480000000003,0.059132000000000004
after-ocr-off-c4,2609.04180v1.pdf,DocumentContext,1,1.773122,1.773122
after-ocr-off-c4,2609.04180v1.pdf,LayoutInference,23,1592.0083970000003,76.259911
after-ocr-off-c4,2609.04180v1.pdf,LayoutPostprocess,23,0.325647,0.027521
after-ocr-off-c4,2609.04180v1.pdf,LayoutPreprocess,23,550.603901,27.01696
after-ocr-off-c4,2609.04180v1.pdf,LayoutQueue,23,12651.891758999996,764.1879379999999
after-ocr-off-c4,2609.04180v1.pdf,LayoutReadback,23,0.11001100000000001,0.007018000000000001
after-ocr-off-c4,2609.04180v1.pdf,LinkValidate,1,10.412130000000001,10.412130000000001
after-ocr-off-c4,2609.04180v1.pdf,ParseTotal,1,4349.509898,4349.509898
after-ocr-off-c4,2609.04180v1.pdf,PdfOpen,1,0.592061,0.592061
after-ocr-off-c4,2609.04180v1.pdf,PdfRender,23,539.5223619999999,56.505747
after-ocr-off-c4,2609.04180v1.pdf,PdfiumQueue,1,0.004245,0.004245
after-ocr-off-c4,2609.04180v1.pdf,TableRules,12,6.652628999999999,1.253566
after-ocr-off-c4,2609.04180v1.pdf,TextExtract,23,350.64264299999996,28.200626999999997
after-ocr-off-c4,2609.04180v1.pdf,TextFinish,46,420.960707,34.91393
after-ocr-off-c4,2609.04180v1.pdf,TextPrepare,23,0.9745289999999998,0.07725699999999999
after-ocr-off-c4,2609.04184v1.pdf,DocumentContext,1,0.8596539999999999,0.8596539999999999
after-ocr-off-c4,2609.04184v1.pdf,LayoutInference,8,563.6112929999999,74.567705
after-ocr-off-c4,2609.04184v1.pdf,LayoutPostprocess,8,0.12421399999999999,0.031519
after-ocr-off-c4,2609.04184v1.pdf,LayoutPreprocess,8,175.802121,24.765711
after-ocr-off-c4,2609.04184v1.pdf,LayoutQueue,8,5499.445642999999,764.67529
after-ocr-off-c4,2609.04184v1.pdf,LayoutReadback,8,0.03555799999999999,0.004972
after-ocr-off-c4,2609.04184v1.pdf,LinkValidate,1,4.75428,4.75428
after-ocr-off-c4,2609.04184v1.pdf,ParseTotal,1,8866.186076,8866.186076
after-ocr-off-c4,2609.04184v1.pdf,PdfOpen,1,0.7367199999999999,0.7367199999999999
after-ocr-off-c4,2609.04184v1.pdf,PdfRender,8,203.088326,37.522982000000006
after-ocr-off-c4,2609.04184v1.pdf,PdfiumQueue,1,0.0028380000000000002,0.0028380000000000002
after-ocr-off-c4,2609.04184v1.pdf,TableCellInference,1,20.535542,20.535542
after-ocr-off-c4,2609.04184v1.pdf,TableCellPostprocess,1,0.014374,0.014374
after-ocr-off-c4,2609.04184v1.pdf,TableCellPreprocess,1,9.345411,9.345411
after-ocr-off-c4,2609.04184v1.pdf,TableExternal,1,7061.51497,7061.51497
after-ocr-off-c4,2609.04184v1.pdf,TableFill,1,1.1775579999999999,1.1775579999999999
after-ocr-off-c4,2609.04184v1.pdf,TableRules,7,4.05091,1.528054
after-ocr-off-c4,2609.04184v1.pdf,TextExtract,8,159.07646499999998,27.101544
after-ocr-off-c4,2609.04184v1.pdf,TextFinish,16,311.430478,84.66847299999999
after-ocr-off-c4,2609.04184v1.pdf,TextPrepare,8,0.551742,0.08354
after-ocr-off-c4,2609.04184v1.pdf,TsrInference,1,1203.359575,1203.359575
after-ocr-off-c4,2609.04184v1.pdf,TsrPostprocess,1,0.062355999999999995,0.062355999999999995
after-ocr-off-c4,2609.04184v1.pdf,TsrPreprocess,1,1.9783510000000002,1.9783510000000002
after-ocr-off-c4,2609.04184v1.pdf,TsrQueue,2,5825.823423,5825.616515
after-ocr-off-c4,2609.04203v1.pdf,DocumentContext,1,2.646229,2.646229
after-ocr-off-c4,2609.04203v1.pdf,LayoutInference,20,1357.8731069999997,74.08278999999999
after-ocr-off-c4,2609.04203v1.pdf,LayoutPostprocess,20,0.407539,0.04577
after-ocr-off-c4,2609.04203v1.pdf,LayoutPreprocess,20,515.869011,28.093881
after-ocr-off-c4,2609.04203v1.pdf,LayoutQueue,20,8393.508059,468.797907
after-ocr-off-c4,2609.04203v1.pdf,LayoutReadback,20,0.098289,0.00959
after-ocr-off-c4,2609.04203v1.pdf,LinkValidate,1,12.440869000000001,12.440869000000001
after-ocr-off-c4,2609.04203v1.pdf,ParseTotal,1,5260.917219999999,5260.917219999999
after-ocr-off-c4,2609.04203v1.pdf,PdfOpen,1,0.807268,0.807268
after-ocr-off-c4,2609.04203v1.pdf,PdfRender,20,926.735795,268.021159
after-ocr-off-c4,2609.04203v1.pdf,PdfiumQueue,1,0.003064,0.003064
after-ocr-off-c4,2609.04203v1.pdf,TableCellInference,1,21.160702,21.160702
after-ocr-off-c4,2609.04203v1.pdf,TableCellPostprocess,1,0.055927000000000004,0.055927000000000004
after-ocr-off-c4,2609.04203v1.pdf,TableCellPreprocess,1,12.88633,12.88633
after-ocr-off-c4,2609.04203v1.pdf,TableExternal,1,3249.769688,3249.769688
after-ocr-off-c4,2609.04203v1.pdf,TableFill,1,7.4237,7.4237
after-ocr-off-c4,2609.04203v1.pdf,TableRules,19,12.006431000000001,1.6233650000000002
after-ocr-off-c4,2609.04203v1.pdf,TextExtract,20,632.4543309999999,144.21846299999999
after-ocr-off-c4,2609.04203v1.pdf,TextFinish,40,764.195267,76.912516
after-ocr-off-c4,2609.04203v1.pdf,TextPrepare,20,1.2573459999999999,0.127414
after-ocr-off-c4,2609.04203v1.pdf,TsrInference,1,241.673796,241.673796
after-ocr-off-c4,2609.04203v1.pdf,TsrPostprocess,1,0.20607399999999998,0.20607399999999998
after-ocr-off-c4,2609.04203v1.pdf,TsrPreprocess,1,2.366448,2.366448
after-ocr-off-c4,2609.04203v1.pdf,TsrQueue,2,2970.9537560000003,2970.6959460000003
after-ocr-off-c4,2603.01919v2.pdf,DocumentContext,1,2.646506,2.646506
after-ocr-off-c4,2603.01919v2.pdf,LayoutInference,23,1555.7691989999998,73.893392
after-ocr-off-c4,2603.01919v2.pdf,LayoutPostprocess,23,0.3554950000000001,0.063082
after-ocr-off-c4,2603.01919v2.pdf,LayoutPreprocess,23,611.5098389999999,31.871602999999997
after-ocr-off-c4,2603.01919v2.pdf,LayoutQueue,23,20394.66061,1017.9184779999999
after-ocr-off-c4,2603.01919v2.pdf,LayoutReadback,23,0.11183599999999999,0.006541
after-ocr-off-c4,2603.01919v2.pdf,LinkValidate,1,13.668532,13.668532
after-ocr-off-c4,2603.01919v2.pdf,ParseTotal,1,23343.189624000002,23343.189624000002
after-ocr-off-c4,2603.01919v2.pdf,PdfOpen,1,0.440365,0.440365
after-ocr-off-c4,2603.01919v2.pdf,PdfRender,23,1019.658619,180.630993
after-ocr-off-c4,2603.01919v2.pdf,PdfiumQueue,1,0.0018780000000000001,0.0018780000000000001
after-ocr-off-c4,2603.01919v2.pdf,TableCellInference,1,20.411591,20.411591
after-ocr-off-c4,2603.01919v2.pdf,TableCellPostprocess,1,0.007807,0.007807
after-ocr-off-c4,2603.01919v2.pdf,TableCellPreprocess,1,11.142132,11.142132
after-ocr-off-c4,2603.01919v2.pdf,TableExternal,1,18522.283464,18522.283464
after-ocr-off-c4,2603.01919v2.pdf,TableFill,1,0.175391,0.175391
after-ocr-off-c4,2603.01919v2.pdf,TableRules,18,29.277720000000002,6.344541
after-ocr-off-c4,2603.01919v2.pdf,TextExtract,23,476.32399499999997,58.182010999999996
after-ocr-off-c4,2603.01919v2.pdf,TextFinish,46,699.6591900000002,101.416704
after-ocr-off-c4,2603.01919v2.pdf,TextPrepare,23,1.0971370000000003,0.08803
after-ocr-off-c4,2603.01919v2.pdf,TsrInference,3,8201.840586,6512.208606
after-ocr-off-c4,2603.01919v2.pdf,TsrPostprocess,3,0.350442,0.182642
after-ocr-off-c4,2603.01919v2.pdf,TsrPreprocess,3,4.824745,2.717898
after-ocr-off-c4,2603.01919v2.pdf,TsrQueue,4,10282.554788,8798.632649
after-ocr-off-c4,2303.18223v16.pdf,DocumentContext,1,16.923145,16.923145
after-ocr-off-c4,2303.18223v16.pdf,LayoutInference,144,9899.592094999996,82.69293599999999
after-ocr-off-c4,2303.18223v16.pdf,LayoutPostprocess,144,2.400198,0.045843
after-ocr-off-c4,2303.18223v16.pdf,LayoutPreprocess,144,3657.5390990000005,40.016189
after-ocr-off-c4,2303.18223v16.pdf,LayoutQueue,144,76155.613636,1029.127727
after-ocr-off-c4,2303.18223v16.pdf,LayoutReadback,144,0.8674429999999996,0.021413
after-ocr-off-c4,2303.18223v16.pdf,LinkValidate,1,72.45096099999999,72.45096099999999
after-ocr-off-c4,2303.18223v16.pdf,ParseTotal,1,26277.580489999997,26277.580489999997
after-ocr-off-c4,2303.18223v16.pdf,PdfOpen,1,0.814639,0.814639
after-ocr-off-c4,2303.18223v16.pdf,PdfRender,144,2957.490943,129.39976000000001
after-ocr-off-c4,2303.18223v16.pdf,PdfiumQueue,1,0.003238,0.003238
after-ocr-off-c4,2303.18223v16.pdf,TableCellInference,1,23.461783999999998,23.461783999999998
after-ocr-off-c4,2303.18223v16.pdf,TableCellPostprocess,1,0.007944999999999999,0.007944999999999999
after-ocr-off-c4,2303.18223v16.pdf,TableCellPreprocess,1,13.044734,13.044734
after-ocr-off-c4,2303.18223v16.pdf,TableExternal,1,12703.123961,12703.123961
after-ocr-off-c4,2303.18223v16.pdf,TableFill,1,1.843715,1.843715
after-ocr-off-c4,2303.18223v16.pdf,TableRules,24,44.192442,6.68094
after-ocr-off-c4,2303.18223v16.pdf,TextExtract,144,3032.6187639999994,27.685782
after-ocr-off-c4,2303.18223v16.pdf,TextFinish,288,7498.652771999994,171.737379
after-ocr-off-c4,2303.18223v16.pdf,TextPrepare,144,9.292913999999998,0.167827
after-ocr-off-c4,2303.18223v16.pdf,TsrInference,5,6871.5453370000005,6666.373032
after-ocr-off-c4,2303.18223v16.pdf,TsrPostprocess,5,0.336252,0.1492
after-ocr-off-c4,2303.18223v16.pdf,TsrPreprocess,5,8.534524999999999,2.917027
after-ocr-off-c4,2303.18223v16.pdf,TsrQueue,6,5782.1829800000005,3079.814512
after-ocr-off-c5,2412.05210v1.pdf,DocumentContext,1,34.995524,34.995524
after-ocr-off-c5,2412.05210v1.pdf,LayoutInference,12,837.4560930000001,72.627209
after-ocr-off-c5,2412.05210v1.pdf,LayoutPostprocess,12,0.14282399999999998,0.022407
after-ocr-off-c5,2412.05210v1.pdf,LayoutPreprocess,12,266.9984160000001,24.462602
after-ocr-off-c5,2412.05210v1.pdf,LayoutQueue,12,9272.628716,1065.4783590000002
after-ocr-off-c5,2412.05210v1.pdf,LayoutReadback,12,0.05533300000000001,0.007757999999999999
after-ocr-off-c5,2412.05210v1.pdf,LinkValidate,1,8.510513000000001,8.510513000000001
after-ocr-off-c5,2412.05210v1.pdf,ParseTotal,1,3238.32275,3238.32275
after-ocr-off-c5,2412.05210v1.pdf,PdfOpen,1,0.36215800000000004,0.36215800000000004
after-ocr-off-c5,2412.05210v1.pdf,PdfRender,12,379.35579799999994,83.12298
after-ocr-off-c5,2412.05210v1.pdf,PdfiumQueue,1,0.000348,0.000348
after-ocr-off-c5,2412.05210v1.pdf,TableRules,4,23.314543,13.188699999999999
after-ocr-off-c5,2412.05210v1.pdf,TextExtract,12,243.19093999999998,32.097458
after-ocr-off-c5,2412.05210v1.pdf,TextFinish,24,514.1015309999999,243.677429
after-ocr-off-c5,2412.05210v1.pdf,TextPrepare,12,0.5550669999999999,0.09521
after-ocr-off-c5,2410.05779v3.pdf,DocumentContext,1,0.7563650000000001,0.7563650000000001
after-ocr-off-c5,2410.05779v3.pdf,LayoutInference,16,1125.912665,76.576533
after-ocr-off-c5,2410.05779v3.pdf,LayoutPostprocess,16,0.17664899999999997,0.024402
after-ocr-off-c5,2410.05779v3.pdf,LayoutPreprocess,16,343.566207,29.068348
after-ocr-off-c5,2410.05779v3.pdf,LayoutQueue,16,9603.066139,1072.54096
after-ocr-off-c5,2410.05779v3.pdf,LayoutReadback,16,0.072226,0.012413
after-ocr-off-c5,2410.05779v3.pdf,LinkValidate,1,4.980895,4.980895
after-ocr-off-c5,2410.05779v3.pdf,ParseTotal,1,3364.001718,3364.001718
after-ocr-off-c5,2410.05779v3.pdf,PdfOpen,1,0.536648,0.536648
after-ocr-off-c5,2410.05779v3.pdf,PdfRender,16,351.075998,48.473727000000004
after-ocr-off-c5,2410.05779v3.pdf,PdfiumQueue,1,0.000376,0.000376
after-ocr-off-c5,2410.05779v3.pdf,TableRules,6,8.464266,2.357831
after-ocr-off-c5,2410.05779v3.pdf,TextExtract,16,193.49938100000003,19.322867000000002
after-ocr-off-c5,2410.05779v3.pdf,TextFinish,32,166.268879,25.440318
after-ocr-off-c5,2410.05779v3.pdf,TextPrepare,16,0.45751000000000003,0.047436
after-ocr-off-c5,2604.18583v1.pdf,DocumentContext,1,1.9883589999999998,1.9883589999999998
after-ocr-off-c5,2604.18583v1.pdf,LayoutInference,15,1029.794761,75.185315
after-ocr-off-c5,2604.18583v1.pdf,LayoutPostprocess,15,0.279079,0.032616
after-ocr-off-c5,2604.18583v1.pdf,LayoutPreprocess,15,427.77298500000006,33.821149
after-ocr-off-c5,2604.18583v1.pdf,LayoutQueue,15,16620.437710000002,1342.853584
after-ocr-off-c5,2604.18583v1.pdf,LayoutReadback,15,0.07257999999999999,0.007126
after-ocr-off-c5,2604.18583v1.pdf,LinkValidate,1,7.783358,7.783358
after-ocr-off-c5,2604.18583v1.pdf,ParseTotal,1,5565.479018999999,5565.479018999999
after-ocr-off-c5,2604.18583v1.pdf,PdfOpen,1,0.42098199999999997,0.42098199999999997
after-ocr-off-c5,2604.18583v1.pdf,PdfRender,15,2712.707242,1037.208406
after-ocr-off-c5,2604.18583v1.pdf,PdfiumQueue,1,0.00329,0.00329
after-ocr-off-c5,2604.18583v1.pdf,TableRules,2,2.126889,1.206308
after-ocr-off-c5,2604.18583v1.pdf,TextExtract,15,298.559354,43.563843999999996
after-ocr-off-c5,2604.18583v1.pdf,TextFinish,30,602.937154,197.826282
after-ocr-off-c5,2604.18583v1.pdf,TextPrepare,15,0.910286,0.097668
after-ocr-off-c5,2604.21959v1.pdf,DocumentContext,1,0.172209,0.172209
after-ocr-off-c5,2604.21959v1.pdf,LayoutInference,3,210.043219,71.353003
after-ocr-off-c5,2604.21959v1.pdf,LayoutPostprocess,3,0.04095,0.024659
after-ocr-off-c5,2604.21959v1.pdf,LayoutPreprocess,3,64.93205,22.690223
after-ocr-off-c5,2604.21959v1.pdf,LayoutQueue,3,2529.4028369999996,917.162053
after-ocr-off-c5,2604.21959v1.pdf,LayoutReadback,3,0.011306,0.003903
after-ocr-off-c5,2604.21959v1.pdf,LinkValidate,1,0.651917,0.651917
after-ocr-off-c5,2604.21959v1.pdf,ParseTotal,1,1092.3262750000001,1092.3262750000001
after-ocr-off-c5,2604.21959v1.pdf,PdfOpen,1,0.506144,0.506144
after-ocr-off-c5,2604.21959v1.pdf,PdfRender,3,51.21973500000001,18.203031000000003
after-ocr-off-c5,2604.21959v1.pdf,PdfiumQueue,1,0.003397,0.003397
after-ocr-off-c5,2604.21959v1.pdf,TextExtract,3,25.102581,12.979135
after-ocr-off-c5,2604.21959v1.pdf,TextFinish,6,18.806359000000004,11.474883
after-ocr-off-c5,2604.21959v1.pdf,TextPrepare,3,0.08422299999999999,0.041798
after-ocr-off-c5,2604.18584v1.pdf,DocumentContext,1,2.545197,2.545197
after-ocr-off-c5,2604.18584v1.pdf,LayoutInference,32,2210.526465,80.201381
after-ocr-off-c5,2604.18584v1.pdf,LayoutPostprocess,32,0.403903,0.028708
after-ocr-off-c5,2604.18584v1.pdf,LayoutPreprocess,32,774.2317439999999,32.096432
after-ocr-off-c5,2604.18584v1.pdf,LayoutQueue,32,33416.541771,1339.633866
after-ocr-off-c5,2604.18584v1.pdf,LayoutReadback,32,0.14691700000000002,0.00617
after-ocr-off-c5,2604.18584v1.pdf,LinkValidate,1,13.547306,13.547306
after-ocr-off-c5,2604.18584v1.pdf,ParseTotal,1,9787.766196,9787.766196
after-ocr-off-c5,2604.18584v1.pdf,PdfOpen,1,0.5209499999999999,0.5209499999999999
after-ocr-off-c5,2604.18584v1.pdf,PdfRender,32,763.320528,99.71835800000001
after-ocr-off-c5,2604.18584v1.pdf,PdfiumQueue,1,0.0038929999999999998,0.0038929999999999998
after-ocr-off-c5,2604.18584v1.pdf,TableCellInference,2,223.30543000000003,134.10752100000002
after-ocr-off-c5,2604.18584v1.pdf,TableCellPostprocess,2,0.016597,0.013855000000000001
after-ocr-off-c5,2604.18584v1.pdf,TableCellPreprocess,2,21.130566,13.298335
after-ocr-off-c5,2604.18584v1.pdf,TableExternal,2,5680.526506,3334.633954
after-ocr-off-c5,2604.18584v1.pdf,TableFill,2,0.2798,0.165188
after-ocr-off-c5,2604.18584v1.pdf,TableRules,18,32.800593,8.565279
after-ocr-off-c5,2604.18584v1.pdf,TextExtract,32,390.184651,20.408704999999998
after-ocr-off-c5,2604.18584v1.pdf,TextFinish,64,517.0597800000002,67.326334
after-ocr-off-c5,2604.18584v1.pdf,TextPrepare,32,1.0469950000000001,0.07721800000000001
after-ocr-off-c5,2604.18584v1.pdf,TsrInference,2,2037.765377,1768.779296
after-ocr-off-c5,2604.18584v1.pdf,TsrPostprocess,2,0.082501,0.067065
after-ocr-off-c5,2604.18584v1.pdf,TsrPreprocess,2,2.74824,2.204513
after-ocr-off-c5,2604.18584v1.pdf,TsrQueue,4,3394.433356,1978.620805
after-ocr-off-c5,2403.01632v4.pdf,DocumentContext,1,4.179481,4.179481
after-ocr-off-c5,2403.01632v4.pdf,LayoutInference,47,3272.047016,75.297935
after-ocr-off-c5,2403.01632v4.pdf,LayoutPostprocess,47,0.8572219999999998,0.087316
after-ocr-off-c5,2403.01632v4.pdf,LayoutPreprocess,47,1103.720609,29.823842
after-ocr-off-c5,2403.01632v4.pdf,LayoutQueue,47,47456.248693999994,1344.161742
after-ocr-off-c5,2403.01632v4.pdf,LayoutReadback,47,0.222587,0.008208
after-ocr-off-c5,2403.01632v4.pdf,LinkValidate,1,17.137307,17.137307
after-ocr-off-c5,2403.01632v4.pdf,ParseTotal,1,13971.515302,13971.515302
after-ocr-off-c5,2403.01632v4.pdf,PdfOpen,1,0.537219,0.537219
after-ocr-off-c5,2403.01632v4.pdf,PdfRender,47,950.68061,63.183381
after-ocr-off-c5,2403.01632v4.pdf,PdfiumQueue,1,0.000443,0.000443
after-ocr-off-c5,2403.01632v4.pdf,TableRules,7,4.5630109999999995,1.259694
after-ocr-off-c5,2403.01632v4.pdf,TextExtract,47,644.3673870000001,22.473413
after-ocr-off-c5,2403.01632v4.pdf,TextFinish,94,786.0321790000003,35.924037999999996
after-ocr-off-c5,2403.01632v4.pdf,TextPrepare,47,1.904799,0.216586
after-ocr-off-c5,2603.01919v2.pdf,DocumentContext,1,2.366356,2.366356
after-ocr-off-c5,2603.01919v2.pdf,LayoutInference,23,1612.475922,75.754511
after-ocr-off-c5,2603.01919v2.pdf,LayoutPostprocess,23,0.361937,0.036465
after-ocr-off-c5,2603.01919v2.pdf,LayoutPreprocess,23,583.6264229999999,33.582374
after-ocr-off-c5,2603.01919v2.pdf,LayoutQueue,23,22757.291806999998,1341.2522510000001
after-ocr-off-c5,2603.01919v2.pdf,LayoutReadback,23,0.136649,0.025001
after-ocr-off-c5,2603.01919v2.pdf,LinkValidate,1,13.129154,13.129154
after-ocr-off-c5,2603.01919v2.pdf,ParseTotal,1,16231.811573,16231.811573
after-ocr-off-c5,2603.01919v2.pdf,PdfOpen,1,0.714935,0.714935
after-ocr-off-c5,2603.01919v2.pdf,PdfRender,23,932.2804349999999,176.492988
after-ocr-off-c5,2603.01919v2.pdf,PdfiumQueue,1,0.000374,0.000374
after-ocr-off-c5,2603.01919v2.pdf,TableCellInference,1,131.61355,131.61355
after-ocr-off-c5,2603.01919v2.pdf,TableCellPostprocess,1,0.011632,0.011632
after-ocr-off-c5,2603.01919v2.pdf,TableCellPreprocess,1,8.373832,8.373832
after-ocr-off-c5,2603.01919v2.pdf,TableExternal,1,11795.207308000001,11795.207308000001
after-ocr-off-c5,2603.01919v2.pdf,TableFill,1,0.20613399999999998,0.20613399999999998
after-ocr-off-c5,2603.01919v2.pdf,TableRules,18,27.980743,6.439313
after-ocr-off-c5,2603.01919v2.pdf,TextExtract,23,499.37641199999996,58.977448
after-ocr-off-c5,2603.01919v2.pdf,TextFinish,46,632.398215,84.85770400000001
after-ocr-off-c5,2603.01919v2.pdf,TextPrepare,23,0.9951169999999998,0.07727200000000001
after-ocr-off-c5,2603.01919v2.pdf,TsrInference,3,9612.410728,6557.125972
after-ocr-off-c5,2603.01919v2.pdf,TsrPostprocess,3,0.330759,0.212926
after-ocr-off-c5,2603.01919v2.pdf,TsrPreprocess,3,4.210405,2.042205
after-ocr-off-c5,2603.01919v2.pdf,TsrQueue,4,2036.7365910000003,2036.0743870000001
after-ocr-off-c5,2606.17056v1.pdf,DocumentContext,1,5.071999,5.071999
after-ocr-off-c5,2606.17056v1.pdf,LayoutInference,25,1756.0561889999997,97.316265
after-ocr-off-c5,2606.17056v1.pdf,LayoutPostprocess,25,0.31495599999999996,0.041018
after-ocr-off-c5,2606.17056v1.pdf,LayoutPreprocess,25,584.365229,28.957290999999998
after-ocr-off-c5,2606.17056v1.pdf,LayoutQueue,25,23201.908961,1052.274908
after-ocr-off-c5,2606.17056v1.pdf,LayoutReadback,25,0.17219699999999996,0.018664999999999998
after-ocr-off-c5,2606.17056v1.pdf,LinkValidate,1,7.0514339999999995,7.0514339999999995
after-ocr-off-c5,2606.17056v1.pdf,ParseTotal,1,7252.864423,7252.864423
after-ocr-off-c5,2606.17056v1.pdf,PdfOpen,1,0.396746,0.396746
after-ocr-off-c5,2606.17056v1.pdf,PdfRender,25,460.5635739999999,29.136129
after-ocr-off-c5,2606.17056v1.pdf,PdfiumQueue,1,0.002835,0.002835
after-ocr-off-c5,2606.17056v1.pdf,TableRules,4,4.410098,1.6728640000000001
after-ocr-off-c5,2606.17056v1.pdf,TextExtract,25,278.076332,18.681379
after-ocr-off-c5,2606.17056v1.pdf,TextFinish,50,273.430126,22.519935
after-ocr-off-c5,2606.17056v1.pdf,TextPrepare,25,0.7906400000000001,0.051898
after-ocr-off-c5,2609.04184v1.pdf,DocumentContext,1,0.884038,0.884038
after-ocr-off-c5,2609.04184v1.pdf,LayoutInference,8,552.20218,79.131756
after-ocr-off-c5,2609.04184v1.pdf,LayoutPostprocess,8,0.131436,0.024422
after-ocr-off-c5,2609.04184v1.pdf,LayoutPreprocess,8,192.20417000000003,26.827545
after-ocr-off-c5,2609.04184v1.pdf,LayoutQueue,8,7452.854558,1018.415713
after-ocr-off-c5,2609.04184v1.pdf,LayoutReadback,8,0.07333100000000001,0.011718000000000001
after-ocr-off-c5,2609.04184v1.pdf,LinkValidate,1,4.9514119999999995,4.9514119999999995
after-ocr-off-c5,2609.04184v1.pdf,ParseTotal,1,4044.7648770000005,4044.7648770000005
after-ocr-off-c5,2609.04184v1.pdf,PdfOpen,1,1.1232550000000001,1.1232550000000001
after-ocr-off-c5,2609.04184v1.pdf,PdfRender,8,232.46484,41.999997
after-ocr-off-c5,2609.04184v1.pdf,PdfiumQueue,1,0.00376,0.00376
after-ocr-off-c5,2609.04184v1.pdf,TableCellInference,1,148.334624,148.334624
after-ocr-off-c5,2609.04184v1.pdf,TableCellPostprocess,1,0.014008,0.014008
after-ocr-off-c5,2609.04184v1.pdf,TableCellPreprocess,1,12.054799999999998,12.054799999999998
after-ocr-off-c5,2609.04184v1.pdf,TableExternal,1,1680.0132460000002,1680.0132460000002
after-ocr-off-c5,2609.04184v1.pdf,TableFill,1,1.267741,1.267741
after-ocr-off-c5,2609.04184v1.pdf,TableRules,7,2.9783549999999996,0.818872
after-ocr-off-c5,2609.04184v1.pdf,TextExtract,8,194.41621800000001,33.994628999999996
after-ocr-off-c5,2609.04184v1.pdf,TextFinish,16,287.05906400000003,82.69501
after-ocr-off-c5,2609.04184v1.pdf,TextPrepare,8,0.489688,0.09368900000000001
after-ocr-off-c5,2609.04184v1.pdf,TsrInference,1,1516.341845,1516.341845
after-ocr-off-c5,2609.04184v1.pdf,TsrPostprocess,1,0.080465,0.080465
after-ocr-off-c5,2609.04184v1.pdf,TsrPreprocess,1,2.320644,2.320644
after-ocr-off-c5,2609.04184v1.pdf,TsrQueue,2,0.390251,0.23161500000000002
after-ocr-off-c5,2609.04180v1.pdf,DocumentContext,1,2.229051,2.229051
after-ocr-off-c5,2609.04180v1.pdf,LayoutInference,23,1576.991338,81.58084699999999
after-ocr-off-c5,2609.04180v1.pdf,LayoutPostprocess,23,0.336352,0.025106999999999997
after-ocr-off-c5,2609.04180v1.pdf,LayoutPreprocess,23,610.3954340000001,30.305979
after-ocr-off-c5,2609.04180v1.pdf,LayoutQueue,23,18259.257717,1009.768003
after-ocr-off-c5,2609.04180v1.pdf,LayoutReadback,23,0.21831700000000004,0.018269
after-ocr-off-c5,2609.04180v1.pdf,LinkValidate,1,12.399367999999999,12.399367999999999
after-ocr-off-c5,2609.04180v1.pdf,ParseTotal,1,5905.081357,5905.081357
after-ocr-off-c5,2609.04180v1.pdf,PdfOpen,1,0.751501,0.751501
after-ocr-off-c5,2609.04180v1.pdf,PdfRender,23,578.4940170000001,54.124297
after-ocr-off-c5,2609.04180v1.pdf,PdfiumQueue,1,0.004145,0.004145
after-ocr-off-c5,2609.04180v1.pdf,TableRules,12,6.785397000000001,1.121723
after-ocr-off-c5,2609.04180v1.pdf,TextExtract,23,430.661438,37.388112
after-ocr-off-c5,2609.04180v1.pdf,TextFinish,46,465.103423,42.638442999999995
after-ocr-off-c5,2609.04180v1.pdf,TextPrepare,23,1.1636799999999998,0.08455599999999999
after-ocr-off-c5,2609.04203v1.pdf,DocumentContext,1,2.989405,2.989405
after-ocr-off-c5,2609.04203v1.pdf,LayoutInference,20,1367.522954,80.822357
after-ocr-off-c5,2609.04203v1.pdf,LayoutPostprocess,20,0.447121,0.040145
after-ocr-off-c5,2609.04203v1.pdf,LayoutPreprocess,20,610.67727,34.475369
after-ocr-off-c5,2609.04203v1.pdf,LayoutQueue,20,11308.049525999999,752.9129770000001
after-ocr-off-c5,2609.04203v1.pdf,LayoutReadback,20,0.21622300000000003,0.019157999999999998
after-ocr-off-c5,2609.04203v1.pdf,LinkValidate,1,11.39373,11.39373
after-ocr-off-c5,2609.04203v1.pdf,ParseTotal,1,9736.898057,9736.898057
after-ocr-off-c5,2609.04203v1.pdf,PdfOpen,1,0.731846,0.731846
after-ocr-off-c5,2609.04203v1.pdf,PdfRender,20,1042.372217,289.888529
after-ocr-off-c5,2609.04203v1.pdf,PdfiumQueue,1,0.003401,0.003401
after-ocr-off-c5,2609.04203v1.pdf,TableCellInference,1,23.087923,23.087923
after-ocr-off-c5,2609.04203v1.pdf,TableCellPostprocess,1,0.038155999999999995,0.038155999999999995
after-ocr-off-c5,2609.04203v1.pdf,TableCellPreprocess,1,13.337079,13.337079
after-ocr-off-c5,2609.04203v1.pdf,TableExternal,1,7062.588724,7062.588724
after-ocr-off-c5,2609.04203v1.pdf,TableFill,1,7.510315,7.510315
after-ocr-off-c5,2609.04203v1.pdf,TableRules,19,14.586278999999998,1.6933930000000001
after-ocr-off-c5,2609.04203v1.pdf,TextExtract,20,602.78437,129.834538
after-ocr-off-c5,2609.04203v1.pdf,TextFinish,40,950.407378,94.580124
after-ocr-off-c5,2609.04203v1.pdf,TextPrepare,20,1.38484,0.12904100000000002
after-ocr-off-c5,2609.04203v1.pdf,TsrInference,1,1319.701197,1319.701197
after-ocr-off-c5,2609.04203v1.pdf,TsrPostprocess,1,0.215037,0.215037
after-ocr-off-c5,2609.04203v1.pdf,TsrPreprocess,1,3.8699429999999997,3.8699429999999997
after-ocr-off-c5,2609.04203v1.pdf,TsrQueue,2,5701.928942,5701.711104
after-ocr-off-c5,2303.18223v16.pdf,DocumentContext,1,20.000794999999997,20.000794999999997
after-ocr-off-c5,2303.18223v16.pdf,LayoutInference,144,9922.923330999998,77.81583
after-ocr-off-c5,2303.18223v16.pdf,LayoutPostprocess,144,2.404485,0.04448100000000001
after-ocr-off-c5,2303.18223v16.pdf,LayoutPreprocess,144,3638.9456550000004,37.833854
after-ocr-off-c5,2303.18223v16.pdf,LayoutQueue,144,75948.774398,1335.988864
after-ocr-off-c5,2303.18223v16.pdf,LayoutReadback,144,1.1818410000000001,0.035592
after-ocr-off-c5,2303.18223v16.pdf,LinkValidate,1,81.457813,81.457813
after-ocr-off-c5,2303.18223v16.pdf,ParseTotal,1,26298.854505000003,26298.854505000003
after-ocr-off-c5,2303.18223v16.pdf,PdfOpen,1,0.7488319999999999,0.7488319999999999
after-ocr-off-c5,2303.18223v16.pdf,PdfRender,144,3022.160262000001,149.019864
after-ocr-off-c5,2303.18223v16.pdf,PdfiumQueue,1,0.002984,0.002984
after-ocr-off-c5,2303.18223v16.pdf,TableCellInference,1,21.404879,21.404879
after-ocr-off-c5,2303.18223v16.pdf,TableCellPostprocess,1,0.006882,0.006882
after-ocr-off-c5,2303.18223v16.pdf,TableCellPreprocess,1,13.512634,13.512634
after-ocr-off-c5,2303.18223v16.pdf,TableExternal,1,9580.704182,9580.704182
after-ocr-off-c5,2303.18223v16.pdf,TableFill,1,1.855918,1.855918
after-ocr-off-c5,2303.18223v16.pdf,TableRules,24,51.08798100000001,9.631389
after-ocr-off-c5,2303.18223v16.pdf,TextExtract,144,3214.272501,29.679361
after-ocr-off-c5,2303.18223v16.pdf,TextFinish,288,6938.740890999999,175.841373
after-ocr-off-c5,2303.18223v16.pdf,TextPrepare,144,9.440935,0.236461
after-ocr-off-c5,2303.18223v16.pdf,TsrInference,5,6919.645915000001,6709.894817
after-ocr-off-c5,2303.18223v16.pdf,TsrPostprocess,5,0.33465,0.138792
after-ocr-off-c5,2303.18223v16.pdf,TsrPreprocess,5,9.036995000000001,3.731209
after-ocr-off-c5,2303.18223v16.pdf,TsrQueue,6,2613.034843000001,1315.8069500000001
after-ocr-on-c2,2403.01632v4.pdf,DocumentContext,1,2.996138,2.996138
after-ocr-on-c2,2403.01632v4.pdf,LayoutInference,47,4723.270941999999,196.02714500000002
after-ocr-on-c2,2403.01632v4.pdf,LayoutPostprocess,47,0.704743,0.067958
after-ocr-on-c2,2403.01632v4.pdf,LayoutPreprocess,47,956.5479929999998,26.160421
after-ocr-on-c2,2403.01632v4.pdf,LayoutQueue,47,8542.213713999996,427.15676
after-ocr-on-c2,2403.01632v4.pdf,LayoutReadback,47,0.198616,0.007981
after-ocr-on-c2,2403.01632v4.pdf,LinkValidate,1,18.316608000000002,18.316608000000002
after-ocr-on-c2,2403.01632v4.pdf,Ocr,13,85761.847479,11840.763568
after-ocr-on-c2,2403.01632v4.pdf,OcrDecode,417,1.7412280000000004,0.120714
after-ocr-on-c2,2403.01632v4.pdf,OcrDetectionInference,13,2143.015507,195.20142700000002
after-ocr-on-c2,2403.01632v4.pdf,OcrDetectionPostprocess,13,134.340368,14.486863000000001
after-ocr-on-c2,2403.01632v4.pdf,OcrDetectionPreprocess,13,621.849521,58.876057
after-ocr-on-c2,2403.01632v4.pdf,OcrOrientationInference,197,4286.8931630000025,379.171555
after-ocr-on-c2,2403.01632v4.pdf,OcrQueue,420,63816.86535400002,8149.8475579999995
after-ocr-on-c2,2403.01632v4.pdf,OcrReadback,407,1171.1454380000002,32.164548
after-ocr-on-c2,2403.01632v4.pdf,OcrRecognitionInference,197,13091.012676000002,617.6726030000001
after-ocr-on-c2,2403.01632v4.pdf,OcrRecognitionPreprocess,394,365.8628,6.766119
after-ocr-on-c2,2403.01632v4.pdf,ParseTotal,1,24328.170100000003,24328.170100000003
after-ocr-on-c2,2403.01632v4.pdf,PdfOpen,1,0.448907,0.448907
after-ocr-on-c2,2403.01632v4.pdf,PdfRender,47,856.48169,73.100486
after-ocr-on-c2,2403.01632v4.pdf,PdfiumQueue,1,0.000521,0.000521
after-ocr-on-c2,2403.01632v4.pdf,TableRules,7,5.330025999999999,2.06032
after-ocr-on-c2,2403.01632v4.pdf,TextExtract,47,550.232081,15.764907000000001
after-ocr-on-c2,2403.01632v4.pdf,TextFinish,94,679.2101580000003,29.889803999999998
after-ocr-on-c2,2403.01632v4.pdf,TextPrepare,47,2.998744,0.128149
after-ocr-on-c2,2303.18223v16.pdf,DocumentContext,1,14.021532,14.021532
after-ocr-on-c2,2303.18223v16.pdf,LayoutInference,144,12186.821419,201.613507
after-ocr-on-c2,2303.18223v16.pdf,LayoutPostprocess,144,2.1282970000000003,0.042046
after-ocr-on-c2,2303.18223v16.pdf,LayoutPreprocess,144,3082.0780509999995,38.229177
after-ocr-on-c2,2303.18223v16.pdf,LayoutQueue,144,22245.73046100001,565.2931169999999
after-ocr-on-c2,2303.18223v16.pdf,LayoutReadback,144,0.6099420000000001,0.013385
after-ocr-on-c2,2303.18223v16.pdf,LinkValidate,1,69.62476,69.62476
after-ocr-on-c2,2303.18223v16.pdf,Ocr,16,128862.86597700002,14720.867073000001
after-ocr-on-c2,2303.18223v16.pdf,OcrDecode,717,2.3140340000000017,0.097495
after-ocr-on-c2,2303.18223v16.pdf,OcrDetectionInference,16,2503.9675299999994,204.965142
after-ocr-on-c2,2303.18223v16.pdf,OcrDetectionPostprocess,16,293.1757989999999,34.111833000000004
after-ocr-on-c2,2303.18223v16.pdf,OcrDetectionPreprocess,16,753.469019,61.294546999999994
after-ocr-on-c2,2303.18223v16.pdf,OcrOrientationInference,202,4051.7633819999996,266.76295300000004
after-ocr-on-c2,2303.18223v16.pdf,OcrQueue,436,104903.85532199993,12361.588714
after-ocr-on-c2,2303.18223v16.pdf,OcrReadback,420,1348.2521639999977,30.669109
after-ocr-on-c2,2303.18223v16.pdf,OcrRecognitionInference,202,14470.318948000007,496.138798
after-ocr-on-c2,2303.18223v16.pdf,OcrRecognitionPreprocess,404,398.4268769999999,5.624445
after-ocr-on-c2,2303.18223v16.pdf,ParseTotal,1,42211.134784,42211.134784
after-ocr-on-c2,2303.18223v16.pdf,PdfOpen,1,0.729244,0.729244
after-ocr-on-c2,2303.18223v16.pdf,PdfRender,144,2558.8848999999996,99.241496
after-ocr-on-c2,2303.18223v16.pdf,PdfiumQueue,1,0.003382,0.003382
after-ocr-on-c2,2303.18223v16.pdf,TableCellInference,1,76.3866,76.3866
after-ocr-on-c2,2303.18223v16.pdf,TableCellPostprocess,1,0.015682,0.015682
after-ocr-on-c2,2303.18223v16.pdf,TableCellPreprocess,1,10.742503000000001,10.742503000000001
after-ocr-on-c2,2303.18223v16.pdf,TableExternal,1,1160.394959,1160.394959
after-ocr-on-c2,2303.18223v16.pdf,TableFill,1,1.129393,1.129393
after-ocr-on-c2,2303.18223v16.pdf,TableRules,24,36.61136199999999,4.643745
after-ocr-on-c2,2303.18223v16.pdf,TextExtract,144,2904.668161000001,32.41626
after-ocr-on-c2,2303.18223v16.pdf,TextFinish,288,6002.619906000002,128.31371099999998
after-ocr-on-c2,2303.18223v16.pdf,TextPrepare,144,18.216254999999993,0.35007499999999997
after-ocr-on-c2,2303.18223v16.pdf,TsrInference,5,1061.0754270000002,829.622109
after-ocr-on-c2,2303.18223v16.pdf,TsrPostprocess,5,0.240956,0.13751400000000003
after-ocr-on-c2,2303.18223v16.pdf,TsrPreprocess,5,7.455115,2.886018
after-ocr-on-c2,2303.18223v16.pdf,TsrQueue,6,1.0881720000000001,0.256455
after-ocr-on-c2,2410.05779v3.pdf,DocumentContext,1,1.013078,1.013078
after-ocr-on-c2,2410.05779v3.pdf,LayoutInference,16,1297.571672,152.01313199999998
after-ocr-on-c2,2410.05779v3.pdf,LayoutPostprocess,16,0.3227590000000001,0.150509
after-ocr-on-c2,2410.05779v3.pdf,LayoutPreprocess,16,322.1889530000001,25.821792
after-ocr-on-c2,2410.05779v3.pdf,LayoutQueue,16,4544.805678,605.418079
after-ocr-on-c2,2410.05779v3.pdf,LayoutReadback,16,0.063878,0.0062829999999999995
after-ocr-on-c2,2410.05779v3.pdf,LinkValidate,1,4.952251,4.952251
after-ocr-on-c2,2410.05779v3.pdf,Ocr,5,59464.793748,14403.028503
after-ocr-on-c2,2410.05779v3.pdf,OcrDecode,291,1.6049569999999989,0.030805
after-ocr-on-c2,2410.05779v3.pdf,OcrDetectionInference,5,676.372617,167.735947
after-ocr-on-c2,2410.05779v3.pdf,OcrDetectionPostprocess,5,60.13048,22.514387
after-ocr-on-c2,2410.05779v3.pdf,OcrDetectionPreprocess,5,245.927082,58.523702
after-ocr-on-c2,2410.05779v3.pdf,OcrOrientationInference,182,2493.4357999999997,281.506063
after-ocr-on-c2,2410.05779v3.pdf,OcrQueue,374,43361.59770599999,9702.88458
after-ocr-on-c2,2410.05779v3.pdf,OcrReadback,369,1598.8586519999997,60.138944
after-ocr-on-c2,2410.05779v3.pdf,OcrRecognitionInference,182,10460.851282000005,562.485045
after-ocr-on-c2,2410.05779v3.pdf,OcrRecognitionPreprocess,364,449.4390729999998,12.127751000000002
after-ocr-on-c2,2410.05779v3.pdf,ParseTotal,1,22135.931117999997,22135.931117999997
after-ocr-on-c2,2410.05779v3.pdf,PdfOpen,1,0.31565,0.31565
after-ocr-on-c2,2410.05779v3.pdf,PdfRender,16,308.44528099999997,31.847690999999998
after-ocr-on-c2,2410.05779v3.pdf,PdfiumQueue,1,0.003718,0.003718
after-ocr-on-c2,2410.05779v3.pdf,TableRules,6,9.464177,2.845449
after-ocr-on-c2,2410.05779v3.pdf,TextExtract,16,173.98780100000002,18.681658
after-ocr-on-c2,2410.05779v3.pdf,TextFinish,32,171.42803399999994,26.570583
after-ocr-on-c2,2410.05779v3.pdf,TextPrepare,16,0.8992859999999999,0.105295
after-ocr-on-c2,2412.05210v1.pdf,DocumentContext,1,31.879585000000002,31.879585000000002
after-ocr-on-c2,2412.05210v1.pdf,LayoutInference,12,1146.6991050000001,195.597033
after-ocr-on-c2,2412.05210v1.pdf,LayoutPostprocess,12,0.15742299999999998,0.029126
after-ocr-on-c2,2412.05210v1.pdf,LayoutPreprocess,12,279.07608700000003,45.719424000000004
after-ocr-on-c2,2412.05210v1.pdf,LayoutQueue,12,1604.1713699999998,279.144116
after-ocr-on-c2,2412.05210v1.pdf,LayoutReadback,12,0.048353,0.00586
after-ocr-on-c2,2412.05210v1.pdf,LinkValidate,1,8.387299,8.387299
after-ocr-on-c2,2412.05210v1.pdf,Ocr,6,36548.674575,10915.780796
after-ocr-on-c2,2412.05210v1.pdf,OcrDecode,439,1.378286,0.032066000000000004
after-ocr-on-c2,2412.05210v1.pdf,OcrDetectionInference,6,1366.298468,708.374801
after-ocr-on-c2,2412.05210v1.pdf,OcrDetectionPostprocess,6,91.713288,18.857827
after-ocr-on-c2,2412.05210v1.pdf,OcrDetectionPreprocess,6,302.506602,54.195289
after-ocr-on-c2,2412.05210v1.pdf,OcrOrientationInference,166,2347.5099550000004,296.22787
after-ocr-on-c2,2412.05210v1.pdf,OcrQueue,344,22727.237004,5031.928276000001
after-ocr-on-c2,2412.05210v1.pdf,OcrReadback,338,1072.62191,29.216219000000002
after-ocr-on-c2,2412.05210v1.pdf,OcrRecognitionInference,166,8190.515034000005,518.497973
after-ocr-on-c2,2412.05210v1.pdf,OcrRecognitionPreprocess,332,343.4121730000001,10.074558000000001
after-ocr-on-c2,2412.05210v1.pdf,ParseTotal,1,14553.892589000001,14553.892589000001
after-ocr-on-c2,2412.05210v1.pdf,PdfOpen,1,0.561282,0.561282
after-ocr-on-c2,2412.05210v1.pdf,PdfRender,12,386.802558,88.35736499999999
after-ocr-on-c2,2412.05210v1.pdf,PdfiumQueue,1,0.00416,0.00416
after-ocr-on-c2,2412.05210v1.pdf,TableRules,4,25.057086,14.839866
after-ocr-on-c2,2412.05210v1.pdf,TextExtract,12,235.37584900000004,32.797978
after-ocr-on-c2,2412.05210v1.pdf,TextFinish,24,503.1052019999999,227.78495600000002
after-ocr-on-c2,2412.05210v1.pdf,TextPrepare,12,1.4543199999999998,0.280287
after-ocr-on-c2,2603.01919v2.pdf,DocumentContext,1,2.3954470000000003,2.3954470000000003
after-ocr-on-c2,2603.01919v2.pdf,LayoutInference,23,2166.778954000001,195.922798
after-ocr-on-c2,2603.01919v2.pdf,LayoutPostprocess,23,0.384601,0.03966
after-ocr-on-c2,2603.01919v2.pdf,LayoutPreprocess,23,495.37724700000007,27.011004000000003
after-ocr-on-c2,2603.01919v2.pdf,LayoutQueue,23,3754.3293899999994,275.911228
after-ocr-on-c2,2603.01919v2.pdf,LayoutReadback,23,0.08800100000000002,0.005534
after-ocr-on-c2,2603.01919v2.pdf,LinkValidate,1,15.377662,15.377662
after-ocr-on-c2,2603.01919v2.pdf,Ocr,10,71101.212865,9398.676802
after-ocr-on-c2,2603.01919v2.pdf,OcrDecode,1101,2.269937,0.09784
after-ocr-on-c2,2603.01919v2.pdf,OcrDetectionInference,10,1417.819235,205.55567
after-ocr-on-c2,2603.01919v2.pdf,OcrDetectionPostprocess,10,141.44582599999998,21.666795999999998
after-ocr-on-c2,2603.01919v2.pdf,OcrDetectionPreprocess,10,498.20206299999995,52.775015
after-ocr-on-c2,2603.01919v2.pdf,OcrOrientationInference,193,3898.890196999999,358.95680200000004
after-ocr-on-c2,2603.01919v2.pdf,OcrQueue,406,53558.634739000016,8221.201052
after-ocr-on-c2,2603.01919v2.pdf,OcrReadback,396,1909.2092399999988,32.293382
after-ocr-on-c2,2603.01919v2.pdf,OcrRecognitionInference,193,9031.318765000005,290.273448
after-ocr-on-c2,2603.01919v2.pdf,OcrRecognitionPreprocess,386,515.440638,5.598421
after-ocr-on-c2,2603.01919v2.pdf,ParseTotal,1,21663.819134,21663.819134
after-ocr-on-c2,2603.01919v2.pdf,PdfOpen,1,0.498298,0.498298
after-ocr-on-c2,2603.01919v2.pdf,PdfRender,23,807.0907559999998,134.499584
after-ocr-on-c2,2603.01919v2.pdf,PdfiumQueue,1,0.0040609999999999995,0.0040609999999999995
after-ocr-on-c2,2603.01919v2.pdf,TableCellInference,1,21.089103,21.089103
after-ocr-on-c2,2603.01919v2.pdf,TableCellPostprocess,1,0.014261,0.014261
after-ocr-on-c2,2603.01919v2.pdf,TableCellPreprocess,1,7.01053,7.01053
after-ocr-on-c2,2603.01919v2.pdf,TableExternal,1,911.4116759999999,911.4116759999999
after-ocr-on-c2,2603.01919v2.pdf,TableFill,1,0.41419599999999995,0.41419599999999995
after-ocr-on-c2,2603.01919v2.pdf,TableRules,18,26.710615,5.369029
after-ocr-on-c2,2603.01919v2.pdf,TextExtract,23,441.062494,53.666487
after-ocr-on-c2,2603.01919v2.pdf,TextFinish,46,548.021528,78.03887
after-ocr-on-c2,2603.01919v2.pdf,TextPrepare,23,2.046025,0.20191
after-ocr-on-c2,2603.01919v2.pdf,TsrInference,3,877.6509849999999,673.0717189999999
after-ocr-on-c2,2603.01919v2.pdf,TsrPostprocess,3,0.296221,0.181758
after-ocr-on-c2,2603.01919v2.pdf,TsrPreprocess,3,3.484975,1.517867
after-ocr-on-c2,2603.01919v2.pdf,TsrQueue,4,0.675817,0.285308
after-ocr-on-c2,2604.18583v1.pdf,DocumentContext,1,1.2393750000000001,1.2393750000000001
after-ocr-on-c2,2604.18583v1.pdf,LayoutInference,15,1469.911795,187.22367
after-ocr-on-c2,2604.18583v1.pdf,LayoutPostprocess,15,0.2509,0.029017
after-ocr-on-c2,2604.18583v1.pdf,LayoutPreprocess,15,303.552991,22.742317
after-ocr-on-c2,2604.18583v1.pdf,LayoutQueue,15,1084.260725,225.185427
after-ocr-on-c2,2604.18583v1.pdf,LayoutReadback,15,0.05947,0.005495
after-ocr-on-c2,2604.18583v1.pdf,LinkValidate,1,8.618178,8.618178
after-ocr-on-c2,2604.18583v1.pdf,Ocr,8,46851.161407,7067.833063
after-ocr-on-c2,2604.18583v1.pdf,OcrDecode,100,0.276084,0.011491999999999999
after-ocr-on-c2,2604.18583v1.pdf,OcrDetectionInference,8,1164.923268,171.87670599999998
after-ocr-on-c2,2604.18583v1.pdf,OcrDetectionPostprocess,8,114.593613,18.462388999999998
after-ocr-on-c2,2604.18583v1.pdf,OcrDetectionPreprocess,8,402.153719,58.395671
after-ocr-on-c2,2604.18583v1.pdf,OcrOrientationInference,30,995.0002820000001,283.666807
after-ocr-on-c2,2604.18583v1.pdf,OcrQueue,76,40460.606691000015,5400.982858
after-ocr-on-c2,2604.18583v1.pdf,OcrReadback,68,208.61499199999997,25.850778000000002
after-ocr-on-c2,2604.18583v1.pdf,OcrRecognitionInference,30,3414.300297,425.36661300000003
after-ocr-on-c2,2604.18583v1.pdf,OcrRecognitionPreprocess,60,67.361379,7.2318620000000005
after-ocr-on-c2,2604.18583v1.pdf,ParseTotal,1,13472.652543,13472.652543
after-ocr-on-c2,2604.18583v1.pdf,PdfOpen,1,0.5006029999999999,0.5006029999999999
after-ocr-on-c2,2604.18583v1.pdf,PdfRender,15,1599.153765,562.488934
after-ocr-on-c2,2604.18583v1.pdf,PdfiumQueue,1,0.004184,0.004184
after-ocr-on-c2,2604.18583v1.pdf,TableRules,2,2.002838,1.31587
after-ocr-on-c2,2604.18583v1.pdf,TextExtract,15,234.97220999999996,31.827161
after-ocr-on-c2,2604.18583v1.pdf,TextFinish,30,525.5075049999999,194.795665
after-ocr-on-c2,2604.18583v1.pdf,TextPrepare,15,1.752616,0.321424
after-ocr-on-c2,2604.21959v1.pdf,DocumentContext,1,0.178597,0.178597
after-ocr-on-c2,2604.21959v1.pdf,LayoutInference,3,275.738015,135.080025
after-ocr-on-c2,2604.21959v1.pdf,LayoutPostprocess,3,0.043016,0.024315
after-ocr-on-c2,2604.21959v1.pdf,LayoutPreprocess,3,59.897458,20.497326
after-ocr-on-c2,2604.21959v1.pdf,LayoutQueue,3,291.465134,172.011688
after-ocr-on-c2,2604.21959v1.pdf,LayoutReadback,3,0.010419999999999999,0.003498
after-ocr-on-c2,2604.21959v1.pdf,LinkValidate,1,0.8002159999999999,0.8002159999999999
after-ocr-on-c2,2604.21959v1.pdf,Ocr,2,10000.782812,6409.276941
after-ocr-on-c2,2604.21959v1.pdf,OcrDecode,87,0.25823,0.012135
after-ocr-on-c2,2604.21959v1.pdf,OcrDetectionInference,2,491.268222,371.31584
after-ocr-on-c2,2604.21959v1.pdf,OcrDetectionPostprocess,2,19.525356,10.704241
after-ocr-on-c2,2604.21959v1.pdf,OcrDetectionPreprocess,2,93.152225,48.679299
after-ocr-on-c2,2604.21959v1.pdf,OcrOrientationInference,27,296.53971700000005,33.939495
after-ocr-on-c2,2604.21959v1.pdf,OcrQueue,58,7161.433254000001,3520.399154
after-ocr-on-c2,2604.21959v1.pdf,OcrReadback,56,294.001711,28.740699000000003
after-ocr-on-c2,2604.21959v1.pdf,OcrRecognitionInference,27,1532.8731139999998,256.80004299999996
after-ocr-on-c2,2604.21959v1.pdf,OcrRecognitionPreprocess,54,92.89801500000002,5.848528000000001
after-ocr-on-c2,2604.21959v1.pdf,ParseTotal,1,6748.190876,6748.190876
after-ocr-on-c2,2604.21959v1.pdf,PdfOpen,1,0.414033,0.414033
after-ocr-on-c2,2604.21959v1.pdf,PdfRender,3,47.386858000000004,17.402547000000002
after-ocr-on-c2,2604.21959v1.pdf,PdfiumQueue,1,0.003763,0.003763
after-ocr-on-c2,2604.21959v1.pdf,TextExtract,3,22.515016000000003,11.486477
after-ocr-on-c2,2604.21959v1.pdf,TextFinish,6,19.624893000000004,10.816453000000001
after-ocr-on-c2,2604.21959v1.pdf,TextPrepare,3,0.177839,0.091164
after-ocr-on-c2,2604.18584v1.pdf,DocumentContext,1,2.240725,2.240725
after-ocr-on-c2,2604.18584v1.pdf,LayoutInference,32,3090.465813,188.273754
after-ocr-on-c2,2604.18584v1.pdf,LayoutPostprocess,32,0.49754699999999996,0.054790000000000005
after-ocr-on-c2,2604.18584v1.pdf,LayoutPreprocess,32,656.8903940000002,30.240249
after-ocr-on-c2,2604.18584v1.pdf,LayoutQueue,32,4147.048967,332.496917
after-ocr-on-c2,2604.18584v1.pdf,LayoutReadback,32,0.13918399999999995,0.008338
after-ocr-on-c2,2604.18584v1.pdf,LinkValidate,1,12.028820000000001,12.028820000000001
after-ocr-on-c2,2604.18584v1.pdf,Ocr,13,91709.749234,21746.592815
after-ocr-on-c2,2604.18584v1.pdf,OcrDecode,882,3.2079569999999995,0.036073
after-ocr-on-c2,2604.18584v1.pdf,OcrDetectionInference,13,2039.6122850000002,284.533598
after-ocr-on-c2,2604.18584v1.pdf,OcrDetectionPostprocess,13,129.427937,14.276696
after-ocr-on-c2,2604.18584v1.pdf,OcrDetectionPreprocess,13,641.2638849999998,55.033111000000005
after-ocr-on-c2,2604.18584v1.pdf,OcrOrientationInference,380,4996.115495000001,203.451731
after-ocr-on-c2,2604.18584v1.pdf,OcrQueue,786,62380.61318600007,6802.698533
after-ocr-on-c2,2604.18584v1.pdf,OcrReadback,773,2498.379504999997,38.9928
after-ocr-on-c2,2604.18584v1.pdf,OcrRecognitionInference,380,18038.826178999992,337.41834900000003
after-ocr-on-c2,2604.18584v1.pdf,OcrRecognitionPreprocess,760,733.7980739999999,6.969526
after-ocr-on-c2,2604.18584v1.pdf,ParseTotal,1,34440.404698,34440.404698
after-ocr-on-c2,2604.18584v1.pdf,PdfOpen,1,0.294468,0.294468
after-ocr-on-c2,2604.18584v1.pdf,PdfRender,32,678.6298810000002,106.822431
after-ocr-on-c2,2604.18584v1.pdf,PdfiumQueue,1,0.0037459999999999998,0.0037459999999999998
after-ocr-on-c2,2604.18584v1.pdf,TableCellInference,2,117.36468899999998,92.82256899999999
after-ocr-on-c2,2604.18584v1.pdf,TableCellPostprocess,2,0.018587,0.01634
after-ocr-on-c2,2604.18584v1.pdf,TableCellPreprocess,2,19.298698,10.528079
after-ocr-on-c2,2604.18584v1.pdf,TableExternal,2,849.984505,472.803668
after-ocr-on-c2,2604.18584v1.pdf,TableFill,2,0.278178,0.16176
after-ocr-on-c2,2604.18584v1.pdf,TableRules,18,31.388575,7.370208
after-ocr-on-c2,2604.18584v1.pdf,TextExtract,32,328.6068639999999,17.822301
after-ocr-on-c2,2604.18584v1.pdf,TextFinish,64,468.2375360000001,59.464622
after-ocr-on-c2,2604.18584v1.pdf,TextPrepare,32,2.0742000000000003,0.16915
after-ocr-on-c2,2604.18584v1.pdf,TsrInference,2,707.109033,432.696555
after-ocr-on-c2,2604.18584v1.pdf,TsrPostprocess,2,0.093871,0.0658
after-ocr-on-c2,2604.18584v1.pdf,TsrPreprocess,2,4.576672,4.144707
after-ocr-on-c2,2604.18584v1.pdf,TsrQueue,4,0.642931,0.206927
after-ocr-on-c2,2606.17056v1.pdf,DocumentContext,1,4.139699,4.139699
after-ocr-on-c2,2606.17056v1.pdf,LayoutInference,25,2549.5543450000005,189.28247000000002
after-ocr-on-c2,2606.17056v1.pdf,LayoutPostprocess,25,0.31086099999999994,0.028782
after-ocr-on-c2,2606.17056v1.pdf,LayoutPreprocess,25,545.7675280000001,40.522727
after-ocr-on-c2,2606.17056v1.pdf,LayoutQueue,25,2551.1711580000006,292.930547
after-ocr-on-c2,2606.17056v1.pdf,LayoutReadback,25,0.10375299999999998,0.006729000000000001
after-ocr-on-c2,2606.17056v1.pdf,LinkValidate,1,7.7937140000000005,7.7937140000000005
after-ocr-on-c2,2606.17056v1.pdf,Ocr,15,98507.73455000001,11200.342144
after-ocr-on-c2,2606.17056v1.pdf,OcrDecode,831,2.0106330000000026,0.125622
after-ocr-on-c2,2606.17056v1.pdf,OcrDetectionInference,15,2275.917406,178.519235
after-ocr-on-c2,2606.17056v1.pdf,OcrDetectionPostprocess,15,161.500032,18.655354
after-ocr-on-c2,2606.17056v1.pdf,OcrDetectionPreprocess,15,708.7749530000001,55.683227
after-ocr-on-c2,2606.17056v1.pdf,OcrOrientationInference,163,3002.892686,293.28092100000003
after-ocr-on-c2,2606.17056v1.pdf,OcrQueue,356,81822.91201800018,10017.556754
after-ocr-on-c2,2606.17056v1.pdf,OcrReadback,341,1500.8496340000015,31.310063
after-ocr-on-c2,2606.17056v1.pdf,OcrRecognitionInference,163,8526.414784000006,471.862419
after-ocr-on-c2,2606.17056v1.pdf,OcrRecognitionPreprocess,326,390.0264440000002,5.64052
after-ocr-on-c2,2606.17056v1.pdf,ParseTotal,1,28146.114805,28146.114805
after-ocr-on-c2,2606.17056v1.pdf,PdfOpen,1,0.744614,0.744614
after-ocr-on-c2,2606.17056v1.pdf,PdfRender,25,441.60403700000006,30.261613999999998
after-ocr-on-c2,2606.17056v1.pdf,PdfiumQueue,1,0.003912,0.003912
after-ocr-on-c2,2606.17056v1.pdf,TableRules,4,5.617515,2.897088
after-ocr-on-c2,2606.17056v1.pdf,TextExtract,25,268.03336999999993,16.282384
after-ocr-on-c2,2606.17056v1.pdf,TextFinish,50,240.71561300000008,24.422905
after-ocr-on-c2,2606.17056v1.pdf,TextPrepare,25,1.4746449999999998,0.118689
after-ocr-on-c2,2609.04180v1.pdf,DocumentContext,1,1.9562080000000002,1.9562080000000002
after-ocr-on-c2,2609.04180v1.pdf,LayoutInference,23,2227.000731,191.91505899999999
after-ocr-on-c2,2609.04180v1.pdf,LayoutPostprocess,23,0.340046,0.062042
after-ocr-on-c2,2609.04180v1.pdf,LayoutPreprocess,23,493.8718780000001,24.514675999999998
after-ocr-on-c2,2609.04180v1.pdf,LayoutQueue,23,3381.255587,289.246157
after-ocr-on-c2,2609.04180v1.pdf,LayoutReadback,23,0.10285,0.011138
after-ocr-on-c2,2609.04180v1.pdf,LinkValidate,1,8.006737,8.006737
after-ocr-on-c2,2609.04180v1.pdf,Ocr,9,47134.718655000004,9780.083183
after-ocr-on-c2,2609.04180v1.pdf,OcrDecode,755,1.8529379999999989,0.131602
after-ocr-on-c2,2609.04180v1.pdf,OcrDetectionInference,9,2073.051799,825.6324529999999
after-ocr-on-c2,2609.04180v1.pdf,OcrDetectionPostprocess,9,110.672331,19.371479
after-ocr-on-c2,2609.04180v1.pdf,OcrDetectionPreprocess,9,432.669071,54.672084000000005
after-ocr-on-c2,2609.04180v1.pdf,OcrOrientationInference,134,3015.666519999997,261.441645
after-ocr-on-c2,2609.04180v1.pdf,OcrQueue,286,32198.12991600003,8019.313768
after-ocr-on-c2,2609.04180v1.pdf,OcrReadback,277,1453.617527,42.250063
after-ocr-on-c2,2609.04180v1.pdf,OcrRecognitionInference,134,7363.7262900000005,376.899861
after-ocr-on-c2,2609.04180v1.pdf,OcrRecognitionPreprocess,268,389.66563500000007,9.537364
after-ocr-on-c2,2609.04180v1.pdf,ParseTotal,1,14802.1574,14802.1574
after-ocr-on-c2,2609.04180v1.pdf,PdfOpen,1,0.559069,0.559069
after-ocr-on-c2,2609.04180v1.pdf,PdfRender,23,497.071292,46.500827
after-ocr-on-c2,2609.04180v1.pdf,PdfiumQueue,1,0.004073,0.004073
after-ocr-on-c2,2609.04180v1.pdf,TableRules,12,7.258474,1.353651
after-ocr-on-c2,2609.04180v1.pdf,TextExtract,23,324.64848300000006,27.629531999999998
after-ocr-on-c2,2609.04180v1.pdf,TextFinish,46,360.8552930000001,28.405558
after-ocr-on-c2,2609.04180v1.pdf,TextPrepare,23,1.7852769999999998,0.14013
after-ocr-on-c2,2609.04184v1.pdf,DocumentContext,1,0.838169,0.838169
after-ocr-on-c2,2609.04184v1.pdf,LayoutInference,8,614.391828,87.108663
after-ocr-on-c2,2609.04184v1.pdf,LayoutPostprocess,8,0.140866,0.027888000000000003
after-ocr-on-c2,2609.04184v1.pdf,LayoutPreprocess,8,159.21575700000002,22.3659
after-ocr-on-c2,2609.04184v1.pdf,LayoutQueue,8,1131.7423250000002,220.22594700000002
after-ocr-on-c2,2609.04184v1.pdf,LayoutReadback,8,0.036204999999999994,0.005504
after-ocr-on-c2,2609.04184v1.pdf,LinkValidate,1,3.886284,3.886284
after-ocr-on-c2,2609.04184v1.pdf,Ocr,5,30974.568293000004,9456.696449000001
after-ocr-on-c2,2609.04184v1.pdf,OcrDecode,239,0.704558,0.059942
after-ocr-on-c2,2609.04184v1.pdf,OcrDetectionInference,5,777.4940819999999,199.927846
after-ocr-on-c2,2609.04184v1.pdf,OcrDetectionPostprocess,5,76.825148,18.361349999999998
after-ocr-on-c2,2609.04184v1.pdf,OcrDetectionPreprocess,5,250.23301200000003,57.824747
after-ocr-on-c2,2609.04184v1.pdf,OcrOrientationInference,68,786.8553350000001,49.138305
after-ocr-on-c2,2609.04184v1.pdf,OcrQueue,146,25693.661304000005,8486.027702
after-ocr-on-c2,2609.04184v1.pdf,OcrReadback,141,427.2804569999999,32.275762
after-ocr-on-c2,2609.04184v1.pdf,OcrRecognitionInference,68,2791.8603279999998,240.261328
after-ocr-on-c2,2609.04184v1.pdf,OcrRecognitionPreprocess,136,122.18994800000002,6.209562
after-ocr-on-c2,2609.04184v1.pdf,ParseTotal,1,12030.166689,12030.166689
after-ocr-on-c2,2609.04184v1.pdf,PdfOpen,1,0.912882,0.912882
after-ocr-on-c2,2609.04184v1.pdf,PdfRender,8,199.52813600000002,36.290290000000006
after-ocr-on-c2,2609.04184v1.pdf,PdfiumQueue,1,0.004037,0.004037
after-ocr-on-c2,2609.04184v1.pdf,TableCellInference,1,21.930153,21.930153
after-ocr-on-c2,2609.04184v1.pdf,TableCellPostprocess,1,0.010173999999999999,0.010173999999999999
after-ocr-on-c2,2609.04184v1.pdf,TableCellPreprocess,1,6.903245,6.903245
after-ocr-on-c2,2609.04184v1.pdf,TableExternal,1,223.552398,223.552398
after-ocr-on-c2,2609.04184v1.pdf,TableFill,1,1.06815,1.06815
after-ocr-on-c2,2609.04184v1.pdf,TableRules,7,2.992886,0.831593
after-ocr-on-c2,2609.04184v1.pdf,TextExtract,8,136.740863,24.124036
after-ocr-on-c2,2609.04184v1.pdf,TextFinish,16,267.69699,72.75307000000001
after-ocr-on-c2,2609.04184v1.pdf,TextPrepare,8,1.202154,0.29109399999999996
after-ocr-on-c2,2609.04184v1.pdf,TsrInference,1,192.438095,192.438095
after-ocr-on-c2,2609.04184v1.pdf,TsrPostprocess,1,0.066855,0.066855
after-ocr-on-c2,2609.04184v1.pdf,TsrPreprocess,1,1.535182,1.535182
after-ocr-on-c2,2609.04184v1.pdf,TsrQueue,2,0.279948,0.14521099999999998
after-ocr-on-c2,2609.04203v1.pdf,DocumentContext,1,1.837378,1.837378
after-ocr-on-c2,2609.04203v1.pdf,LayoutInference,20,2243.882451,245.843016
after-ocr-on-c2,2609.04203v1.pdf,LayoutPostprocess,20,0.299908,0.040169
after-ocr-on-c2,2609.04203v1.pdf,LayoutPreprocess,20,413.753109,27.491589
after-ocr-on-c2,2609.04203v1.pdf,LayoutQueue,20,3088.9912839999997,399.07297400000004
after-ocr-on-c2,2609.04203v1.pdf,LayoutReadback,20,0.082701,0.008033
after-ocr-on-c2,2609.04203v1.pdf,LinkValidate,1,8.984415,8.984415
after-ocr-on-c2,2609.04203v1.pdf,Ocr,9,16426.776569999998,3209.063619
after-ocr-on-c2,2609.04203v1.pdf,OcrDecode,287,0.7532800000000003,0.099881
after-ocr-on-c2,2609.04203v1.pdf,OcrDetectionInference,9,1406.5516539999999,195.711569
after-ocr-on-c2,2609.04203v1.pdf,OcrDetectionPostprocess,9,150.513769,21.150563000000002
after-ocr-on-c2,2609.04203v1.pdf,OcrDetectionPreprocess,9,453.30741300000005,61.041036
after-ocr-on-c2,2609.04203v1.pdf,OcrOrientationInference,56,1661.797085,372.73810000000003
after-ocr-on-c2,2609.04203v1.pdf,OcrQueue,130,8949.227548000003,1485.2252159999998
after-ocr-on-c2,2609.04203v1.pdf,OcrReadback,121,501.348562,30.070152
after-ocr-on-c2,2609.04203v1.pdf,OcrRecognitionInference,56,3115.332166999999,283.954192
after-ocr-on-c2,2609.04203v1.pdf,OcrRecognitionPreprocess,112,146.66093700000005,6.086626000000001
after-ocr-on-c2,2609.04203v1.pdf,ParseTotal,1,6085.600384,6085.600384
after-ocr-on-c2,2609.04203v1.pdf,PdfOpen,1,0.658334,0.658334
after-ocr-on-c2,2609.04203v1.pdf,PdfRender,20,768.705717,205.623739
after-ocr-on-c2,2609.04203v1.pdf,PdfiumQueue,1,0.004073,0.004073
after-ocr-on-c2,2609.04203v1.pdf,TableCellInference,1,22.906586,22.906586
after-ocr-on-c2,2609.04203v1.pdf,TableCellPostprocess,1,0.038687,0.038687
after-ocr-on-c2,2609.04203v1.pdf,TableCellPreprocess,1,9.572486,9.572486
after-ocr-on-c2,2609.04203v1.pdf,TableExternal,1,616.2944630000001,616.2944630000001
after-ocr-on-c2,2609.04203v1.pdf,TableFill,1,7.209863,7.209863
after-ocr-on-c2,2609.04203v1.pdf,TableRules,19,10.233224000000002,1.5343069999999999
after-ocr-on-c2,2609.04203v1.pdf,TextExtract,20,531.218453,133.901478
after-ocr-on-c2,2609.04203v1.pdf,TextFinish,40,628.2668759999999,62.265474000000005
after-ocr-on-c2,2609.04203v1.pdf,TextPrepare,20,2.113389,0.16672900000000002
after-ocr-on-c2,2609.04203v1.pdf,TsrInference,1,580.796161,580.796161
after-ocr-on-c2,2609.04203v1.pdf,TsrPostprocess,1,0.13996899999999998,0.13996899999999998
after-ocr-on-c2,2609.04203v1.pdf,TsrPreprocess,1,1.9981909999999998,1.9981909999999998
after-ocr-on-c2,2609.04203v1.pdf,TsrQueue,2,0.270066,0.15728699999999998
after-ocr-on-c3,2410.05779v3.pdf,DocumentContext,1,0.842168,0.842168
after-ocr-on-c3,2410.05779v3.pdf,LayoutInference,16,1398.4292890000002,189.80877099999998
after-ocr-on-c3,2410.05779v3.pdf,LayoutPostprocess,16,0.21840700000000002,0.046412999999999996
after-ocr-on-c3,2410.05779v3.pdf,LayoutPreprocess,16,343.312287,32.893646
after-ocr-on-c3,2410.05779v3.pdf,LayoutQueue,16,6142.815184,750.596584
after-ocr-on-c3,2410.05779v3.pdf,LayoutReadback,16,0.061242,0.005056000000000001
after-ocr-on-c3,2410.05779v3.pdf,LinkValidate,1,4.234055,4.234055
after-ocr-on-c3,2410.05779v3.pdf,Ocr,5,50284.389072,16168.567479
after-ocr-on-c3,2410.05779v3.pdf,OcrDecode,291,1.5324290000000003,0.126197
after-ocr-on-c3,2410.05779v3.pdf,OcrDetectionInference,5,765.808597,163.808621
after-ocr-on-c3,2410.05779v3.pdf,OcrDetectionPostprocess,5,61.326382,16.046586
after-ocr-on-c3,2410.05779v3.pdf,OcrDetectionPreprocess,5,231.134464,48.173311000000005
after-ocr-on-c3,2410.05779v3.pdf,OcrOrientationInference,182,2485.8333200000015,275.067639
after-ocr-on-c3,2410.05779v3.pdf,OcrQueue,374,34529.35390400001,11405.427767000001
after-ocr-on-c3,2410.05779v3.pdf,OcrReadback,369,1602.400729,57.316416000000004
after-ocr-on-c3,2410.05779v3.pdf,OcrRecognitionInference,182,10054.796638999997,641.982465
after-ocr-on-c3,2410.05779v3.pdf,OcrRecognitionPreprocess,364,433.1668799999999,11.070369999999999
after-ocr-on-c3,2410.05779v3.pdf,ParseTotal,1,22456.284965,22456.284965
after-ocr-on-c3,2410.05779v3.pdf,PdfOpen,1,0.558368,0.558368
after-ocr-on-c3,2410.05779v3.pdf,PdfRender,16,322.22559300000006,33.359662
after-ocr-on-c3,2410.05779v3.pdf,PdfiumQueue,1,0.010593,0.010593
after-ocr-on-c3,2410.05779v3.pdf,TableRules,6,10.647687000000001,3.537865
after-ocr-on-c3,2410.05779v3.pdf,TextExtract,16,184.24503500000003,19.584734
after-ocr-on-c3,2410.05779v3.pdf,TextFinish,32,185.57929899999996,25.616178
after-ocr-on-c3,2410.05779v3.pdf,TextPrepare,16,0.9275059999999999,0.105777
after-ocr-on-c3,2403.01632v4.pdf,DocumentContext,1,3.696018,3.696018
after-ocr-on-c3,2403.01632v4.pdf,LayoutInference,47,4557.763428,297.851024
after-ocr-on-c3,2403.01632v4.pdf,LayoutPostprocess,47,0.6319960000000001,0.043248
after-ocr-on-c3,2403.01632v4.pdf,LayoutPreprocess,47,968.8532050000001,27.390012
after-ocr-on-c3,2403.01632v4.pdf,LayoutQueue,47,14691.045725999997,745.94713
after-ocr-on-c3,2403.01632v4.pdf,LayoutReadback,47,0.18629099999999998,0.006182
after-ocr-on-c3,2403.01632v4.pdf,LinkValidate,1,12.491836,12.491836
after-ocr-on-c3,2403.01632v4.pdf,Ocr,13,136640.645644,16272.64
after-ocr-on-c3,2403.01632v4.pdf,OcrDecode,417,1.6260600000000003,0.113597
after-ocr-on-c3,2403.01632v4.pdf,OcrDetectionInference,13,1923.9887550000003,200.181612
after-ocr-on-c3,2403.01632v4.pdf,OcrDetectionPostprocess,13,142.219604,14.921642
after-ocr-on-c3,2403.01632v4.pdf,OcrDetectionPreprocess,13,653.590266,64.031107
after-ocr-on-c3,2403.01632v4.pdf,OcrOrientationInference,197,3039.4810719999987,340.009644
after-ocr-on-c3,2403.01632v4.pdf,OcrQueue,420,118515.46397699998,12927.835575
after-ocr-on-c3,2403.01632v4.pdf,OcrReadback,407,1183.3944769999998,27.067351
after-ocr-on-c3,2403.01632v4.pdf,OcrRecognitionInference,197,10673.851917000002,586.10365
after-ocr-on-c3,2403.01632v4.pdf,OcrRecognitionPreprocess,394,374.47238900000025,6.018865
after-ocr-on-c3,2403.01632v4.pdf,ParseTotal,1,39399.698405,39399.698405
after-ocr-on-c3,2403.01632v4.pdf,PdfOpen,1,0.577195,0.577195
after-ocr-on-c3,2403.01632v4.pdf,PdfRender,47,851.1489230000001,68.441732
after-ocr-on-c3,2403.01632v4.pdf,PdfiumQueue,1,0.004065999999999999,0.004065999999999999
after-ocr-on-c3,2403.01632v4.pdf,TableRules,7,4.387345,1.231555
after-ocr-on-c3,2403.01632v4.pdf,TextExtract,47,613.293911,18.196147
after-ocr-on-c3,2403.01632v4.pdf,TextFinish,94,694.553098,29.437096
after-ocr-on-c3,2403.01632v4.pdf,TextPrepare,47,3.1244310000000004,0.150652
after-ocr-on-c3,2412.05210v1.pdf,DocumentContext,1,32.223776,32.223776
after-ocr-on-c3,2412.05210v1.pdf,LayoutInference,12,942.274445,128.464336
after-ocr-on-c3,2412.05210v1.pdf,LayoutPostprocess,12,0.12045300000000002,0.015560999999999998
after-ocr-on-c3,2412.05210v1.pdf,LayoutPreprocess,12,252.05428300000003,24.552346
after-ocr-on-c3,2412.05210v1.pdf,LayoutQueue,12,1270.764465,203.96517599999999
after-ocr-on-c3,2412.05210v1.pdf,LayoutReadback,12,0.05757000000000001,0.00945
after-ocr-on-c3,2412.05210v1.pdf,LinkValidate,1,9.646566,9.646566
after-ocr-on-c3,2412.05210v1.pdf,Ocr,6,76765.030077,21417.553062
after-ocr-on-c3,2412.05210v1.pdf,OcrDecode,439,1.7016559999999996,0.132828
after-ocr-on-c3,2412.05210v1.pdf,OcrDetectionInference,6,1748.437392,835.672332
after-ocr-on-c3,2412.05210v1.pdf,OcrDetectionPostprocess,6,101.810291,20.302499
after-ocr-on-c3,2412.05210v1.pdf,OcrDetectionPreprocess,6,302.991057,53.819591
after-ocr-on-c3,2412.05210v1.pdf,OcrOrientationInference,166,2762.8078820000014,270.691995
after-ocr-on-c3,2412.05210v1.pdf,OcrQueue,344,58463.13893900004,10347.703463
after-ocr-on-c3,2412.05210v1.pdf,OcrReadback,338,1089.180749000001,27.410255000000003
after-ocr-on-c3,2412.05210v1.pdf,OcrRecognitionInference,166,11862.281528,574.365883
after-ocr-on-c3,2412.05210v1.pdf,OcrRecognitionPreprocess,332,321.9540420000001,7.257255
after-ocr-on-c3,2412.05210v1.pdf,ParseTotal,1,31370.551034,31370.551034
after-ocr-on-c3,2412.05210v1.pdf,PdfOpen,1,0.437859,0.437859
after-ocr-on-c3,2412.05210v1.pdf,PdfRender,12,348.381123,76.18825899999999
after-ocr-on-c3,2412.05210v1.pdf,PdfiumQueue,1,0.003663,0.003663
after-ocr-on-c3,2412.05210v1.pdf,TableRules,4,18.837933,9.492386999999999
after-ocr-on-c3,2412.05210v1.pdf,TextExtract,12,222.545942,28.626901999999998
after-ocr-on-c3,2412.05210v1.pdf,TextFinish,24,487.78410399999996,231.932374
after-ocr-on-c3,2412.05210v1.pdf,TextPrepare,12,1.441585,0.284308
after-ocr-on-c3,2303.18223v16.pdf,DocumentContext,1,16.480338,16.480338
after-ocr-on-c3,2303.18223v16.pdf,LayoutInference,144,12014.584042000002,236.60304200000002
after-ocr-on-c3,2303.18223v16.pdf,LayoutPostprocess,144,1.9705249999999994,0.041283
after-ocr-on-c3,2303.18223v16.pdf,LayoutPreprocess,144,3065.5965260000016,38.241204
after-ocr-on-c3,2303.18223v16.pdf,LayoutQueue,144,25960.34623,561.7459289999999
after-ocr-on-c3,2303.18223v16.pdf,LayoutReadback,144,0.5887729999999998,0.016786000000000002
after-ocr-on-c3,2303.18223v16.pdf,LinkValidate,1,81.75297400000001,81.75297400000001
after-ocr-on-c3,2303.18223v16.pdf,Ocr,16,183407.537541,14154.739736
after-ocr-on-c3,2303.18223v16.pdf,OcrDecode,717,1.8636190000000006,0.143301
after-ocr-on-c3,2303.18223v16.pdf,OcrDetectionInference,16,3444.731748,774.2120729999999
after-ocr-on-c3,2303.18223v16.pdf,OcrDetectionPostprocess,16,303.333468,27.721172
after-ocr-on-c3,2303.18223v16.pdf,OcrDetectionPreprocess,16,792.121026,55.867963
after-ocr-on-c3,2303.18223v16.pdf,OcrOrientationInference,202,3546.6414560000007,356.622747
after-ocr-on-c3,2303.18223v16.pdf,OcrQueue,436,161615.44003600004,12067.988068
after-ocr-on-c3,2303.18223v16.pdf,OcrReadback,420,1352.3721949999997,27.501515
after-ocr-on-c3,2303.18223v16.pdf,OcrRecognitionInference,202,11799.269972999993,534.925318
after-ocr-on-c3,2303.18223v16.pdf,OcrRecognitionPreprocess,404,416.28539600000016,24.326821
after-ocr-on-c3,2303.18223v16.pdf,ParseTotal,1,58130.819254,58130.819254
after-ocr-on-c3,2303.18223v16.pdf,PdfOpen,1,0.797628,0.797628
after-ocr-on-c3,2303.18223v16.pdf,PdfRender,144,2568.2389239999993,118.16778
after-ocr-on-c3,2303.18223v16.pdf,PdfiumQueue,1,0.002941,0.002941
after-ocr-on-c3,2303.18223v16.pdf,TableCellInference,1,20.944838,20.944838
after-ocr-on-c3,2303.18223v16.pdf,TableCellPostprocess,1,0.006958,0.006958
after-ocr-on-c3,2303.18223v16.pdf,TableCellPreprocess,1,11.337632000000001,11.337632000000001
after-ocr-on-c3,2303.18223v16.pdf,TableExternal,1,1049.38997,1049.38997
after-ocr-on-c3,2303.18223v16.pdf,TableFill,1,1.722346,1.722346
after-ocr-on-c3,2303.18223v16.pdf,TableRules,24,42.898444,6.226297000000001
after-ocr-on-c3,2303.18223v16.pdf,TextExtract,144,3095.3441160000007,30.432593
after-ocr-on-c3,2303.18223v16.pdf,TextFinish,288,6173.610511999999,130.940857
after-ocr-on-c3,2303.18223v16.pdf,TextPrepare,144,17.186103,0.26957499999999995
after-ocr-on-c3,2303.18223v16.pdf,TsrInference,5,1005.0520749999998,786.2814689999999
after-ocr-on-c3,2303.18223v16.pdf,TsrPostprocess,5,0.24140999999999999,0.12269200000000001
after-ocr-on-c3,2303.18223v16.pdf,TsrPreprocess,5,7.177351999999999,2.5417080000000003
after-ocr-on-c3,2303.18223v16.pdf,TsrQueue,6,0.9667209999999999,0.21715600000000002
after-ocr-on-c3,2603.01919v2.pdf,DocumentContext,1,2.128555,2.128555
after-ocr-on-c3,2603.01919v2.pdf,LayoutInference,23,1930.5995759999998,140.230895
after-ocr-on-c3,2603.01919v2.pdf,LayoutPostprocess,23,0.34150800000000003,0.030095
after-ocr-on-c3,2603.01919v2.pdf,LayoutPreprocess,23,504.57215400000007,26.269789000000003
after-ocr-on-c3,2603.01919v2.pdf,LayoutQueue,23,6477.688018,537.307861
after-ocr-on-c3,2603.01919v2.pdf,LayoutReadback,23,0.090931,0.00866
after-ocr-on-c3,2603.01919v2.pdf,LinkValidate,1,14.294523,14.294523
after-ocr-on-c3,2603.01919v2.pdf,Ocr,10,103447.834386,15081.96449
after-ocr-on-c3,2603.01919v2.pdf,OcrDecode,1101,2.6282000000000005,0.082735
after-ocr-on-c3,2603.01919v2.pdf,OcrDetectionInference,10,1993.364932,678.579301
after-ocr-on-c3,2603.01919v2.pdf,OcrDetectionPostprocess,10,136.68679600000002,17.672189000000003
after-ocr-on-c3,2603.01919v2.pdf,OcrDetectionPreprocess,10,549.2115180000001,69.937253
after-ocr-on-c3,2603.01919v2.pdf,OcrOrientationInference,193,3689.263331999998,210.261165
after-ocr-on-c3,2603.01919v2.pdf,OcrQueue,406,84418.35608899998,12745.598585
after-ocr-on-c3,2603.01919v2.pdf,OcrReadback,396,1960.731132999999,30.863244
after-ocr-on-c3,2603.01919v2.pdf,OcrRecognitionInference,193,10065.855966000003,404.14355800000004
after-ocr-on-c3,2603.01919v2.pdf,OcrRecognitionPreprocess,386,499.02754200000044,5.342452
after-ocr-on-c3,2603.01919v2.pdf,ParseTotal,1,29420.519687,29420.519687
after-ocr-on-c3,2603.01919v2.pdf,PdfOpen,1,0.420209,0.420209
after-ocr-on-c3,2603.01919v2.pdf,PdfRender,23,845.5709189999999,148.846085
after-ocr-on-c3,2603.01919v2.pdf,PdfiumQueue,1,0.003927,0.003927
after-ocr-on-c3,2603.01919v2.pdf,TableCellInference,1,24.42946,24.42946
after-ocr-on-c3,2603.01919v2.pdf,TableCellPostprocess,1,0.011517,0.011517
after-ocr-on-c3,2603.01919v2.pdf,TableCellPreprocess,1,12.245697999999999,12.245697999999999
after-ocr-on-c3,2603.01919v2.pdf,TableExternal,1,785.9992540000001,785.9992540000001
after-ocr-on-c3,2603.01919v2.pdf,TableFill,1,0.432908,0.432908
after-ocr-on-c3,2603.01919v2.pdf,TableRules,18,27.617970000000007,5.324174
after-ocr-on-c3,2603.01919v2.pdf,TextExtract,23,428.578057,49.38567
after-ocr-on-c3,2603.01919v2.pdf,TextFinish,46,560.6288330000001,88.363681
after-ocr-on-c3,2603.01919v2.pdf,TextPrepare,23,1.9657709999999997,0.176994
after-ocr-on-c3,2603.01919v2.pdf,TsrInference,3,742.55634,464.002667
after-ocr-on-c3,2603.01919v2.pdf,TsrPostprocess,3,0.298611,0.189671
after-ocr-on-c3,2603.01919v2.pdf,TsrPreprocess,3,4.487051,1.804477
after-ocr-on-c3,2603.01919v2.pdf,TsrQueue,4,0.712909,0.210141
after-ocr-on-c3,2604.18583v1.pdf,DocumentContext,1,1.349025,1.349025
after-ocr-on-c3,2604.18583v1.pdf,LayoutInference,15,1452.9992679999998,287.86476999999996
after-ocr-on-c3,2604.18583v1.pdf,LayoutPostprocess,15,0.31911599999999996,0.0636
after-ocr-on-c3,2604.18583v1.pdf,LayoutPreprocess,15,313.301387,22.986653
after-ocr-on-c3,2604.18583v1.pdf,LayoutQueue,15,498.73125100000004,171.763781
after-ocr-on-c3,2604.18583v1.pdf,LayoutReadback,15,0.058394999999999996,0.00541
after-ocr-on-c3,2604.18583v1.pdf,LinkValidate,1,13.477523999999999,13.477523999999999
after-ocr-on-c3,2604.18583v1.pdf,Ocr,8,70884.80595,12920.334526999999
after-ocr-on-c3,2604.18583v1.pdf,OcrDecode,100,0.2781069999999999,0.030692999999999998
after-ocr-on-c3,2604.18583v1.pdf,OcrDetectionInference,8,1228.1055,175.290484
after-ocr-on-c3,2604.18583v1.pdf,OcrDetectionPostprocess,8,109.112441,19.00191
after-ocr-on-c3,2604.18583v1.pdf,OcrDetectionPreprocess,8,402.481472,54.330241
after-ocr-on-c3,2604.18583v1.pdf,OcrOrientationInference,30,1630.9180840000004,312.355726
after-ocr-on-c3,2604.18583v1.pdf,OcrQueue,76,64593.63515,12312.370369
after-ocr-on-c3,2604.18583v1.pdf,OcrReadback,68,222.98563599999994,27.409871
after-ocr-on-c3,2604.18583v1.pdf,OcrRecognitionInference,30,2604.0096479999997,578.1049780000001
after-ocr-on-c3,2604.18583v1.pdf,OcrRecognitionPreprocess,60,70.75623400000002,5.8742
after-ocr-on-c3,2604.18583v1.pdf,ParseTotal,1,19877.873867000002,19877.873867000002
after-ocr-on-c3,2604.18583v1.pdf,PdfOpen,1,0.538489,0.538489
after-ocr-on-c3,2604.18583v1.pdf,PdfRender,15,1760.2509829999997,620.1442619999999
after-ocr-on-c3,2604.18583v1.pdf,PdfiumQueue,1,0.003803,0.003803
after-ocr-on-c3,2604.18583v1.pdf,TableRules,2,2.374978,1.255286
after-ocr-on-c3,2604.18583v1.pdf,TextExtract,15,254.04056099999997,34.122114
after-ocr-on-c3,2604.18583v1.pdf,TextFinish,30,556.543271,219.49818
after-ocr-on-c3,2604.18583v1.pdf,TextPrepare,15,1.701795,0.303429
after-ocr-on-c3,2604.21959v1.pdf,DocumentContext,1,0.22997800000000002,0.22997800000000002
after-ocr-on-c3,2604.21959v1.pdf,LayoutInference,3,299.699389,150.172344
after-ocr-on-c3,2604.21959v1.pdf,LayoutPostprocess,3,0.08103300000000001,0.028435000000000002
after-ocr-on-c3,2604.21959v1.pdf,LayoutPreprocess,3,65.040738,21.819491
after-ocr-on-c3,2604.21959v1.pdf,LayoutQueue,3,311.108645,182.022456
after-ocr-on-c3,2604.21959v1.pdf,LayoutReadback,3,0.015807,0.006257
after-ocr-on-c3,2604.21959v1.pdf,LinkValidate,1,0.793841,0.793841
after-ocr-on-c3,2604.21959v1.pdf,Ocr,2,13507.953056,7821.47642
after-ocr-on-c3,2604.21959v1.pdf,OcrDecode,87,0.23959900000000003,0.015081
after-ocr-on-c3,2604.21959v1.pdf,OcrDetectionInference,2,260.332724,139.513878
after-ocr-on-c3,2604.21959v1.pdf,OcrDetectionPostprocess,2,24.693596,12.939627
after-ocr-on-c3,2604.21959v1.pdf,OcrDetectionPreprocess,2,96.262148,50.967802
after-ocr-on-c3,2604.21959v1.pdf,OcrOrientationInference,27,739.719628,237.93589
after-ocr-on-c3,2604.21959v1.pdf,OcrQueue,58,10089.663831000002,4446.532176
after-ocr-on-c3,2604.21959v1.pdf,OcrReadback,56,293.766429,26.791916
after-ocr-on-c3,2604.21959v1.pdf,OcrRecognitionInference,27,1907.6218420000002,423.05274599999996
after-ocr-on-c3,2604.21959v1.pdf,OcrRecognitionPreprocess,54,76.92394900000001,5.1119449999999995
after-ocr-on-c3,2604.21959v1.pdf,ParseTotal,1,8190.365824,8190.365824
after-ocr-on-c3,2604.21959v1.pdf,PdfOpen,1,0.354029,0.354029
after-ocr-on-c3,2604.21959v1.pdf,PdfRender,3,55.287624,21.866463
after-ocr-on-c3,2604.21959v1.pdf,PdfiumQueue,1,0.003304,0.003304
after-ocr-on-c3,2604.21959v1.pdf,TextExtract,3,24.061268999999996,11.981481
after-ocr-on-c3,2604.21959v1.pdf,TextFinish,6,25.967153000000003,15.680307
after-ocr-on-c3,2604.21959v1.pdf,TextPrepare,3,0.20311500000000002,0.106325
after-ocr-on-c3,2604.18584v1.pdf,DocumentContext,1,1.863519,1.863519
after-ocr-on-c3,2604.18584v1.pdf,LayoutInference,32,3233.527999,285.21652800000004
after-ocr-on-c3,2604.18584v1.pdf,LayoutPostprocess,32,0.496659,0.046848
after-ocr-on-c3,2604.18584v1.pdf,LayoutPreprocess,32,670.2606009999998,26.994345
after-ocr-on-c3,2604.18584v1.pdf,LayoutQueue,32,4513.097182,271.79523300000005
after-ocr-on-c3,2604.18584v1.pdf,LayoutReadback,32,0.12161799999999998,0.005403
after-ocr-on-c3,2604.18584v1.pdf,LinkValidate,1,14.169036,14.169036
after-ocr-on-c3,2604.18584v1.pdf,Ocr,13,143514.17523200004,21247.454696999997
after-ocr-on-c3,2604.18584v1.pdf,OcrDecode,882,3.3582700000000036,0.034002
after-ocr-on-c3,2604.18584v1.pdf,OcrDetectionInference,13,2056.6532230000003,200.723403
after-ocr-on-c3,2604.18584v1.pdf,OcrDetectionPostprocess,13,133.571554,15.382813
after-ocr-on-c3,2604.18584v1.pdf,OcrDetectionPreprocess,13,640.8811939999999,57.40589
after-ocr-on-c3,2604.18584v1.pdf,OcrOrientationInference,380,4386.999437999999,256.221509
after-ocr-on-c3,2604.18584v1.pdf,OcrQueue,786,115558.86369799999,12690.313348
after-ocr-on-c3,2604.18584v1.pdf,OcrReadback,773,2563.5599230000016,40.334161
after-ocr-on-c3,2604.18584v1.pdf,OcrRecognitionInference,380,17211.338195,297.476285
after-ocr-on-c3,2604.18584v1.pdf,OcrRecognitionPreprocess,760,713.3163379999997,6.721104
after-ocr-on-c3,2604.18584v1.pdf,ParseTotal,1,43697.793757,43697.793757
after-ocr-on-c3,2604.18584v1.pdf,PdfOpen,1,0.6138950000000001,0.6138950000000001
after-ocr-on-c3,2604.18584v1.pdf,PdfRender,32,657.307512,104.70950900000001
after-ocr-on-c3,2604.18584v1.pdf,PdfiumQueue,1,0.004453,0.004453
after-ocr-on-c3,2604.18584v1.pdf,TableCellInference,2,48.699999000000005,27.060911
after-ocr-on-c3,2604.18584v1.pdf,TableCellPostprocess,2,0.018958,0.015826
after-ocr-on-c3,2604.18584v1.pdf,TableCellPreprocess,2,16.381259,10.896866999999999
after-ocr-on-c3,2604.18584v1.pdf,TableExternal,2,837.173985,459.207505
after-ocr-on-c3,2604.18584v1.pdf,TableFill,2,0.276181,0.18746
after-ocr-on-c3,2604.18584v1.pdf,TableRules,18,36.226453,8.891747
after-ocr-on-c3,2604.18584v1.pdf,TextExtract,32,327.174035,18.265546
after-ocr-on-c3,2604.18584v1.pdf,TextFinish,64,494.01439700000003,54.62415
after-ocr-on-c3,2604.18584v1.pdf,TextPrepare,32,2.279448,0.22896
after-ocr-on-c3,2604.18584v1.pdf,TsrInference,2,767.344804,423.297301
after-ocr-on-c3,2604.18584v1.pdf,TsrPostprocess,2,0.08009999999999999,0.06599
after-ocr-on-c3,2604.18584v1.pdf,TsrPreprocess,2,3.127509,2.479739
after-ocr-on-c3,2604.18584v1.pdf,TsrQueue,4,0.550939,0.205524
after-ocr-on-c3,2609.04180v1.pdf,DocumentContext,1,1.650471,1.650471
after-ocr-on-c3,2609.04180v1.pdf,LayoutInference,23,2043.6186200000002,200.554233
after-ocr-on-c3,2609.04180v1.pdf,LayoutPostprocess,23,0.23195100000000002,0.025635
after-ocr-on-c3,2609.04180v1.pdf,LayoutPreprocess,23,489.4101789999999,26.685548
after-ocr-on-c3,2609.04180v1.pdf,LayoutQueue,23,2951.8876580000006,284.899644
after-ocr-on-c3,2609.04180v1.pdf,LayoutReadback,23,0.08620399999999999,0.007398
after-ocr-on-c3,2609.04180v1.pdf,LinkValidate,1,8.10922,8.10922
after-ocr-on-c3,2609.04180v1.pdf,Ocr,9,116807.07393999999,22647.176954
after-ocr-on-c3,2609.04180v1.pdf,OcrDecode,755,1.9502300000000004,0.13465300000000002
after-ocr-on-c3,2609.04180v1.pdf,OcrDetectionInference,9,1508.582812,222.65549900000002
after-ocr-on-c3,2609.04180v1.pdf,OcrDetectionPostprocess,9,130.730742,20.561978
after-ocr-on-c3,2609.04180v1.pdf,OcrDetectionPreprocess,9,484.119114,71.689564
after-ocr-on-c3,2609.04180v1.pdf,OcrOrientationInference,134,2796.706624,236.46329799999998
after-ocr-on-c3,2609.04180v1.pdf,OcrQueue,286,102854.11144100006,18836.996604
after-ocr-on-c3,2609.04180v1.pdf,OcrReadback,277,1470.6873830000006,46.719417
after-ocr-on-c3,2609.04180v1.pdf,OcrRecognitionInference,134,7091.007167999999,321.333651
after-ocr-on-c3,2609.04180v1.pdf,OcrRecognitionPreprocess,268,375.9232489999997,8.917934
after-ocr-on-c3,2609.04180v1.pdf,ParseTotal,1,33410.892412,33410.892412
after-ocr-on-c3,2609.04180v1.pdf,PdfOpen,1,0.6075160000000001,0.6075160000000001
after-ocr-on-c3,2609.04180v1.pdf,PdfRender,23,491.1622959999999,47.171277999999994
after-ocr-on-c3,2609.04180v1.pdf,PdfiumQueue,1,0.003657,0.003657
after-ocr-on-c3,2609.04180v1.pdf,TableRules,12,5.966833,1.192264
after-ocr-on-c3,2609.04180v1.pdf,TextExtract,23,332.948223,30.438572
after-ocr-on-c3,2609.04180v1.pdf,TextFinish,46,375.246992,28.355423000000002
after-ocr-on-c3,2609.04180v1.pdf,TextPrepare,23,1.8048320000000002,0.209315
after-ocr-on-c3,2606.17056v1.pdf,DocumentContext,1,4.6240939999999995,4.6240939999999995
after-ocr-on-c3,2606.17056v1.pdf,LayoutInference,25,2803.056493,196.175451
after-ocr-on-c3,2606.17056v1.pdf,LayoutPostprocess,25,0.2788869999999999,0.020821
after-ocr-on-c3,2606.17056v1.pdf,LayoutPreprocess,25,503.1818509999999,22.945327000000002
after-ocr-on-c3,2606.17056v1.pdf,LayoutQueue,25,2629.1445589999994,306.184834
after-ocr-on-c3,2606.17056v1.pdf,LayoutReadback,25,0.100019,0.007239
after-ocr-on-c3,2606.17056v1.pdf,LinkValidate,1,5.1322030000000005,5.1322030000000005
after-ocr-on-c3,2606.17056v1.pdf,Ocr,15,165194.60626799997,19140.724352
after-ocr-on-c3,2606.17056v1.pdf,OcrDecode,831,1.8835669999999998,0.17901
after-ocr-on-c3,2606.17056v1.pdf,OcrDetectionInference,15,2252.853067,213.310388
after-ocr-on-c3,2606.17056v1.pdf,OcrDetectionPostprocess,15,151.884611,13.305328999999999
after-ocr-on-c3,2606.17056v1.pdf,OcrDetectionPreprocess,15,732.4471350000001,54.676726
after-ocr-on-c3,2606.17056v1.pdf,OcrOrientationInference,163,2842.009797,205.56967
after-ocr-on-c3,2606.17056v1.pdf,OcrQueue,356,148531.67442999998,18482.808573
after-ocr-on-c3,2606.17056v1.pdf,OcrReadback,341,1490.4488459999995,30.227846
after-ocr-on-c3,2606.17056v1.pdf,OcrRecognitionInference,163,8651.561873000002,425.37856600000003
after-ocr-on-c3,2606.17056v1.pdf,OcrRecognitionPreprocess,326,424.6742640000005,7.340224999999999
after-ocr-on-c3,2606.17056v1.pdf,ParseTotal,1,43059.238992,43059.238992
after-ocr-on-c3,2606.17056v1.pdf,PdfOpen,1,0.5178119999999999,0.5178119999999999
after-ocr-on-c3,2606.17056v1.pdf,PdfRender,25,408.13261000000006,24.488227000000002
after-ocr-on-c3,2606.17056v1.pdf,PdfiumQueue,1,0.003709,0.003709
after-ocr-on-c3,2606.17056v1.pdf,TableRules,4,4.043897,1.597802
after-ocr-on-c3,2606.17056v1.pdf,TextExtract,25,261.29996199999994,17.390798999999998
after-ocr-on-c3,2606.17056v1.pdf,TextFinish,50,232.54194,27.996828
after-ocr-on-c3,2606.17056v1.pdf,TextPrepare,25,1.5556690000000004,0.11128199999999999
after-ocr-on-c3,2609.04184v1.pdf,DocumentContext,1,0.8777929999999999,0.8777929999999999
after-ocr-on-c3,2609.04184v1.pdf,LayoutInference,8,577.259639,76.09002600000001
after-ocr-on-c3,2609.04184v1.pdf,LayoutPostprocess,8,0.134401,0.040212
after-ocr-on-c3,2609.04184v1.pdf,LayoutPreprocess,8,163.868061,26.937149
after-ocr-on-c3,2609.04184v1.pdf,LayoutQueue,8,1025.464698,194.790442
after-ocr-on-c3,2609.04184v1.pdf,LayoutReadback,8,0.035564,0.007708
after-ocr-on-c3,2609.04184v1.pdf,LinkValidate,1,4.968083,4.968083
after-ocr-on-c3,2609.04184v1.pdf,Ocr,5,47666.923719,11927.370707
after-ocr-on-c3,2609.04184v1.pdf,OcrDecode,239,0.5555529999999999,0.011101999999999999
after-ocr-on-c3,2609.04184v1.pdf,OcrDetectionInference,5,617.589489,160.355314
after-ocr-on-c3,2609.04184v1.pdf,OcrDetectionPostprocess,5,73.142242,15.42603
after-ocr-on-c3,2609.04184v1.pdf,OcrDetectionPreprocess,5,272.83649,64.980137
after-ocr-on-c3,2609.04184v1.pdf,OcrOrientationInference,68,1075.1779410000004,133.39590900000002
after-ocr-on-c3,2609.04184v1.pdf,OcrQueue,146,41346.47990200003,9809.023195
after-ocr-on-c3,2609.04184v1.pdf,OcrReadback,141,435.17827299999993,27.212375
after-ocr-on-c3,2609.04184v1.pdf,OcrRecognitionInference,68,3670.8428920000006,309.66785000000004
after-ocr-on-c3,2609.04184v1.pdf,OcrRecognitionPreprocess,136,128.97107100000002,4.255119
after-ocr-on-c3,2609.04184v1.pdf,ParseTotal,1,15445.695917000001,15445.695917000001
after-ocr-on-c3,2609.04184v1.pdf,PdfOpen,1,0.773672,0.773672
after-ocr-on-c3,2609.04184v1.pdf,PdfRender,8,185.451707,31.958052000000002
after-ocr-on-c3,2609.04184v1.pdf,PdfiumQueue,1,0.0036950000000000004,0.0036950000000000004
after-ocr-on-c3,2609.04184v1.pdf,TableCellInference,1,31.394156,31.394156
after-ocr-on-c3,2609.04184v1.pdf,TableCellPostprocess,1,0.007286,0.007286
after-ocr-on-c3,2609.04184v1.pdf,TableCellPreprocess,1,10.529993,10.529993
after-ocr-on-c3,2609.04184v1.pdf,TableExternal,1,235.325811,235.325811
after-ocr-on-c3,2609.04184v1.pdf,TableFill,1,0.9828899999999999,0.9828899999999999
after-ocr-on-c3,2609.04184v1.pdf,TableRules,7,3.1477010000000005,0.777293
after-ocr-on-c3,2609.04184v1.pdf,TextExtract,8,146.27205899999998,26.146995
after-ocr-on-c3,2609.04184v1.pdf,TextFinish,16,247.41509,70.671184
after-ocr-on-c3,2609.04184v1.pdf,TextPrepare,8,1.015076,0.182461
after-ocr-on-c3,2609.04184v1.pdf,TsrInference,1,190.106874,190.106874
after-ocr-on-c3,2609.04184v1.pdf,TsrPostprocess,1,0.07846500000000001,0.07846500000000001
after-ocr-on-c3,2609.04184v1.pdf,TsrPreprocess,1,2.359883,2.359883
after-ocr-on-c3,2609.04184v1.pdf,TsrQueue,2,0.36636,0.187891
after-ocr-on-c3,2609.04203v1.pdf,DocumentContext,1,2.754422,2.754422
after-ocr-on-c3,2609.04203v1.pdf,LayoutInference,20,1931.7058429999997,198.975046
after-ocr-on-c3,2609.04203v1.pdf,LayoutPostprocess,20,0.291594,0.040481
after-ocr-on-c3,2609.04203v1.pdf,LayoutPreprocess,20,423.650333,26.693428
after-ocr-on-c3,2609.04203v1.pdf,LayoutQueue,20,1847.771627,254.529257
after-ocr-on-c3,2609.04203v1.pdf,LayoutReadback,20,0.07618,0.005442
after-ocr-on-c3,2609.04203v1.pdf,LinkValidate,1,9.832154,9.832154
after-ocr-on-c3,2609.04203v1.pdf,Ocr,9,38883.765934,8634.990632000001
after-ocr-on-c3,2609.04203v1.pdf,OcrDecode,287,0.674014,0.09689800000000001
after-ocr-on-c3,2609.04203v1.pdf,OcrDetectionInference,9,1304.209602,191.784961
after-ocr-on-c3,2609.04203v1.pdf,OcrDetectionPostprocess,9,141.53653,18.60493
after-ocr-on-c3,2609.04203v1.pdf,OcrDetectionPreprocess,9,428.216461,51.469924999999996
after-ocr-on-c3,2609.04203v1.pdf,OcrOrientationInference,56,1219.9749890000007,214.917924
after-ocr-on-c3,2609.04203v1.pdf,OcrQueue,130,31178.895528000012,6811.710027
after-ocr-on-c3,2609.04203v1.pdf,OcrReadback,121,495.14935099999985,26.160089
after-ocr-on-c3,2609.04203v1.pdf,OcrRecognitionInference,56,3929.190415,344.192958
after-ocr-on-c3,2609.04203v1.pdf,OcrRecognitionPreprocess,112,142.91042099999999,6.00333
after-ocr-on-c3,2609.04203v1.pdf,ParseTotal,1,11336.450357,11336.450357
after-ocr-on-c3,2609.04203v1.pdf,PdfOpen,1,0.5946220000000001,0.5946220000000001
after-ocr-on-c3,2609.04203v1.pdf,PdfRender,20,766.1687460000002,210.524552
after-ocr-on-c3,2609.04203v1.pdf,PdfiumQueue,1,0.003868,0.003868
after-ocr-on-c3,2609.04203v1.pdf,TableCellInference,1,143.486085,143.486085
after-ocr-on-c3,2609.04203v1.pdf,TableCellPostprocess,1,0.045645,0.045645
after-ocr-on-c3,2609.04203v1.pdf,TableCellPreprocess,1,12.054196999999998,12.054196999999998
after-ocr-on-c3,2609.04203v1.pdf,TableExternal,1,521.5968250000001,521.5968250000001
after-ocr-on-c3,2609.04203v1.pdf,TableFill,1,7.482941,7.482941
after-ocr-on-c3,2609.04203v1.pdf,TableRules,19,9.265201999999999,1.031601
after-ocr-on-c3,2609.04203v1.pdf,TextExtract,20,519.517655,122.444159
after-ocr-on-c3,2609.04203v1.pdf,TextFinish,40,615.472563,60.129276000000004
after-ocr-on-c3,2609.04203v1.pdf,TextPrepare,20,2.3021529999999997,0.265872
after-ocr-on-c3,2609.04203v1.pdf,TsrInference,1,363.12294,363.12294
after-ocr-on-c3,2609.04203v1.pdf,TsrPostprocess,1,0.13012,0.13012
after-ocr-on-c3,2609.04203v1.pdf,TsrPreprocess,1,1.790492,1.790492
after-ocr-on-c3,2609.04203v1.pdf,TsrQueue,2,0.415987,0.24492999999999998
after-ocr-on-c4,2410.05779v3.pdf,DocumentContext,1,1.076478,1.076478
after-ocr-on-c4,2410.05779v3.pdf,LayoutInference,16,1417.134062,151.402479
after-ocr-on-c4,2410.05779v3.pdf,LayoutPostprocess,16,0.204337,0.026802
after-ocr-on-c4,2410.05779v3.pdf,LayoutPreprocess,16,344.26610800000003,30.643701999999998
after-ocr-on-c4,2410.05779v3.pdf,LayoutQueue,16,8680.961054000001,921.238606
after-ocr-on-c4,2410.05779v3.pdf,LayoutReadback,16,0.064251,0.004655
after-ocr-on-c4,2410.05779v3.pdf,LinkValidate,1,5.7554099999999995,5.7554099999999995
after-ocr-on-c4,2410.05779v3.pdf,Ocr,5,68677.279005,20302.042705
after-ocr-on-c4,2410.05779v3.pdf,OcrDecode,291,1.4911929999999993,0.028325
after-ocr-on-c4,2410.05779v3.pdf,OcrDetectionInference,5,1047.746884,405.886297
after-ocr-on-c4,2410.05779v3.pdf,OcrDetectionPostprocess,5,53.303993999999996,16.04262
after-ocr-on-c4,2410.05779v3.pdf,OcrDetectionPreprocess,5,279.355207,80.802806
after-ocr-on-c4,2410.05779v3.pdf,OcrOrientationInference,182,2921.9182450000008,344.154922
after-ocr-on-c4,2410.05779v3.pdf,OcrQueue,374,52388.38334600001,16528.754459
after-ocr-on-c4,2410.05779v3.pdf,OcrReadback,369,1671.5849049999995,68.204659
after-ocr-on-c4,2410.05779v3.pdf,OcrRecognitionInference,182,9731.837708999996,672.204622
after-ocr-on-c4,2410.05779v3.pdf,OcrRecognitionPreprocess,364,462.1868369999998,11.308817000000001
after-ocr-on-c4,2410.05779v3.pdf,ParseTotal,1,28045.570686000003,28045.570686000003
after-ocr-on-c4,2410.05779v3.pdf,PdfOpen,1,0.365079,0.365079
after-ocr-on-c4,2410.05779v3.pdf,PdfRender,16,350.4089160000001,34.974861000000004
after-ocr-on-c4,2410.05779v3.pdf,PdfiumQueue,1,0.000237,0.000237
after-ocr-on-c4,2410.05779v3.pdf,TableRules,6,9.810989000000001,3.115361
after-ocr-on-c4,2410.05779v3.pdf,TextExtract,16,185.478816,19.386268
after-ocr-on-c4,2410.05779v3.pdf,TextFinish,32,194.25639100000006,26.3936
after-ocr-on-c4,2410.05779v3.pdf,TextPrepare,16,0.9696210000000001,0.093192
after-ocr-on-c4,2412.05210v1.pdf,DocumentContext,1,37.365897000000004,37.365897000000004
after-ocr-on-c4,2412.05210v1.pdf,LayoutInference,12,975.8624580000001,122.90304400000001
after-ocr-on-c4,2412.05210v1.pdf,LayoutPostprocess,12,0.171195,0.033276
after-ocr-on-c4,2412.05210v1.pdf,LayoutPreprocess,12,279.55761099999995,38.203015
after-ocr-on-c4,2412.05210v1.pdf,LayoutQueue,12,6645.599702,983.548834
after-ocr-on-c4,2412.05210v1.pdf,LayoutReadback,12,0.04854699999999999,0.005681
after-ocr-on-c4,2412.05210v1.pdf,LinkValidate,1,7.220734,7.220734
after-ocr-on-c4,2412.05210v1.pdf,Ocr,6,73729.055689,24821.466599
after-ocr-on-c4,2412.05210v1.pdf,OcrDecode,439,1.4731539999999987,0.118619
after-ocr-on-c4,2412.05210v1.pdf,OcrDetectionInference,6,1930.2605019999999,908.592717
after-ocr-on-c4,2412.05210v1.pdf,OcrDetectionPostprocess,6,96.24744400000002,19.495208
after-ocr-on-c4,2412.05210v1.pdf,OcrDetectionPreprocess,6,308.73305400000004,66.61284400000001
after-ocr-on-c4,2412.05210v1.pdf,OcrOrientationInference,166,2831.6152809999994,252.480298
after-ocr-on-c4,2412.05210v1.pdf,OcrQueue,344,57183.07986099996,16125.297067000001
after-ocr-on-c4,2412.05210v1.pdf,OcrReadback,338,1102.8815249999998,36.561415
after-ocr-on-c4,2412.05210v1.pdf,OcrRecognitionInference,166,9850.140742999993,700.282509
after-ocr-on-c4,2412.05210v1.pdf,OcrRecognitionPreprocess,332,312.5304380000002,7.647892
after-ocr-on-c4,2412.05210v1.pdf,ParseTotal,1,31710.573451999997,31710.573451999997
after-ocr-on-c4,2412.05210v1.pdf,PdfOpen,1,0.369377,0.369377
after-ocr-on-c4,2412.05210v1.pdf,PdfRender,12,382.999399,78.84638
after-ocr-on-c4,2412.05210v1.pdf,PdfiumQueue,1,0.000328,0.000328
after-ocr-on-c4,2412.05210v1.pdf,TableRules,4,18.939389,8.650787
after-ocr-on-c4,2412.05210v1.pdf,TextExtract,12,249.19166599999997,31.844731
after-ocr-on-c4,2412.05210v1.pdf,TextFinish,24,509.648014,244.041728
after-ocr-on-c4,2412.05210v1.pdf,TextPrepare,12,1.2543,0.272157
after-ocr-on-c4,2403.01632v4.pdf,DocumentContext,1,3.110251,3.110251
after-ocr-on-c4,2403.01632v4.pdf,LayoutInference,47,4459.665365999999,194.28071899999998
after-ocr-on-c4,2403.01632v4.pdf,LayoutPostprocess,47,0.767653,0.066065
after-ocr-on-c4,2403.01632v4.pdf,LayoutPreprocess,47,974.412283,26.557678000000003
after-ocr-on-c4,2403.01632v4.pdf,LayoutQueue,47,14258.875144000001,940.701548
after-ocr-on-c4,2403.01632v4.pdf,LayoutReadback,47,0.19265200000000002,0.007078
after-ocr-on-c4,2403.01632v4.pdf,LinkValidate,1,16.748604,16.748604
after-ocr-on-c4,2403.01632v4.pdf,Ocr,13,185121.61368,22035.517116000003
after-ocr-on-c4,2403.01632v4.pdf,OcrDecode,417,1.578002999999999,0.025837
after-ocr-on-c4,2403.01632v4.pdf,OcrDetectionInference,13,2673.7455480000003,687.7237819999999
after-ocr-on-c4,2403.01632v4.pdf,OcrDetectionPostprocess,13,140.63255300000003,18.261827
after-ocr-on-c4,2403.01632v4.pdf,OcrDetectionPreprocess,13,681.3958230000001,63.147997
after-ocr-on-c4,2403.01632v4.pdf,OcrOrientationInference,197,2674.8198149999985,216.004179
after-ocr-on-c4,2403.01632v4.pdf,OcrQueue,420,166718.17713799988,18968.315956000002
after-ocr-on-c4,2403.01632v4.pdf,OcrReadback,407,1198.6180489999983,26.968048000000003
after-ocr-on-c4,2403.01632v4.pdf,OcrRecognitionInference,197,10523.397214000004,548.350498
after-ocr-on-c4,2403.01632v4.pdf,OcrRecognitionPreprocess,394,376.7742999999998,6.833121
after-ocr-on-c4,2403.01632v4.pdf,ParseTotal,1,54851.923385,54851.923385
after-ocr-on-c4,2403.01632v4.pdf,PdfOpen,1,0.560484,0.560484
after-ocr-on-c4,2403.01632v4.pdf,PdfRender,47,848.1409969999999,64.12292699999999
after-ocr-on-c4,2403.01632v4.pdf,PdfiumQueue,1,0.000255,0.000255
after-ocr-on-c4,2403.01632v4.pdf,TableRules,7,3.7955069999999997,1.001366
after-ocr-on-c4,2403.01632v4.pdf,TextExtract,47,644.4031149999998,24.207085
after-ocr-on-c4,2403.01632v4.pdf,TextFinish,94,675.577578,28.513122
after-ocr-on-c4,2403.01632v4.pdf,TextPrepare,47,3.0986029999999998,0.11945299999999999
after-ocr-on-c4,2604.18583v1.pdf,DocumentContext,1,1.285016,1.285016
after-ocr-on-c4,2604.18583v1.pdf,LayoutInference,15,1284.776613,185.228906
after-ocr-on-c4,2604.18583v1.pdf,LayoutPostprocess,15,0.31991800000000004,0.059956
after-ocr-on-c4,2604.18583v1.pdf,LayoutPreprocess,15,313.91513,24.453667
after-ocr-on-c4,2604.18583v1.pdf,LayoutQueue,15,359.3184679999999,107.251779
after-ocr-on-c4,2604.18583v1.pdf,LayoutReadback,15,0.060028,0.005449
after-ocr-on-c4,2604.18583v1.pdf,LinkValidate,1,6.455136,6.455136
after-ocr-on-c4,2604.18583v1.pdf,Ocr,8,110385.17773600001,14679.899094
after-ocr-on-c4,2604.18583v1.pdf,OcrDecode,100,0.31897399999999987,0.046696999999999995
after-ocr-on-c4,2604.18583v1.pdf,OcrDetectionInference,8,1125.784863,199.853667
after-ocr-on-c4,2604.18583v1.pdf,OcrDetectionPostprocess,8,115.400003,21.121681
after-ocr-on-c4,2604.18583v1.pdf,OcrDetectionPreprocess,8,402.858416,61.145933
after-ocr-on-c4,2604.18583v1.pdf,OcrOrientationInference,30,573.9578130000001,105.447789
after-ocr-on-c4,2604.18583v1.pdf,OcrQueue,76,105676.88358499996,13935.530938
after-ocr-on-c4,2604.18583v1.pdf,OcrReadback,68,211.31159499999998,26.808786
after-ocr-on-c4,2604.18583v1.pdf,OcrRecognitionInference,30,2191.390621,297.04062
after-ocr-on-c4,2604.18583v1.pdf,OcrRecognitionPreprocess,60,62.15210899999999,5.998048
after-ocr-on-c4,2604.18583v1.pdf,ParseTotal,1,28573.379107,28573.379107
after-ocr-on-c4,2604.18583v1.pdf,PdfOpen,1,0.5449609999999999,0.5449609999999999
after-ocr-on-c4,2604.18583v1.pdf,PdfRender,15,1879.926247,742.579371
after-ocr-on-c4,2604.18583v1.pdf,PdfiumQueue,1,0.004253,0.004253
after-ocr-on-c4,2604.18583v1.pdf,TableRules,2,1.83561,1.136996
after-ocr-on-c4,2604.18583v1.pdf,TextExtract,15,250.236548,33.435429
after-ocr-on-c4,2604.18583v1.pdf,TextFinish,30,507.296129,189.227284
after-ocr-on-c4,2604.18583v1.pdf,TextPrepare,15,1.423042,0.29241100000000003
after-ocr-on-c4,2303.18223v16.pdf,DocumentContext,1,16.134610000000002,16.134610000000002
after-ocr-on-c4,2303.18223v16.pdf,LayoutInference,144,12101.326985999995,224.609798
after-ocr-on-c4,2303.18223v16.pdf,LayoutPostprocess,144,2.295101,0.120918
after-ocr-on-c4,2303.18223v16.pdf,LayoutPreprocess,144,3133.2784020000004,29.217534
after-ocr-on-c4,2303.18223v16.pdf,LayoutQueue,144,24886.394101999987,383.247119
after-ocr-on-c4,2303.18223v16.pdf,LayoutReadback,144,0.588783,0.008345
after-ocr-on-c4,2303.18223v16.pdf,LinkValidate,1,81.2051,81.2051
after-ocr-on-c4,2303.18223v16.pdf,Ocr,16,238655.234692,19489.031471000002
after-ocr-on-c4,2303.18223v16.pdf,OcrDecode,717,1.9640600000000001,0.098637
after-ocr-on-c4,2303.18223v16.pdf,OcrDetectionInference,16,2410.2548819999997,197.279838
after-ocr-on-c4,2303.18223v16.pdf,OcrDetectionPostprocess,16,285.207134,23.909036
after-ocr-on-c4,2303.18223v16.pdf,OcrDetectionPreprocess,16,769.3921139999999,53.752157000000004
after-ocr-on-c4,2303.18223v16.pdf,OcrOrientationInference,202,4827.506786999999,383.648906
after-ocr-on-c4,2303.18223v16.pdf,OcrQueue,436,214837.159099,17389.722342999998
after-ocr-on-c4,2303.18223v16.pdf,OcrReadback,420,1384.5548010000005,28.33259
after-ocr-on-c4,2303.18223v16.pdf,OcrRecognitionInference,202,13601.798981999998,560.822621
after-ocr-on-c4,2303.18223v16.pdf,OcrRecognitionPreprocess,404,399.92481600000025,5.958117
after-ocr-on-c4,2303.18223v16.pdf,ParseTotal,1,68686.071549,68686.071549
after-ocr-on-c4,2303.18223v16.pdf,PdfOpen,1,0.923064,0.923064
after-ocr-on-c4,2303.18223v16.pdf,PdfRender,144,2648.759926000001,122.04827999999999
after-ocr-on-c4,2303.18223v16.pdf,PdfiumQueue,1,0.006915,0.006915
after-ocr-on-c4,2303.18223v16.pdf,TableCellInference,1,21.705506999999997,21.705506999999997
after-ocr-on-c4,2303.18223v16.pdf,TableCellPostprocess,1,0.012353,0.012353
after-ocr-on-c4,2303.18223v16.pdf,TableCellPreprocess,1,10.970204,10.970204
after-ocr-on-c4,2303.18223v16.pdf,TableExternal,1,1013.035352,1013.035352
after-ocr-on-c4,2303.18223v16.pdf,TableFill,1,1.661369,1.661369
after-ocr-on-c4,2303.18223v16.pdf,TableRules,24,43.471604000000006,5.681995
after-ocr-on-c4,2303.18223v16.pdf,TextExtract,144,3095.586925,36.040416
after-ocr-on-c4,2303.18223v16.pdf,TextFinish,288,6204.793881999999,144.157076
after-ocr-on-c4,2303.18223v16.pdf,TextPrepare,144,18.386971000000003,0.322604
after-ocr-on-c4,2303.18223v16.pdf,TsrInference,5,965.74581,756.557946
after-ocr-on-c4,2303.18223v16.pdf,TsrPostprocess,5,0.287389,0.142848
after-ocr-on-c4,2303.18223v16.pdf,TsrPreprocess,5,9.440207000000001,4.480651000000001
after-ocr-on-c4,2303.18223v16.pdf,TsrQueue,6,0.908973,0.237903
after-ocr-on-c4,2603.01919v2.pdf,DocumentContext,1,2.225035,2.225035
after-ocr-on-c4,2603.01919v2.pdf,LayoutInference,23,2007.562353,198.008469
after-ocr-on-c4,2603.01919v2.pdf,LayoutPostprocess,23,0.4033840000000001,0.033462
after-ocr-on-c4,2603.01919v2.pdf,LayoutPreprocess,23,475.40779100000003,23.014402999999998
after-ocr-on-c4,2603.01919v2.pdf,LayoutQueue,23,3346.715088,278.273471
after-ocr-on-c4,2603.01919v2.pdf,LayoutReadback,23,0.085698,0.004758999999999999
after-ocr-on-c4,2603.01919v2.pdf,LinkValidate,1,12.18783,12.18783
after-ocr-on-c4,2603.01919v2.pdf,Ocr,10,142718.023609,17684.324176000002
after-ocr-on-c4,2603.01919v2.pdf,OcrDecode,1101,2.0563810000000022,0.041270999999999995
after-ocr-on-c4,2603.01919v2.pdf,OcrDetectionInference,10,2699.702376,709.778186
after-ocr-on-c4,2603.01919v2.pdf,OcrDetectionPostprocess,10,141.301129,19.927353
after-ocr-on-c4,2603.01919v2.pdf,OcrDetectionPreprocess,10,517.052798,65.525783
after-ocr-on-c4,2603.01919v2.pdf,OcrOrientationInference,193,4885.414830999999,280.08603
after-ocr-on-c4,2603.01919v2.pdf,OcrQueue,406,120660.63901600002,13405.288865999999
after-ocr-on-c4,2603.01919v2.pdf,OcrReadback,396,1936.3496650000006,31.038805999999997
after-ocr-on-c4,2603.01919v2.pdf,OcrRecognitionInference,193,11237.222757000001,577.333757
after-ocr-on-c4,2603.01919v2.pdf,OcrRecognitionPreprocess,386,510.0172270000003,7.062041
after-ocr-on-c4,2603.01919v2.pdf,ParseTotal,1,44456.712145,44456.712145
after-ocr-on-c4,2603.01919v2.pdf,PdfOpen,1,0.524169,0.524169
after-ocr-on-c4,2603.01919v2.pdf,PdfRender,23,805.66269,142.223555
after-ocr-on-c4,2603.01919v2.pdf,PdfiumQueue,1,0.003998,0.003998
after-ocr-on-c4,2603.01919v2.pdf,TableCellInference,1,24.189352,24.189352
after-ocr-on-c4,2603.01919v2.pdf,TableCellPostprocess,1,0.0111,0.0111
after-ocr-on-c4,2603.01919v2.pdf,TableCellPreprocess,1,7.14874,7.14874
after-ocr-on-c4,2603.01919v2.pdf,TableExternal,1,628.9303000000001,628.9303000000001
after-ocr-on-c4,2603.01919v2.pdf,TableFill,1,0.6195210000000001,0.6195210000000001
after-ocr-on-c4,2603.01919v2.pdf,TableRules,18,25.810817000000004,4.775545
after-ocr-on-c4,2603.01919v2.pdf,TextExtract,23,431.2315509999999,50.767528999999996
after-ocr-on-c4,2603.01919v2.pdf,TextFinish,46,555.7609929999998,86.284895
after-ocr-on-c4,2603.01919v2.pdf,TextPrepare,23,1.9051749999999998,0.153981
after-ocr-on-c4,2603.01919v2.pdf,TsrInference,3,592.298556,435.565608
after-ocr-on-c4,2603.01919v2.pdf,TsrPostprocess,3,0.333337,0.21984399999999998
after-ocr-on-c4,2603.01919v2.pdf,TsrPreprocess,3,2.958138,1.368028
after-ocr-on-c4,2603.01919v2.pdf,TsrQueue,4,0.750395,0.252759
after-ocr-on-c4,2604.21959v1.pdf,DocumentContext,1,0.154335,0.154335
after-ocr-on-c4,2604.21959v1.pdf,LayoutInference,3,333.04045499999995,185.244643
after-ocr-on-c4,2604.21959v1.pdf,LayoutPostprocess,3,0.049194,0.021651
after-ocr-on-c4,2604.21959v1.pdf,LayoutPreprocess,3,60.109385,20.852164
after-ocr-on-c4,2604.21959v1.pdf,LayoutQueue,3,400.40968399999997,231.218708
after-ocr-on-c4,2604.21959v1.pdf,LayoutReadback,3,0.010244999999999999,0.003498
after-ocr-on-c4,2604.21959v1.pdf,LinkValidate,1,0.8286749999999999,0.8286749999999999
after-ocr-on-c4,2604.21959v1.pdf,Ocr,2,33390.595161,17911.188229
after-ocr-on-c4,2604.21959v1.pdf,OcrDecode,87,0.41092599999999996,0.12329
after-ocr-on-c4,2604.21959v1.pdf,OcrDetectionInference,2,602.860489,475.613553
after-ocr-on-c4,2604.21959v1.pdf,OcrDetectionPostprocess,2,22.091841,12.35155
after-ocr-on-c4,2604.21959v1.pdf,OcrDetectionPreprocess,2,110.692503,59.505329
after-ocr-on-c4,2604.21959v1.pdf,OcrOrientationInference,27,663.4571670000001,131.896926
after-ocr-on-c4,2604.21959v1.pdf,OcrQueue,58,30094.14709199999,14589.504702999999
after-ocr-on-c4,2604.21959v1.pdf,OcrReadback,56,310.87889600000005,30.571391
after-ocr-on-c4,2604.21959v1.pdf,OcrRecognitionInference,27,1484.14997,238.020345
after-ocr-on-c4,2604.21959v1.pdf,OcrRecognitionPreprocess,54,83.63369,5.0054549999999995
after-ocr-on-c4,2604.21959v1.pdf,ParseTotal,1,18307.686944,18307.686944
after-ocr-on-c4,2604.21959v1.pdf,PdfOpen,1,0.606498,0.606498
after-ocr-on-c4,2604.21959v1.pdf,PdfRender,3,45.345365,16.786404
after-ocr-on-c4,2604.21959v1.pdf,PdfiumQueue,1,0.003389,0.003389
after-ocr-on-c4,2604.21959v1.pdf,TextExtract,3,22.072877,10.984828
after-ocr-on-c4,2604.21959v1.pdf,TextFinish,6,22.691153,12.120308999999999
after-ocr-on-c4,2604.21959v1.pdf,TextPrepare,3,0.15952700000000003,0.081585
after-ocr-on-c4,2609.04184v1.pdf,DocumentContext,1,0.891614,0.891614
after-ocr-on-c4,2609.04184v1.pdf,LayoutInference,8,589.086357,76.955117
after-ocr-on-c4,2609.04184v1.pdf,LayoutPostprocess,8,0.153801,0.040404
after-ocr-on-c4,2609.04184v1.pdf,LayoutPreprocess,8,168.68241799999998,24.539889
after-ocr-on-c4,2609.04184v1.pdf,LayoutQueue,8,1045.045796,203.94869500000001
after-ocr-on-c4,2609.04184v1.pdf,LayoutReadback,8,0.031583,0.004979
after-ocr-on-c4,2609.04184v1.pdf,LinkValidate,1,4.464251,4.464251
after-ocr-on-c4,2609.04184v1.pdf,Ocr,5,68096.96282,18352.570437000002
after-ocr-on-c4,2609.04184v1.pdf,OcrDecode,239,0.5718840000000001,0.015102
after-ocr-on-c4,2609.04184v1.pdf,OcrDetectionInference,5,709.4358100000001,189.916382
after-ocr-on-c4,2609.04184v1.pdf,OcrDetectionPostprocess,5,79.073523,17.603886
after-ocr-on-c4,2609.04184v1.pdf,OcrDetectionPreprocess,5,235.092443,49.383468
after-ocr-on-c4,2609.04184v1.pdf,OcrOrientationInference,68,1170.0266609999996,157.374693
after-ocr-on-c4,2609.04184v1.pdf,OcrQueue,146,62222.98183499999,17522.188648
after-ocr-on-c4,2609.04184v1.pdf,OcrReadback,141,409.90224500000005,23.754563
after-ocr-on-c4,2609.04184v1.pdf,OcrRecognitionInference,68,3102.7928170000014,240.005585
after-ocr-on-c4,2609.04184v1.pdf,OcrRecognitionPreprocess,136,120.415806,6.417077
after-ocr-on-c4,2609.04184v1.pdf,ParseTotal,1,28351.873291,28351.873291
after-ocr-on-c4,2609.04184v1.pdf,PdfOpen,1,0.72455,0.72455
after-ocr-on-c4,2609.04184v1.pdf,PdfRender,8,212.16592900000003,38.611547
after-ocr-on-c4,2609.04184v1.pdf,PdfiumQueue,1,0.004651,0.004651
after-ocr-on-c4,2609.04184v1.pdf,TableCellInference,1,149.714623,149.714623
after-ocr-on-c4,2609.04184v1.pdf,TableCellPostprocess,1,0.008692,0.008692
after-ocr-on-c4,2609.04184v1.pdf,TableCellPreprocess,1,7.111519,7.111519
after-ocr-on-c4,2609.04184v1.pdf,TableExternal,1,602.3984009999999,602.3984009999999
after-ocr-on-c4,2609.04184v1.pdf,TableFill,1,0.9857920000000001,0.9857920000000001
after-ocr-on-c4,2609.04184v1.pdf,TableRules,7,3.21302,0.811076
after-ocr-on-c4,2609.04184v1.pdf,TextExtract,8,145.333381,26.252931
after-ocr-on-c4,2609.04184v1.pdf,TextFinish,16,242.152022,63.942060999999995
after-ocr-on-c4,2609.04184v1.pdf,TextPrepare,8,1.019632,0.18340199999999998
after-ocr-on-c4,2609.04184v1.pdf,TsrInference,1,442.507498,442.507498
after-ocr-on-c4,2609.04184v1.pdf,TsrPostprocess,1,0.057722,0.057722
after-ocr-on-c4,2609.04184v1.pdf,TsrPreprocess,1,2.315039,2.315039
after-ocr-on-c4,2609.04184v1.pdf,TsrQueue,2,0.298698,0.21237599999999998
after-ocr-on-c4,2609.04180v1.pdf,DocumentContext,1,1.621927,1.621927
after-ocr-on-c4,2609.04180v1.pdf,LayoutInference,23,2169.307555,195.759308
after-ocr-on-c4,2609.04180v1.pdf,LayoutPostprocess,23,0.3464660000000001,0.042817
after-ocr-on-c4,2609.04180v1.pdf,LayoutPreprocess,23,482.95702,24.477876
after-ocr-on-c4,2609.04180v1.pdf,LayoutQueue,23,2997.518843,278.49896
after-ocr-on-c4,2609.04180v1.pdf,LayoutReadback,23,0.098894,0.006007
after-ocr-on-c4,2609.04180v1.pdf,LinkValidate,1,8.6237,8.6237
after-ocr-on-c4,2609.04180v1.pdf,Ocr,9,117827.224292,19241.378623
after-ocr-on-c4,2609.04180v1.pdf,OcrDecode,755,1.9789500000000004,0.104377
after-ocr-on-c4,2609.04180v1.pdf,OcrDetectionInference,9,1750.960339,229.536035
after-ocr-on-c4,2609.04180v1.pdf,OcrDetectionPostprocess,9,121.657716,19.508926
after-ocr-on-c4,2609.04180v1.pdf,OcrDetectionPreprocess,9,470.70562499999994,57.657902
after-ocr-on-c4,2609.04180v1.pdf,OcrOrientationInference,134,2732.2565820000013,254.36441599999998
after-ocr-on-c4,2609.04180v1.pdf,OcrQueue,286,104024.65466600006,17319.63612
after-ocr-on-c4,2609.04180v1.pdf,OcrReadback,277,1487.8991220000007,42.038593
after-ocr-on-c4,2609.04180v1.pdf,OcrRecognitionInference,134,6769.7908139999945,225.393846
after-ocr-on-c4,2609.04180v1.pdf,OcrRecognitionPreprocess,268,375.35243499999996,8.867388
after-ocr-on-c4,2609.04180v1.pdf,ParseTotal,1,41299.616925,41299.616925
after-ocr-on-c4,2609.04180v1.pdf,PdfOpen,1,0.565779,0.565779
after-ocr-on-c4,2609.04180v1.pdf,PdfRender,23,494.151091,47.848472
after-ocr-on-c4,2609.04180v1.pdf,PdfiumQueue,1,0.003127,0.003127
after-ocr-on-c4,2609.04180v1.pdf,TableRules,12,5.973861,1.132142
after-ocr-on-c4,2609.04180v1.pdf,TextExtract,23,326.4794619999999,26.090432
after-ocr-on-c4,2609.04180v1.pdf,TextFinish,46,382.63771500000007,28.584208
after-ocr-on-c4,2609.04180v1.pdf,TextPrepare,23,1.9220529999999996,0.227722
after-ocr-on-c4,2604.18584v1.pdf,DocumentContext,1,2.258361,2.258361
after-ocr-on-c4,2604.18584v1.pdf,LayoutInference,32,3329.2406770000002,186.393383
after-ocr-on-c4,2604.18584v1.pdf,LayoutPostprocess,32,0.42234,0.040104
after-ocr-on-c4,2604.18584v1.pdf,LayoutPreprocess,32,655.254694,30.903844
after-ocr-on-c4,2604.18584v1.pdf,LayoutQueue,32,5481.021501,329.1467
after-ocr-on-c4,2604.18584v1.pdf,LayoutReadback,32,0.12384,0.0047339999999999995
after-ocr-on-c4,2604.18584v1.pdf,LinkValidate,1,12.888238999999999,12.888238999999999
after-ocr-on-c4,2604.18584v1.pdf,Ocr,13,214313.541644,31657.381995
after-ocr-on-c4,2604.18584v1.pdf,OcrDecode,882,3.8484050000000027,0.303043
after-ocr-on-c4,2604.18584v1.pdf,OcrDetectionInference,13,2164.621156,240.274855
after-ocr-on-c4,2604.18584v1.pdf,OcrDetectionPostprocess,13,139.736461,17.379736
after-ocr-on-c4,2604.18584v1.pdf,OcrDetectionPreprocess,13,640.2589869999999,55.653039
after-ocr-on-c4,2604.18584v1.pdf,OcrOrientationInference,380,5115.131218,195.56062599999998
after-ocr-on-c4,2604.18584v1.pdf,OcrQueue,786,184362.33336399976,17301.995224
after-ocr-on-c4,2604.18584v1.pdf,OcrReadback,773,2565.9445529999975,37.170503000000004
after-ocr-on-c4,2604.18584v1.pdf,OcrRecognitionInference,380,18352.259247000005,442.153239
after-ocr-on-c4,2604.18584v1.pdf,OcrRecognitionPreprocess,760,724.5768380000006,6.771947000000001
after-ocr-on-c4,2604.18584v1.pdf,ParseTotal,1,63109.502192,63109.502192
after-ocr-on-c4,2604.18584v1.pdf,PdfOpen,1,0.471665,0.471665
after-ocr-on-c4,2604.18584v1.pdf,PdfRender,32,644.2173549999999,102.675806
after-ocr-on-c4,2604.18584v1.pdf,PdfiumQueue,1,0.0045390000000000005,0.0045390000000000005
after-ocr-on-c4,2604.18584v1.pdf,TableCellInference,2,51.934967,27.076564
after-ocr-on-c4,2604.18584v1.pdf,TableCellPostprocess,2,0.010158,0.007827
after-ocr-on-c4,2604.18584v1.pdf,TableCellPreprocess,2,21.112754,15.102354
after-ocr-on-c4,2604.18584v1.pdf,TableExternal,2,1101.487768,719.728022
after-ocr-on-c4,2604.18584v1.pdf,TableFill,2,0.241014,0.148529
after-ocr-on-c4,2604.18584v1.pdf,TableRules,18,29.51696,5.729657
after-ocr-on-c4,2604.18584v1.pdf,TextExtract,32,320.38146100000006,19.034715000000002
after-ocr-on-c4,2604.18584v1.pdf,TextFinish,64,482.21989700000023,53.667251
after-ocr-on-c4,2604.18584v1.pdf,TextPrepare,32,2.397409,0.22845600000000002
after-ocr-on-c4,2604.18584v1.pdf,TsrInference,2,1022.49829,672.853037
after-ocr-on-c4,2604.18584v1.pdf,TsrPostprocess,2,0.064094,0.052976
after-ocr-on-c4,2604.18584v1.pdf,TsrPreprocess,2,4.37706,3.724691
after-ocr-on-c4,2604.18584v1.pdf,TsrQueue,4,0.6654340000000001,0.204038
after-ocr-on-c4,2606.17056v1.pdf,DocumentContext,1,3.706268,3.706268
after-ocr-on-c4,2606.17056v1.pdf,LayoutInference,25,2595.52863,198.571953
after-ocr-on-c4,2606.17056v1.pdf,LayoutPostprocess,25,0.261143,0.025383
after-ocr-on-c4,2606.17056v1.pdf,LayoutPreprocess,25,525.612963,28.299224000000002
after-ocr-on-c4,2606.17056v1.pdf,LayoutQueue,25,2552.6517879999997,289.187959
after-ocr-on-c4,2606.17056v1.pdf,LayoutReadback,25,0.099707,0.007468000000000001
after-ocr-on-c4,2606.17056v1.pdf,LinkValidate,1,8.112096,8.112096
after-ocr-on-c4,2606.17056v1.pdf,Ocr,15,196336.11956000002,18651.210475
after-ocr-on-c4,2606.17056v1.pdf,OcrDecode,831,1.6920850000000007,0.054222
after-ocr-on-c4,2606.17056v1.pdf,OcrDetectionInference,15,2166.11205,207.295851
after-ocr-on-c4,2606.17056v1.pdf,OcrDetectionPostprocess,15,171.119156,14.787264
after-ocr-on-c4,2606.17056v1.pdf,OcrDetectionPreprocess,15,756.6369809999999,60.867189
after-ocr-on-c4,2606.17056v1.pdf,OcrOrientationInference,163,2797.3106239999975,167.913791
after-ocr-on-c4,2606.17056v1.pdf,OcrQueue,356,179225.30001399992,16793.454957
after-ocr-on-c4,2606.17056v1.pdf,OcrReadback,341,1550.5862829999999,31.081186
after-ocr-on-c4,2606.17056v1.pdf,OcrRecognitionInference,163,9145.563447999995,487.251506
after-ocr-on-c4,2606.17056v1.pdf,OcrRecognitionPreprocess,326,406.8388299999999,6.679459
after-ocr-on-c4,2606.17056v1.pdf,ParseTotal,1,53160.418003,53160.418003
after-ocr-on-c4,2606.17056v1.pdf,PdfOpen,1,0.594288,0.594288
after-ocr-on-c4,2606.17056v1.pdf,PdfRender,25,412.086185,22.809244999999997
after-ocr-on-c4,2606.17056v1.pdf,PdfiumQueue,1,0.0072250000000000005,0.0072250000000000005
after-ocr-on-c4,2606.17056v1.pdf,TableRules,4,7.893379,4.724403000000001
after-ocr-on-c4,2606.17056v1.pdf,TextExtract,25,277.93295700000004,17.559841
after-ocr-on-c4,2606.17056v1.pdf,TextFinish,50,231.17648599999995,19.507346
after-ocr-on-c4,2606.17056v1.pdf,TextPrepare,25,1.527708,0.087889
after-ocr-on-c4,2609.04203v1.pdf,DocumentContext,1,2.485029,2.485029
after-ocr-on-c4,2609.04203v1.pdf,LayoutInference,20,2126.2723819999997,324.64615000000003
after-ocr-on-c4,2609.04203v1.pdf,LayoutPostprocess,20,0.382318,0.04441
after-ocr-on-c4,2609.04203v1.pdf,LayoutPreprocess,20,429.01741300000003,24.198826
after-ocr-on-c4,2609.04203v1.pdf,LayoutQueue,20,2035.5356469999997,266.704324
after-ocr-on-c4,2609.04203v1.pdf,LayoutReadback,20,0.084795,0.005849
after-ocr-on-c4,2609.04203v1.pdf,LinkValidate,1,9.427087,9.427087
after-ocr-on-c4,2609.04203v1.pdf,Ocr,9,59369.878189999996,12842.595791000002
after-ocr-on-c4,2609.04203v1.pdf,OcrDecode,287,0.6149289999999996,0.016864
after-ocr-on-c4,2609.04203v1.pdf,OcrDetectionInference,9,1261.056607,180.389262
after-ocr-on-c4,2609.04203v1.pdf,OcrDetectionPostprocess,9,144.965062,23.202338
after-ocr-on-c4,2609.04203v1.pdf,OcrDetectionPreprocess,9,438.6214140000001,54.157733
after-ocr-on-c4,2609.04203v1.pdf,OcrOrientationInference,56,1283.0168640000002,186.22069299999998
after-ocr-on-c4,2609.04203v1.pdf,OcrQueue,130,51819.09347800007,10918.890253000001
after-ocr-on-c4,2609.04203v1.pdf,OcrReadback,121,502.42848599999985,28.935007
after-ocr-on-c4,2609.04203v1.pdf,OcrRecognitionInference,56,3730.0610650000012,413.23693000000003
after-ocr-on-c4,2609.04203v1.pdf,OcrRecognitionPreprocess,112,147.1572869999999,6.601869
after-ocr-on-c4,2609.04203v1.pdf,ParseTotal,1,16595.163389,16595.163389
after-ocr-on-c4,2609.04203v1.pdf,PdfOpen,1,0.736449,0.736449
after-ocr-on-c4,2609.04203v1.pdf,PdfRender,20,770.009598,215.669134
after-ocr-on-c4,2609.04203v1.pdf,PdfiumQueue,1,0.003839,0.003839
after-ocr-on-c4,2609.04203v1.pdf,TableCellInference,1,23.390925,23.390925
after-ocr-on-c4,2609.04203v1.pdf,TableCellPostprocess,1,0.024131,0.024131
after-ocr-on-c4,2609.04203v1.pdf,TableCellPreprocess,1,10.523188,10.523188
after-ocr-on-c4,2609.04203v1.pdf,TableExternal,1,760.9594,760.9594
after-ocr-on-c4,2609.04203v1.pdf,TableFill,1,5.354143,5.354143
after-ocr-on-c4,2609.04203v1.pdf,TableRules,19,11.606185000000002,1.7225840000000001
after-ocr-on-c4,2609.04203v1.pdf,TextExtract,20,508.40685199999996,127.04098
after-ocr-on-c4,2609.04203v1.pdf,TextFinish,40,622.5091189999999,64.475593
after-ocr-on-c4,2609.04203v1.pdf,TextPrepare,20,2.355803,0.19347799999999998
after-ocr-on-c4,2609.04203v1.pdf,TsrInference,1,724.2285320000001,724.2285320000001
after-ocr-on-c4,2609.04203v1.pdf,TsrPostprocess,1,0.17673,0.17673
after-ocr-on-c4,2609.04203v1.pdf,TsrPreprocess,1,2.110158,2.110158
after-ocr-on-c4,2609.04203v1.pdf,TsrQueue,2,0.20985499999999999,0.120818
after-ocr-on-c5,2410.05779v3.pdf,DocumentContext,1,1.0153,1.0153
after-ocr-on-c5,2410.05779v3.pdf,LayoutInference,16,1342.0448539999998,144.81417299999998
after-ocr-on-c5,2410.05779v3.pdf,LayoutPostprocess,16,0.21047600000000005,0.026558
after-ocr-on-c5,2410.05779v3.pdf,LayoutPreprocess,16,335.036903,24.468377
after-ocr-on-c5,2410.05779v3.pdf,LayoutQueue,16,11314.511383,1235.42362
after-ocr-on-c5,2410.05779v3.pdf,LayoutReadback,16,0.06768300000000001,0.005855
after-ocr-on-c5,2410.05779v3.pdf,LinkValidate,1,4.185348,4.185348
after-ocr-on-c5,2410.05779v3.pdf,Ocr,5,80625.76807399999,23642.239157
after-ocr-on-c5,2410.05779v3.pdf,OcrDecode,291,1.6105710000000002,0.052358
after-ocr-on-c5,2410.05779v3.pdf,OcrDetectionInference,5,1065.5554599999998,415.96072899999996
after-ocr-on-c5,2410.05779v3.pdf,OcrDetectionPostprocess,5,52.711187,16.491379000000002
after-ocr-on-c5,2410.05779v3.pdf,OcrDetectionPreprocess,5,264.777825,59.635498000000005
after-ocr-on-c5,2410.05779v3.pdf,OcrOrientationInference,182,2638.1219400000004,242.353062
after-ocr-on-c5,2410.05779v3.pdf,OcrQueue,374,63762.38067800006,19604.173285999997
after-ocr-on-c5,2410.05779v3.pdf,OcrReadback,369,1703.974799000002,62.75736799999999
after-ocr-on-c5,2410.05779v3.pdf,OcrRecognitionInference,182,10524.618296,660.2703909999999
after-ocr-on-c5,2410.05779v3.pdf,OcrRecognitionPreprocess,364,492.405138,12.976194
after-ocr-on-c5,2410.05779v3.pdf,ParseTotal,1,31841.76636,31841.76636
after-ocr-on-c5,2410.05779v3.pdf,PdfOpen,1,0.453351,0.453351
after-ocr-on-c5,2410.05779v3.pdf,PdfRender,16,334.38908499999997,32.437428999999995
after-ocr-on-c5,2410.05779v3.pdf,PdfiumQueue,1,0.000343,0.000343
after-ocr-on-c5,2410.05779v3.pdf,TableRules,6,11.632396999999997,4.485803
after-ocr-on-c5,2410.05779v3.pdf,TextExtract,16,209.873404,20.871291
after-ocr-on-c5,2410.05779v3.pdf,TextFinish,32,178.86278,25.591854
after-ocr-on-c5,2410.05779v3.pdf,TextPrepare,16,0.8729420000000001,0.086362
after-ocr-on-c5,2412.05210v1.pdf,DocumentContext,1,38.579558,38.579558
after-ocr-on-c5,2412.05210v1.pdf,LayoutInference,12,935.0921269999999,100.420318
after-ocr-on-c5,2412.05210v1.pdf,LayoutPostprocess,12,0.139608,0.024672
after-ocr-on-c5,2412.05210v1.pdf,LayoutPreprocess,12,277.588755,26.724456
after-ocr-on-c5,2412.05210v1.pdf,LayoutQueue,12,8125.116378,1284.989406
after-ocr-on-c5,2412.05210v1.pdf,LayoutReadback,12,0.054207000000000005,0.006057
after-ocr-on-c5,2412.05210v1.pdf,LinkValidate,1,8.034717,8.034717
after-ocr-on-c5,2412.05210v1.pdf,Ocr,6,83195.506198,28553.218696
after-ocr-on-c5,2412.05210v1.pdf,OcrDecode,439,1.625584000000001,0.09197999999999999
after-ocr-on-c5,2412.05210v1.pdf,OcrDetectionInference,6,2083.724322,1033.61857
after-ocr-on-c5,2412.05210v1.pdf,OcrDetectionPostprocess,6,98.559621,19.937019
after-ocr-on-c5,2412.05210v1.pdf,OcrDetectionPreprocess,6,318.17748600000004,62.855605999999995
after-ocr-on-c5,2412.05210v1.pdf,OcrOrientationInference,166,3139.409880000002,281.62055000000004
after-ocr-on-c5,2412.05210v1.pdf,OcrQueue,344,65916.25453000003,19078.433001
after-ocr-on-c5,2412.05210v1.pdf,OcrReadback,338,1125.6931900000004,32.836985999999996
after-ocr-on-c5,2412.05210v1.pdf,OcrRecognitionInference,166,10062.788319000003,623.395606
after-ocr-on-c5,2412.05210v1.pdf,OcrRecognitionPreprocess,332,339.50388099999986,10.055954
after-ocr-on-c5,2412.05210v1.pdf,ParseTotal,1,36050.509262,36050.509262
after-ocr-on-c5,2412.05210v1.pdf,PdfOpen,1,0.438255,0.438255
after-ocr-on-c5,2412.05210v1.pdf,PdfRender,12,392.70926399999996,83.969632
after-ocr-on-c5,2412.05210v1.pdf,PdfiumQueue,1,0.000312,0.000312
after-ocr-on-c5,2412.05210v1.pdf,TableRules,4,21.294084,11.042483
after-ocr-on-c5,2412.05210v1.pdf,TextExtract,12,256.695796,35.14222
after-ocr-on-c5,2412.05210v1.pdf,TextFinish,24,542.132044,257.63487299999997
after-ocr-on-c5,2412.05210v1.pdf,TextPrepare,12,1.367763,0.254492
after-ocr-on-c5,2603.01919v2.pdf,DocumentContext,1,3.013744,3.013744
after-ocr-on-c5,2603.01919v2.pdf,LayoutInference,23,2242.9793459999996,196.680004
after-ocr-on-c5,2603.01919v2.pdf,LayoutPostprocess,23,0.3428419999999999,0.036472
after-ocr-on-c5,2603.01919v2.pdf,LayoutPreprocess,23,523.355766,38.383471
after-ocr-on-c5,2603.01919v2.pdf,LayoutQueue,23,12219.693706000002,1211.902333
after-ocr-on-c5,2603.01919v2.pdf,LayoutReadback,23,0.091563,0.005657000000000001
after-ocr-on-c5,2603.01919v2.pdf,LinkValidate,1,14.129959,14.129959
after-ocr-on-c5,2603.01919v2.pdf,Ocr,10,181604.68178800002,26419.786143999998
after-ocr-on-c5,2603.01919v2.pdf,OcrDecode,1101,2.2558510000000016,0.104824
after-ocr-on-c5,2603.01919v2.pdf,OcrDetectionInference,10,1709.091186,287.807763
after-ocr-on-c5,2603.01919v2.pdf,OcrDetectionPostprocess,10,134.896399,20.502019999999998
after-ocr-on-c5,2603.01919v2.pdf,OcrDetectionPreprocess,10,509.63975899999997,61.000029
after-ocr-on-c5,2603.01919v2.pdf,OcrOrientationInference,193,3712.285442,265.453269
after-ocr-on-c5,2603.01919v2.pdf,OcrQueue,406,163955.6354480001,23994.140986000002
after-ocr-on-c5,2603.01919v2.pdf,OcrReadback,396,1992.754221999999,30.153395
after-ocr-on-c5,2603.01919v2.pdf,OcrRecognitionInference,193,8917.435392000001,535.0304460000001
after-ocr-on-c5,2603.01919v2.pdf,OcrRecognitionPreprocess,386,539.9361170000002,6.905054
after-ocr-on-c5,2603.01919v2.pdf,ParseTotal,1,54083.042354,54083.042354
after-ocr-on-c5,2603.01919v2.pdf,PdfOpen,1,0.657035,0.657035
after-ocr-on-c5,2603.01919v2.pdf,PdfRender,23,863.1267750000001,134.000054
after-ocr-on-c5,2603.01919v2.pdf,PdfiumQueue,1,0.000446,0.000446
after-ocr-on-c5,2603.01919v2.pdf,TableCellInference,1,23.351171,23.351171
after-ocr-on-c5,2603.01919v2.pdf,TableCellPostprocess,1,0.005326,0.005326
after-ocr-on-c5,2603.01919v2.pdf,TableCellPreprocess,1,7.678814,7.678814
after-ocr-on-c5,2603.01919v2.pdf,TableExternal,1,704.247342,704.247342
after-ocr-on-c5,2603.01919v2.pdf,TableFill,1,0.26356300000000005,0.26356300000000005
after-ocr-on-c5,2603.01919v2.pdf,TableRules,18,23.867725,5.058673
after-ocr-on-c5,2603.01919v2.pdf,TextExtract,23,497.8812530000001,56.243475000000004
after-ocr-on-c5,2603.01919v2.pdf,TextFinish,46,559.2064029999999,81.091736
after-ocr-on-c5,2603.01919v2.pdf,TextPrepare,23,1.8882200000000002,0.16231
after-ocr-on-c5,2603.01919v2.pdf,TsrInference,3,667.967887,500.669998
after-ocr-on-c5,2603.01919v2.pdf,TsrPostprocess,3,0.280746,0.185534
after-ocr-on-c5,2603.01919v2.pdf,TsrPreprocess,3,2.9827579999999996,1.4372099999999999
after-ocr-on-c5,2603.01919v2.pdf,TsrQueue,4,0.5927640000000001,0.18385600000000002
after-ocr-on-c5,2604.18583v1.pdf,DocumentContext,1,1.631408,1.631408
after-ocr-on-c5,2604.18583v1.pdf,LayoutInference,15,1199.989307,139.317593
after-ocr-on-c5,2604.18583v1.pdf,LayoutPostprocess,15,0.251959,0.037987
after-ocr-on-c5,2604.18583v1.pdf,LayoutPreprocess,15,323.57611799999995,27.846663
after-ocr-on-c5,2604.18583v1.pdf,LayoutQueue,15,344.903986,110.653065
after-ocr-on-c5,2604.18583v1.pdf,LayoutReadback,15,0.069409,0.00827
after-ocr-on-c5,2604.18583v1.pdf,LinkValidate,1,8.902633,8.902633
after-ocr-on-c5,2604.18583v1.pdf,Ocr,8,131281.25648599997,18294.153288
after-ocr-on-c5,2604.18583v1.pdf,OcrDecode,100,0.29128400000000004,0.018578
after-ocr-on-c5,2604.18583v1.pdf,OcrDetectionInference,8,1298.692804,193.623977
after-ocr-on-c5,2604.18583v1.pdf,OcrDetectionPostprocess,8,115.56634600000001,22.054562
after-ocr-on-c5,2604.18583v1.pdf,OcrDetectionPreprocess,8,407.515857,60.105375
after-ocr-on-c5,2604.18583v1.pdf,OcrOrientationInference,30,912.5782350000002,216.066709
after-ocr-on-c5,2604.18583v1.pdf,OcrQueue,76,125869.374822,17212.456749
after-ocr-on-c5,2604.18583v1.pdf,OcrReadback,68,205.951573,25.779985
after-ocr-on-c5,2604.18583v1.pdf,OcrRecognitionInference,30,2380.2215480000004,558.158275
after-ocr-on-c5,2604.18583v1.pdf,OcrRecognitionPreprocess,60,67.28042199999999,5.2259009999999995
after-ocr-on-c5,2604.18583v1.pdf,ParseTotal,1,34439.627541999995,34439.627541999995
after-ocr-on-c5,2604.18583v1.pdf,PdfOpen,1,0.47511,0.47511
after-ocr-on-c5,2604.18583v1.pdf,PdfRender,15,1904.6060360000001,743.185525
after-ocr-on-c5,2604.18583v1.pdf,PdfiumQueue,1,0.0039570000000000004,0.0039570000000000004
after-ocr-on-c5,2604.18583v1.pdf,TableRules,2,1.8452030000000001,0.96227
after-ocr-on-c5,2604.18583v1.pdf,TextExtract,15,262.338279,36.255015
after-ocr-on-c5,2604.18583v1.pdf,TextFinish,30,522.5454159999999,185.813634
after-ocr-on-c5,2604.18583v1.pdf,TextPrepare,15,1.962837,0.521915
after-ocr-on-c5,2403.01632v4.pdf,DocumentContext,1,3.196912,3.196912
after-ocr-on-c5,2403.01632v4.pdf,LayoutInference,47,4216.774498000001,225.58171099999998
after-ocr-on-c5,2403.01632v4.pdf,LayoutPostprocess,47,0.7716709999999999,0.070494
after-ocr-on-c5,2403.01632v4.pdf,LayoutPreprocess,47,973.7386960000003,27.061719
after-ocr-on-c5,2403.01632v4.pdf,LayoutQueue,47,18138.720332,1244.237977
after-ocr-on-c5,2403.01632v4.pdf,LayoutReadback,47,0.19323499999999996,0.007216
after-ocr-on-c5,2403.01632v4.pdf,LinkValidate,1,16.558889,16.558889
after-ocr-on-c5,2403.01632v4.pdf,Ocr,13,241233.647559,26796.011039
after-ocr-on-c5,2403.01632v4.pdf,OcrDecode,417,1.8418510000000017,0.104338
after-ocr-on-c5,2403.01632v4.pdf,OcrDetectionInference,13,2343.125312,388.424685
after-ocr-on-c5,2403.01632v4.pdf,OcrDetectionPostprocess,13,146.493234,20.440186
after-ocr-on-c5,2403.01632v4.pdf,OcrDetectionPreprocess,13,633.380415,56.454803999999996
after-ocr-on-c5,2403.01632v4.pdf,OcrOrientationInference,197,2817.888335,317.837558
after-ocr-on-c5,2403.01632v4.pdf,OcrQueue,420,224581.24781499992,23963.981393000002
after-ocr-on-c5,2403.01632v4.pdf,OcrReadback,407,1186.8176820000003,26.714713
after-ocr-on-c5,2403.01632v4.pdf,OcrRecognitionInference,197,8998.765481,396.498326
after-ocr-on-c5,2403.01632v4.pdf,OcrRecognitionPreprocess,394,395.48297999999977,4.973483
after-ocr-on-c5,2403.01632v4.pdf,ParseTotal,1,70351.945805,70351.945805
after-ocr-on-c5,2403.01632v4.pdf,PdfOpen,1,0.463588,0.463588
after-ocr-on-c5,2403.01632v4.pdf,PdfRender,47,886.1570060000003,67.35351800000001
after-ocr-on-c5,2403.01632v4.pdf,PdfiumQueue,1,0.000428,0.000428
after-ocr-on-c5,2403.01632v4.pdf,TableRules,7,3.9152580000000006,1.279136
after-ocr-on-c5,2403.01632v4.pdf,TextExtract,47,652.7788980000001,23.777076
after-ocr-on-c5,2403.01632v4.pdf,TextFinish,94,682.2734489999999,29.428251
after-ocr-on-c5,2403.01632v4.pdf,TextPrepare,47,3.3579670000000004,0.210332
after-ocr-on-c5,2604.21959v1.pdf,DocumentContext,1,0.235207,0.235207
after-ocr-on-c5,2604.21959v1.pdf,LayoutInference,3,327.240897,189.263328
after-ocr-on-c5,2604.21959v1.pdf,LayoutPostprocess,3,0.044062000000000004,0.021266
after-ocr-on-c5,2604.21959v1.pdf,LayoutPreprocess,3,62.747519999999994,22.056621
after-ocr-on-c5,2604.21959v1.pdf,LayoutQueue,3,401.06656399999997,227.379865
after-ocr-on-c5,2604.21959v1.pdf,LayoutReadback,3,0.010055,0.003828
after-ocr-on-c5,2604.21959v1.pdf,LinkValidate,1,0.507049,0.507049
after-ocr-on-c5,2604.21959v1.pdf,Ocr,2,32074.032821,17542.455829000002
after-ocr-on-c5,2604.21959v1.pdf,OcrDecode,87,0.4864900000000001,0.128947
after-ocr-on-c5,2604.21959v1.pdf,OcrDetectionInference,2,374.323511,192.252581
after-ocr-on-c5,2604.21959v1.pdf,OcrDetectionPostprocess,2,35.305105,25.380728
after-ocr-on-c5,2604.21959v1.pdf,OcrDetectionPreprocess,2,108.03975399999999,55.305873999999996
after-ocr-on-c5,2604.21959v1.pdf,OcrOrientationInference,27,1528.2825990000001,346.220301
after-ocr-on-c5,2604.21959v1.pdf,OcrQueue,58,25920.015658999993,11958.500259
after-ocr-on-c5,2604.21959v1.pdf,OcrReadback,56,297.466996,31.052474
after-ocr-on-c5,2604.21959v1.pdf,OcrRecognitionInference,27,3702.6535259999987,533.6237179999999
after-ocr-on-c5,2604.21959v1.pdf,OcrRecognitionPreprocess,54,88.88395999999999,6.708991
after-ocr-on-c5,2604.21959v1.pdf,ParseTotal,1,17936.246045,17936.246045
after-ocr-on-c5,2604.21959v1.pdf,PdfOpen,1,0.44845399999999996,0.44845399999999996
after-ocr-on-c5,2604.21959v1.pdf,PdfRender,3,47.092138000000006,16.027442
after-ocr-on-c5,2604.21959v1.pdf,PdfiumQueue,1,0.003604,0.003604
after-ocr-on-c5,2604.21959v1.pdf,TextExtract,3,23.332497,11.642059999999999
after-ocr-on-c5,2604.21959v1.pdf,TextFinish,6,20.714156999999993,12.157345
after-ocr-on-c5,2604.21959v1.pdf,TextPrepare,3,0.13842100000000002,0.071866
after-ocr-on-c5,2303.18223v16.pdf,DocumentContext,1,16.763276,16.763276
after-ocr-on-c5,2303.18223v16.pdf,LayoutInference,144,11998.592393999998,199.233507
after-ocr-on-c5,2303.18223v16.pdf,LayoutPostprocess,144,2.0845959999999994,0.048629
after-ocr-on-c5,2303.18223v16.pdf,LayoutPreprocess,144,3124.924955000001,30.551
after-ocr-on-c5,2303.18223v16.pdf,LayoutQueue,144,28489.330832000007,1004.0369600000001
after-ocr-on-c5,2303.18223v16.pdf,LayoutReadback,144,0.6182489999999998,0.00941
after-ocr-on-c5,2303.18223v16.pdf,LinkValidate,1,79.30122200000001,79.30122200000001
after-ocr-on-c5,2303.18223v16.pdf,Ocr,16,298431.00513500004,22255.465282
after-ocr-on-c5,2303.18223v16.pdf,OcrDecode,717,1.9264309999999987,0.105353
after-ocr-on-c5,2303.18223v16.pdf,OcrDetectionInference,16,2383.2590170000003,201.122311
after-ocr-on-c5,2303.18223v16.pdf,OcrDetectionPostprocess,16,304.411382,25.405464
after-ocr-on-c5,2303.18223v16.pdf,OcrDetectionPreprocess,16,790.887831,58.627401000000006
after-ocr-on-c5,2303.18223v16.pdf,OcrOrientationInference,202,4584.107992000004,380.017113
after-ocr-on-c5,2303.18223v16.pdf,OcrQueue,436,274617.7840809998,20414.068969
after-ocr-on-c5,2303.18223v16.pdf,OcrReadback,420,1386.6430370000007,27.517388
after-ocr-on-c5,2303.18223v16.pdf,OcrRecognitionInference,202,13798.556835000005,585.596079
after-ocr-on-c5,2303.18223v16.pdf,OcrRecognitionPreprocess,404,427.80612499999995,6.948247
after-ocr-on-c5,2303.18223v16.pdf,ParseTotal,1,84593.955558,84593.955558
after-ocr-on-c5,2303.18223v16.pdf,PdfOpen,1,0.770249,0.770249
after-ocr-on-c5,2303.18223v16.pdf,PdfRender,144,2714.916407000001,135.437916
after-ocr-on-c5,2303.18223v16.pdf,PdfiumQueue,1,0.002596,0.002596
after-ocr-on-c5,2303.18223v16.pdf,TableCellInference,1,25.299663,25.299663
after-ocr-on-c5,2303.18223v16.pdf,TableCellPostprocess,1,0.006176,0.006176
after-ocr-on-c5,2303.18223v16.pdf,TableCellPreprocess,1,11.44595,11.44595
after-ocr-on-c5,2303.18223v16.pdf,TableExternal,1,1202.1138119999998,1202.1138119999998
after-ocr-on-c5,2303.18223v16.pdf,TableFill,1,1.773369,1.773369
after-ocr-on-c5,2303.18223v16.pdf,TableRules,24,42.073925,5.546665999999999
after-ocr-on-c5,2303.18223v16.pdf,TextExtract,144,3147.7075119999995,31.496074
after-ocr-on-c5,2303.18223v16.pdf,TextFinish,288,6252.886525999997,143.10317799999999
after-ocr-on-c5,2303.18223v16.pdf,TextPrepare,144,17.330598,0.340991
after-ocr-on-c5,2303.18223v16.pdf,TsrInference,5,1152.8765729999998,727.918023
after-ocr-on-c5,2303.18223v16.pdf,TsrPostprocess,5,0.21377400000000002,0.112289
after-ocr-on-c5,2303.18223v16.pdf,TsrPreprocess,5,8.061058000000001,2.2616799999999997
after-ocr-on-c5,2303.18223v16.pdf,TsrQueue,6,0.986033,0.209604
after-ocr-on-c5,2604.18584v1.pdf,DocumentContext,1,2.558675,2.558675
after-ocr-on-c5,2604.18584v1.pdf,LayoutInference,32,3154.967232,193.35549699999999
after-ocr-on-c5,2604.18584v1.pdf,LayoutPostprocess,32,0.36646300000000004,0.022192
after-ocr-on-c5,2604.18584v1.pdf,LayoutPreprocess,32,642.1499460000001,23.635039
after-ocr-on-c5,2604.18584v1.pdf,LayoutQueue,32,3948.1064779999997,247.92513599999998
after-ocr-on-c5,2604.18584v1.pdf,LayoutReadback,32,0.12904400000000002,0.006847
after-ocr-on-c5,2604.18584v1.pdf,LinkValidate,1,14.718263,14.718263
after-ocr-on-c5,2604.18584v1.pdf,Ocr,13,251042.16374,31737.496321
after-ocr-on-c5,2604.18584v1.pdf,OcrDecode,882,3.630102000000001,0.12142700000000001
after-ocr-on-c5,2604.18584v1.pdf,OcrDetectionInference,13,1785.4675439999996,186.924503
after-ocr-on-c5,2604.18584v1.pdf,OcrDetectionPostprocess,13,128.92045800000002,15.065010000000001
after-ocr-on-c5,2604.18584v1.pdf,OcrDetectionPreprocess,13,633.8544749999999,55.678805999999994
after-ocr-on-c5,2604.18584v1.pdf,OcrOrientationInference,380,4679.215948000001,198.95106900000002
after-ocr-on-c5,2604.18584v1.pdf,OcrQueue,786,221613.68255700008,20485.389785
after-ocr-on-c5,2604.18584v1.pdf,OcrReadback,773,2574.7914969999997,41.470139
after-ocr-on-c5,2604.18584v1.pdf,OcrRecognitionInference,380,18589.099152999992,373.149862
after-ocr-on-c5,2604.18584v1.pdf,OcrRecognitionPreprocess,760,781.6720530000006,6.899171
after-ocr-on-c5,2604.18584v1.pdf,ParseTotal,1,71337.093455,71337.093455
after-ocr-on-c5,2604.18584v1.pdf,PdfOpen,1,0.6493840000000001,0.6493840000000001
after-ocr-on-c5,2604.18584v1.pdf,PdfRender,32,658.248431,97.761525
after-ocr-on-c5,2604.18584v1.pdf,PdfiumQueue,1,0.004089,0.004089
after-ocr-on-c5,2604.18584v1.pdf,TableCellInference,2,108.489591,82.241144
after-ocr-on-c5,2604.18584v1.pdf,TableCellPostprocess,2,0.026326000000000002,0.024595000000000002
after-ocr-on-c5,2604.18584v1.pdf,TableCellPreprocess,2,16.548456,11.168545
after-ocr-on-c5,2604.18584v1.pdf,TableExternal,2,827.977715,482.302501
after-ocr-on-c5,2604.18584v1.pdf,TableFill,2,0.24035099999999998,0.134879
after-ocr-on-c5,2604.18584v1.pdf,TableRules,18,29.948366999999998,6.388790999999999
after-ocr-on-c5,2604.18584v1.pdf,TextExtract,32,316.40884000000017,16.639310000000002
after-ocr-on-c5,2604.18584v1.pdf,TextFinish,64,459.66697500000004,50.646563
after-ocr-on-c5,2604.18584v1.pdf,TextPrepare,32,1.9264899999999998,0.134931
after-ocr-on-c5,2604.18584v1.pdf,TsrInference,2,697.620241,440.719922
after-ocr-on-c5,2604.18584v1.pdf,TsrPostprocess,2,0.08584900000000001,0.074077
after-ocr-on-c5,2604.18584v1.pdf,TsrPreprocess,2,3.716115,3.325468
after-ocr-on-c5,2604.18584v1.pdf,TsrQueue,4,0.357213,0.124204
after-ocr-on-c5,2609.04184v1.pdf,DocumentContext,1,0.669346,0.669346
after-ocr-on-c5,2609.04184v1.pdf,LayoutInference,8,584.819776,78.23869499999999
after-ocr-on-c5,2609.04184v1.pdf,LayoutPostprocess,8,0.10460200000000001,0.025039
after-ocr-on-c5,2609.04184v1.pdf,LayoutPreprocess,8,181.631917,25.105745
after-ocr-on-c5,2609.04184v1.pdf,LayoutQueue,8,1038.56713,205.4859
after-ocr-on-c5,2609.04184v1.pdf,LayoutReadback,8,0.034342000000000004,0.0053040000000000006
after-ocr-on-c5,2609.04184v1.pdf,LinkValidate,1,3.786958,3.786958
after-ocr-on-c5,2609.04184v1.pdf,Ocr,5,94635.03711,26347.529964999998
after-ocr-on-c5,2609.04184v1.pdf,OcrDecode,239,0.6323999999999999,0.04021
after-ocr-on-c5,2609.04184v1.pdf,OcrDetectionInference,5,848.2478960000001,276.70849400000003
after-ocr-on-c5,2609.04184v1.pdf,OcrDetectionPostprocess,5,79.84764500000001,17.638651000000003
after-ocr-on-c5,2609.04184v1.pdf,OcrDetectionPreprocess,5,249.233972,62.123253000000005
after-ocr-on-c5,2609.04184v1.pdf,OcrOrientationInference,68,1256.1832299999999,135.19694099999998
after-ocr-on-c5,2609.04184v1.pdf,OcrQueue,146,89037.44750799998,25333.233326999998
after-ocr-on-c5,2609.04184v1.pdf,OcrReadback,141,417.7802489999999,26.78705
after-ocr-on-c5,2609.04184v1.pdf,OcrRecognitionInference,68,2567.638636,60.864284999999995
after-ocr-on-c5,2609.04184v1.pdf,OcrRecognitionPreprocess,136,131.41028999999997,7.765327
after-ocr-on-c5,2609.04184v1.pdf,ParseTotal,1,42113.426328,42113.426328
after-ocr-on-c5,2609.04184v1.pdf,PdfOpen,1,0.967854,0.967854
after-ocr-on-c5,2609.04184v1.pdf,PdfRender,8,200.017148,35.38954
after-ocr-on-c5,2609.04184v1.pdf,PdfiumQueue,1,0.0038859999999999997,0.0038859999999999997
after-ocr-on-c5,2609.04184v1.pdf,TableCellInference,1,26.657912,26.657912
after-ocr-on-c5,2609.04184v1.pdf,TableCellPostprocess,1,0.025675,0.025675
after-ocr-on-c5,2609.04184v1.pdf,TableCellPreprocess,1,6.214765,6.214765
after-ocr-on-c5,2609.04184v1.pdf,TableExternal,1,230.62002900000002,230.62002900000002
after-ocr-on-c5,2609.04184v1.pdf,TableFill,1,1.021213,1.021213
after-ocr-on-c5,2609.04184v1.pdf,TableRules,7,3.0045119999999996,0.833844
after-ocr-on-c5,2609.04184v1.pdf,TextExtract,8,146.95147,25.144271999999997
after-ocr-on-c5,2609.04184v1.pdf,TextFinish,16,255.151088,66.606093
after-ocr-on-c5,2609.04184v1.pdf,TextPrepare,8,0.822502,0.1331
after-ocr-on-c5,2609.04184v1.pdf,TsrInference,1,195.399615,195.399615
after-ocr-on-c5,2609.04184v1.pdf,TsrPostprocess,1,0.06145899999999999,0.06145899999999999
after-ocr-on-c5,2609.04184v1.pdf,TsrPreprocess,1,1.548329,1.548329
after-ocr-on-c5,2609.04184v1.pdf,TsrQueue,2,0.396718,0.20996900000000002
after-ocr-on-c5,2609.04180v1.pdf,DocumentContext,1,1.999705,1.999705
after-ocr-on-c5,2609.04180v1.pdf,LayoutInference,23,2106.3856880000003,249.106801
after-ocr-on-c5,2609.04180v1.pdf,LayoutPostprocess,23,0.288407,0.048022999999999996
after-ocr-on-c5,2609.04180v1.pdf,LayoutPreprocess,23,511.516469,45.418907000000004
after-ocr-on-c5,2609.04180v1.pdf,LayoutQueue,23,4204.731097000001,532.0577480000001
after-ocr-on-c5,2609.04180v1.pdf,LayoutReadback,23,0.09717700000000001,0.005588
after-ocr-on-c5,2609.04180v1.pdf,LinkValidate,1,8.315463000000001,8.315463000000001
after-ocr-on-c5,2609.04180v1.pdf,Ocr,9,169111.352297,27142.266779999998
after-ocr-on-c5,2609.04180v1.pdf,OcrDecode,755,2.0311310000000002,0.091882
after-ocr-on-c5,2609.04180v1.pdf,OcrDetectionInference,9,2008.2618100000002,579.347213
after-ocr-on-c5,2609.04180v1.pdf,OcrDetectionPostprocess,9,110.09948000000003,17.79522
after-ocr-on-c5,2609.04180v1.pdf,OcrDetectionPreprocess,9,457.694383,56.512738
after-ocr-on-c5,2609.04180v1.pdf,OcrOrientationInference,134,2590.778442999999,303.705186
after-ocr-on-c5,2609.04180v1.pdf,OcrQueue,286,154822.12822800002,24098.256691
after-ocr-on-c5,2609.04180v1.pdf,OcrReadback,277,1486.7478099999996,41.911768
after-ocr-on-c5,2609.04180v1.pdf,OcrRecognitionInference,134,7139.7409210000005,551.697989
after-ocr-on-c5,2609.04180v1.pdf,OcrRecognitionPreprocess,268,400.05235900000014,9.233183
after-ocr-on-c5,2609.04180v1.pdf,ParseTotal,1,47948.570680000004,47948.570680000004
after-ocr-on-c5,2609.04180v1.pdf,PdfOpen,1,0.678249,0.678249
after-ocr-on-c5,2609.04180v1.pdf,PdfRender,23,495.24979299999995,50.423032
after-ocr-on-c5,2609.04180v1.pdf,PdfiumQueue,1,0.003325,0.003325
after-ocr-on-c5,2609.04180v1.pdf,TableRules,12,7.396109999999998,1.264346
after-ocr-on-c5,2609.04180v1.pdf,TextExtract,23,310.1976430000001,25.935946
after-ocr-on-c5,2609.04180v1.pdf,TextFinish,46,401.59081400000014,32.688
after-ocr-on-c5,2609.04180v1.pdf,TextPrepare,23,1.698486,0.169526
after-ocr-on-c5,2606.17056v1.pdf,DocumentContext,1,4.016739,4.016739
after-ocr-on-c5,2606.17056v1.pdf,LayoutInference,25,2889.230356,295.08053099999995
after-ocr-on-c5,2606.17056v1.pdf,LayoutPostprocess,25,0.33991000000000005,0.028856
after-ocr-on-c5,2606.17056v1.pdf,LayoutPreprocess,25,501.8267509999999,24.219578
after-ocr-on-c5,2606.17056v1.pdf,LayoutQueue,25,5545.705726,531.463076
after-ocr-on-c5,2606.17056v1.pdf,LayoutReadback,25,0.11462699999999999,0.010343999999999999
after-ocr-on-c5,2606.17056v1.pdf,LinkValidate,1,6.830583000000001,6.830583000000001
after-ocr-on-c5,2606.17056v1.pdf,Ocr,15,212077.1388,17823.479543
after-ocr-on-c5,2606.17056v1.pdf,OcrDecode,831,1.7031530000000001,0.047323000000000004
after-ocr-on-c5,2606.17056v1.pdf,OcrDetectionInference,15,2083.2607629999998,173.946023
after-ocr-on-c5,2606.17056v1.pdf,OcrDetectionPostprocess,15,165.364864,16.297788
after-ocr-on-c5,2606.17056v1.pdf,OcrDetectionPreprocess,15,753.939096,61.956315
after-ocr-on-c5,2606.17056v1.pdf,OcrOrientationInference,163,2688.6648030000015,216.306951
after-ocr-on-c5,2606.17056v1.pdf,OcrQueue,356,196821.268604,17329.74691
after-ocr-on-c5,2606.17056v1.pdf,OcrReadback,341,1545.582939999999,27.834049999999998
after-ocr-on-c5,2606.17056v1.pdf,OcrRecognitionInference,163,7470.407997000001,241.897055
after-ocr-on-c5,2606.17056v1.pdf,OcrRecognitionPreprocess,326,436.85675200000026,6.490858
after-ocr-on-c5,2606.17056v1.pdf,ParseTotal,1,55774.262662,55774.262662
after-ocr-on-c5,2606.17056v1.pdf,PdfOpen,1,0.383177,0.383177
after-ocr-on-c5,2606.17056v1.pdf,PdfRender,25,413.77016399999997,23.043434
after-ocr-on-c5,2606.17056v1.pdf,PdfiumQueue,1,0.003721,0.003721
after-ocr-on-c5,2606.17056v1.pdf,TableRules,4,4.12144,1.674729
after-ocr-on-c5,2606.17056v1.pdf,TextExtract,25,288.976063,18.582393
after-ocr-on-c5,2606.17056v1.pdf,TextFinish,50,243.24561400000002,18.935564
after-ocr-on-c5,2606.17056v1.pdf,TextPrepare,25,1.6339020000000004,0.120809
after-ocr-on-c5,2609.04203v1.pdf,DocumentContext,1,1.94831,1.94831
after-ocr-on-c5,2609.04203v1.pdf,LayoutInference,20,2240.528034,257.069173
after-ocr-on-c5,2609.04203v1.pdf,LayoutPostprocess,20,0.30062599999999995,0.025051
after-ocr-on-c5,2609.04203v1.pdf,LayoutPreprocess,20,410.074465,28.615479
after-ocr-on-c5,2609.04203v1.pdf,LayoutQueue,20,5656.597377,523.2346799999999
after-ocr-on-c5,2609.04203v1.pdf,LayoutReadback,20,0.08496300000000002,0.006332
after-ocr-on-c5,2609.04203v1.pdf,LinkValidate,1,10.835894,10.835894
after-ocr-on-c5,2609.04203v1.pdf,Ocr,9,133900.328547,24926.574957
after-ocr-on-c5,2609.04203v1.pdf,OcrDecode,287,0.8386770000000001,0.105224
after-ocr-on-c5,2609.04203v1.pdf,OcrDetectionInference,9,1373.354299,197.313823
after-ocr-on-c5,2609.04203v1.pdf,OcrDetectionPostprocess,9,141.24865400000002,16.638387
after-ocr-on-c5,2609.04203v1.pdf,OcrDetectionPreprocess,9,442.352123,59.711005
after-ocr-on-c5,2609.04203v1.pdf,OcrOrientationInference,56,1372.2646359999997,236.526645
after-ocr-on-c5,2609.04203v1.pdf,OcrQueue,130,126519.64283399997,22945.318309000002
after-ocr-on-c5,2609.04203v1.pdf,OcrReadback,121,502.416811,26.69482
after-ocr-on-c5,2609.04203v1.pdf,OcrRecognitionInference,56,3360.304881,582.318162
after-ocr-on-c5,2609.04203v1.pdf,OcrRecognitionPreprocess,112,146.15826699999997,6.280082
after-ocr-on-c5,2609.04203v1.pdf,ParseTotal,1,37490.404219,37490.404219
after-ocr-on-c5,2609.04203v1.pdf,PdfOpen,1,0.832412,0.832412
after-ocr-on-c5,2609.04203v1.pdf,PdfRender,20,800.019452,252.10348199999999
after-ocr-on-c5,2609.04203v1.pdf,PdfiumQueue,1,0.003996,0.003996
after-ocr-on-c5,2609.04203v1.pdf,TableCellInference,1,26.267332,26.267332
after-ocr-on-c5,2609.04203v1.pdf,TableCellPostprocess,1,0.035379,0.035379
after-ocr-on-c5,2609.04203v1.pdf,TableCellPreprocess,1,9.366589999999999,9.366589999999999
after-ocr-on-c5,2609.04203v1.pdf,TableExternal,1,650.420025,650.420025
after-ocr-on-c5,2609.04203v1.pdf,TableFill,1,6.475498,6.475498
after-ocr-on-c5,2609.04203v1.pdf,TableRules,19,10.611874000000002,1.235066
after-ocr-on-c5,2609.04203v1.pdf,TextExtract,20,532.131837,122.655337
after-ocr-on-c5,2609.04203v1.pdf,TextFinish,40,634.487155,60.713819
after-ocr-on-c5,2609.04203v1.pdf,TextPrepare,20,2.331128,0.191391
after-ocr-on-c5,2609.04203v1.pdf,TsrInference,1,611.785145,611.785145
after-ocr-on-c5,2609.04203v1.pdf,TsrPostprocess,1,0.237494,0.237494
after-ocr-on-c5,2609.04203v1.pdf,TsrPreprocess,1,1.9114069999999999,1.9114069999999999
after-ocr-on-c5,2609.04203v1.pdf,TsrQueue,2,0.24924500000000002,0.14811300000000002
tsr-only-ocr-off-c2,2403.01632v4.pdf,DocumentContext,1,3.084427,3.084427
tsr-only-ocr-off-c2,2403.01632v4.pdf,LayoutInference,47,3316.8377779999996,97.343668
tsr-only-ocr-off-c2,2403.01632v4.pdf,LayoutPostprocess,47,0.7650179999999999,0.054364
tsr-only-ocr-off-c2,2403.01632v4.pdf,LayoutPreprocess,47,1005.2172630000001,28.099159
tsr-only-ocr-off-c2,2403.01632v4.pdf,LayoutQueue,47,10903.892507000002,502.67963800000007
tsr-only-ocr-off-c2,2403.01632v4.pdf,LayoutReadback,47,0.194844,0.008886999999999999
tsr-only-ocr-off-c2,2403.01632v4.pdf,LinkValidate,1,13.600137,13.600137
tsr-only-ocr-off-c2,2403.01632v4.pdf,ParseTotal,1,6712.482142,6712.482142
tsr-only-ocr-off-c2,2403.01632v4.pdf,PdfOpen,1,0.6070230000000001,0.6070230000000001
tsr-only-ocr-off-c2,2403.01632v4.pdf,PdfRender,47,840.837643,66.06290800000001
tsr-only-ocr-off-c2,2403.01632v4.pdf,PdfiumQueue,1,0.0015999999999999999,0.0015999999999999999
tsr-only-ocr-off-c2,2403.01632v4.pdf,TableCellInference,7,337.07158599999997,141.43391
tsr-only-ocr-off-c2,2403.01632v4.pdf,TableCellPostprocess,7,0.084391,0.029682
tsr-only-ocr-off-c2,2403.01632v4.pdf,TableCellPreprocess,7,57.58068,11.560245
tsr-only-ocr-off-c2,2403.01632v4.pdf,TableExternal,7,14665.649540999999,3631.72418
tsr-only-ocr-off-c2,2403.01632v4.pdf,TableFill,7,7.142704999999999,1.514169
tsr-only-ocr-off-c2,2403.01632v4.pdf,TextExtract,47,578.142062,18.791818
tsr-only-ocr-off-c2,2403.01632v4.pdf,TextFinish,94,704.4540639999998,36.650746999999996
tsr-only-ocr-off-c2,2403.01632v4.pdf,TextPrepare,47,1.6473099999999998,0.124165
tsr-only-ocr-off-c2,2403.01632v4.pdf,TsrInference,7,4518.094969000001,1563.2628579999998
tsr-only-ocr-off-c2,2403.01632v4.pdf,TsrPostprocess,7,0.38816300000000004,0.109928
tsr-only-ocr-off-c2,2403.01632v4.pdf,TsrPreprocess,7,6.321484999999999,1.4176849999999999
tsr-only-ocr-off-c2,2403.01632v4.pdf,TsrQueue,14,9742.777560999999,3074.5954389999997
tsr-only-ocr-off-c2,2410.05779v3.pdf,DocumentContext,1,0.750466,0.750466
tsr-only-ocr-off-c2,2410.05779v3.pdf,LayoutInference,16,1066.238863,70.64095900000001
tsr-only-ocr-off-c2,2410.05779v3.pdf,LayoutPostprocess,16,0.17767499999999997,0.023578
tsr-only-ocr-off-c2,2410.05779v3.pdf,LayoutPreprocess,16,336.24258800000007,28.486863
tsr-only-ocr-off-c2,2410.05779v3.pdf,LayoutQueue,16,2428.650308,183.902384
tsr-only-ocr-off-c2,2410.05779v3.pdf,LayoutReadback,16,0.075601,0.008339
tsr-only-ocr-off-c2,2410.05779v3.pdf,LinkValidate,1,7.058656,7.058656
tsr-only-ocr-off-c2,2410.05779v3.pdf,ParseTotal,1,4000.1811289999996,4000.1811289999996
tsr-only-ocr-off-c2,2410.05779v3.pdf,PdfOpen,1,0.232944,0.232944
tsr-only-ocr-off-c2,2410.05779v3.pdf,PdfRender,16,299.300953,32.800777000000004
tsr-only-ocr-off-c2,2410.05779v3.pdf,PdfiumQueue,1,0.004092999999999999,0.004092999999999999
tsr-only-ocr-off-c2,2410.05779v3.pdf,TableCellInference,6,143.96428,34.049245
tsr-only-ocr-off-c2,2410.05779v3.pdf,TableCellPostprocess,6,0.045833000000000006,0.018151999999999998
tsr-only-ocr-off-c2,2410.05779v3.pdf,TableCellPreprocess,6,54.347265,11.899562000000001
tsr-only-ocr-off-c2,2410.05779v3.pdf,TableExternal,6,9439.484468999999,1687.2595540000002
tsr-only-ocr-off-c2,2410.05779v3.pdf,TableFill,6,12.219574000000001,3.7115440000000004
tsr-only-ocr-off-c2,2410.05779v3.pdf,TextExtract,16,192.896244,19.764264999999998
tsr-only-ocr-off-c2,2410.05779v3.pdf,TextFinish,32,159.03373000000002,26.891062
tsr-only-ocr-off-c2,2410.05779v3.pdf,TextPrepare,16,0.496752,0.056824
tsr-only-ocr-off-c2,2410.05779v3.pdf,TsrInference,6,976.4595589999999,647.167012
tsr-only-ocr-off-c2,2410.05779v3.pdf,TsrPostprocess,6,0.2991980000000001,0.110267
tsr-only-ocr-off-c2,2410.05779v3.pdf,TsrPreprocess,6,10.545399000000002,2.650898
tsr-only-ocr-off-c2,2410.05779v3.pdf,TsrQueue,12,8250.825267,1596.974278
tsr-only-ocr-off-c2,2412.05210v1.pdf,DocumentContext,1,36.190595,36.190595
tsr-only-ocr-off-c2,2412.05210v1.pdf,LayoutInference,12,846.5374679999999,80.39581
tsr-only-ocr-off-c2,2412.05210v1.pdf,LayoutPostprocess,12,0.133205,0.018172
tsr-only-ocr-off-c2,2412.05210v1.pdf,LayoutPreprocess,12,272.222552,38.268871000000004
tsr-only-ocr-off-c2,2412.05210v1.pdf,LayoutQueue,12,4974.827891,475.400799
tsr-only-ocr-off-c2,2412.05210v1.pdf,LayoutReadback,12,0.050725,0.005836
tsr-only-ocr-off-c2,2412.05210v1.pdf,LinkValidate,1,13.543234,13.543234
tsr-only-ocr-off-c2,2412.05210v1.pdf,ParseTotal,1,9110.260883,9110.260883
tsr-only-ocr-off-c2,2412.05210v1.pdf,PdfOpen,1,0.440553,0.440553
tsr-only-ocr-off-c2,2412.05210v1.pdf,PdfRender,12,368.23250899999994,79.56634899999999
tsr-only-ocr-off-c2,2412.05210v1.pdf,PdfiumQueue,1,0.005095000000000001,0.005095000000000001
tsr-only-ocr-off-c2,2412.05210v1.pdf,TableCellInference,4,152.19623800000002,87.085443
tsr-only-ocr-off-c2,2412.05210v1.pdf,TableCellPostprocess,4,0.07533200000000001,0.042086000000000005
tsr-only-ocr-off-c2,2412.05210v1.pdf,TableCellPreprocess,4,43.476451999999995,15.052646
tsr-only-ocr-off-c2,2412.05210v1.pdf,TableExternal,4,19035.230506,7583.635643
tsr-only-ocr-off-c2,2412.05210v1.pdf,TableFill,4,40.278324999999995,20.580683
tsr-only-ocr-off-c2,2412.05210v1.pdf,TextExtract,12,248.64962700000004,40.097081
tsr-only-ocr-off-c2,2412.05210v1.pdf,TextFinish,24,522.2899100000002,255.444638
tsr-only-ocr-off-c2,2412.05210v1.pdf,TextPrepare,12,0.734883,0.132774
tsr-only-ocr-off-c2,2412.05210v1.pdf,TsrInference,8,5830.106958000001,3390.1389320000003
tsr-only-ocr-off-c2,2412.05210v1.pdf,TsrPostprocess,8,1.113693,0.24525000000000002
tsr-only-ocr-off-c2,2412.05210v1.pdf,TsrPreprocess,8,17.998381000000002,4.517325
tsr-only-ocr-off-c2,2412.05210v1.pdf,TsrQueue,12,12985.152033,3691.379959
tsr-only-ocr-off-c2,2303.18223v16.pdf,DocumentContext,1,15.288466,15.288466
tsr-only-ocr-off-c2,2303.18223v16.pdf,LayoutInference,144,10144.925627,95.460586
tsr-only-ocr-off-c2,2303.18223v16.pdf,LayoutPostprocess,144,2.061954,0.041989
tsr-only-ocr-off-c2,2303.18223v16.pdf,LayoutPreprocess,144,3275.4705929999996,37.418431000000005
tsr-only-ocr-off-c2,2303.18223v16.pdf,LayoutQueue,144,29633.682350999992,504.17604000000006
tsr-only-ocr-off-c2,2303.18223v16.pdf,LayoutReadback,144,0.7002649999999998,0.009765999999999999
tsr-only-ocr-off-c2,2303.18223v16.pdf,LinkValidate,1,75.241579,75.241579
tsr-only-ocr-off-c2,2303.18223v16.pdf,ParseTotal,1,20211.704392,20211.704392
tsr-only-ocr-off-c2,2303.18223v16.pdf,PdfOpen,1,0.884734,0.884734
tsr-only-ocr-off-c2,2303.18223v16.pdf,PdfRender,144,2703.657428,108.516351
tsr-only-ocr-off-c2,2303.18223v16.pdf,PdfiumQueue,1,0.002552,0.002552
tsr-only-ocr-off-c2,2303.18223v16.pdf,TableCellInference,24,757.4277659999999,152.108321
tsr-only-ocr-off-c2,2303.18223v16.pdf,TableCellPostprocess,24,0.4521299999999999,0.155521
tsr-only-ocr-off-c2,2303.18223v16.pdf,TableCellPreprocess,24,231.36489999999998,15.217039999999999
tsr-only-ocr-off-c2,2303.18223v16.pdf,TableExternal,24,54435.257075,9492.880922
tsr-only-ocr-off-c2,2303.18223v16.pdf,TableFill,24,59.33810599999999,9.336066
tsr-only-ocr-off-c2,2303.18223v16.pdf,TextExtract,144,3044.430682,31.080445
tsr-only-ocr-off-c2,2303.18223v16.pdf,TextFinish,288,6528.331735999997,146.33375
tsr-only-ocr-off-c2,2303.18223v16.pdf,TextPrepare,144,9.273536999999997,0.43340700000000004
tsr-only-ocr-off-c2,2303.18223v16.pdf,TsrInference,30,6884.307866,1857.218585
tsr-only-ocr-off-c2,2303.18223v16.pdf,TsrPostprocess,30,2.3479109999999994,0.215918
tsr-only-ocr-off-c2,2303.18223v16.pdf,TsrPreprocess,30,55.360437000000005,4.109534
tsr-only-ocr-off-c2,2303.18223v16.pdf,TsrQueue,54,46485.96352,3810.6605870000003
tsr-only-ocr-off-c2,2604.18583v1.pdf,DocumentContext,1,1.5728529999999998,1.5728529999999998
tsr-only-ocr-off-c2,2604.18583v1.pdf,LayoutInference,15,1088.818325,94.16808
tsr-only-ocr-off-c2,2604.18583v1.pdf,LayoutPostprocess,15,0.30258700000000005,0.05391
tsr-only-ocr-off-c2,2604.18583v1.pdf,LayoutPreprocess,15,313.00897100000003,23.772703999999997
tsr-only-ocr-off-c2,2604.18583v1.pdf,LayoutQueue,15,6138.135700000001,518.2613200000001
tsr-only-ocr-off-c2,2604.18583v1.pdf,LayoutReadback,15,0.10017099999999998,0.008939
tsr-only-ocr-off-c2,2604.18583v1.pdf,LinkValidate,1,5.051928,5.051928
tsr-only-ocr-off-c2,2604.18583v1.pdf,ParseTotal,1,3362.5128320000003,3362.5128320000003
tsr-only-ocr-off-c2,2604.18583v1.pdf,PdfOpen,1,0.525488,0.525488
tsr-only-ocr-off-c2,2604.18583v1.pdf,PdfRender,15,1767.304392,609.2234669999999
tsr-only-ocr-off-c2,2604.18583v1.pdf,PdfiumQueue,1,0.003521,0.003521
tsr-only-ocr-off-c2,2604.18583v1.pdf,TableCellInference,2,42.790991000000005,22.10914
tsr-only-ocr-off-c2,2604.18583v1.pdf,TableCellPostprocess,2,0.018217,0.012272
tsr-only-ocr-off-c2,2604.18583v1.pdf,TableCellPreprocess,2,14.970552,7.547675
tsr-only-ocr-off-c2,2604.18583v1.pdf,TableExternal,2,2089.22447,1147.539071
tsr-only-ocr-off-c2,2604.18583v1.pdf,TableFill,2,2.28551,1.442488
tsr-only-ocr-off-c2,2604.18583v1.pdf,TextExtract,15,253.95182900000006,35.309005
tsr-only-ocr-off-c2,2604.18583v1.pdf,TextFinish,30,541.605461,201.85742100000002
tsr-only-ocr-off-c2,2604.18583v1.pdf,TextPrepare,15,0.885711,0.132968
tsr-only-ocr-off-c2,2604.18583v1.pdf,TsrInference,2,119.781177,77.222668
tsr-only-ocr-off-c2,2604.18583v1.pdf,TsrPostprocess,2,0.117257,0.075296
tsr-only-ocr-off-c2,2604.18583v1.pdf,TsrPreprocess,2,1.953208,1.341855
tsr-only-ocr-off-c2,2604.18583v1.pdf,TsrQueue,4,1908.5144910000001,1038.439541
tsr-only-ocr-off-c2,2603.01919v2.pdf,DocumentContext,1,3.001359,3.001359
tsr-only-ocr-off-c2,2603.01919v2.pdf,LayoutInference,23,1654.94871,95.899739
tsr-only-ocr-off-c2,2603.01919v2.pdf,LayoutPostprocess,23,0.29977399999999993,0.028399
tsr-only-ocr-off-c2,2603.01919v2.pdf,LayoutPreprocess,23,503.89302000000004,27.38047
tsr-only-ocr-off-c2,2603.01919v2.pdf,LayoutQueue,23,7435.225593000001,509.407912
tsr-only-ocr-off-c2,2603.01919v2.pdf,LayoutReadback,23,0.15588099999999996,0.014062
tsr-only-ocr-off-c2,2603.01919v2.pdf,LinkValidate,1,9.409383,9.409383
tsr-only-ocr-off-c2,2603.01919v2.pdf,ParseTotal,1,7965.891125,7965.891125
tsr-only-ocr-off-c2,2603.01919v2.pdf,PdfOpen,1,0.46349199999999996,0.46349199999999996
tsr-only-ocr-off-c2,2603.01919v2.pdf,PdfRender,23,826.486246,136.554462
tsr-only-ocr-off-c2,2603.01919v2.pdf,PdfiumQueue,1,0.003892,0.003892
tsr-only-ocr-off-c2,2603.01919v2.pdf,TableCellInference,18,533.017945,88.90897000000001
tsr-only-ocr-off-c2,2603.01919v2.pdf,TableCellPostprocess,18,0.15795299999999998,0.029014
tsr-only-ocr-off-c2,2603.01919v2.pdf,TableCellPreprocess,18,140.92247799999998,9.883708
tsr-only-ocr-off-c2,2603.01919v2.pdf,TableExternal,18,21186.325529000005,2925.9407149999997
tsr-only-ocr-off-c2,2603.01919v2.pdf,TableFill,18,32.926876,6.111130999999999
tsr-only-ocr-off-c2,2603.01919v2.pdf,TextExtract,23,464.83607099999995,52.882287
tsr-only-ocr-off-c2,2603.01919v2.pdf,TextFinish,46,577.7666449999998,98.85556
tsr-only-ocr-off-c2,2603.01919v2.pdf,TextPrepare,23,1.011055,0.081078
tsr-only-ocr-off-c2,2603.01919v2.pdf,TsrInference,20,5045.867426000001,1317.867967
tsr-only-ocr-off-c2,2603.01919v2.pdf,TsrPostprocess,20,1.3059640000000001,0.154997
tsr-only-ocr-off-c2,2603.01919v2.pdf,TsrPreprocess,20,25.061694000000003,2.256691
tsr-only-ocr-off-c2,2603.01919v2.pdf,TsrQueue,38,15430.320954000003,2094.655082
tsr-only-ocr-off-c2,2604.21959v1.pdf,DocumentContext,1,0.151146,0.151146
tsr-only-ocr-off-c2,2604.21959v1.pdf,LayoutInference,3,203.798649,68.706909
tsr-only-ocr-off-c2,2604.21959v1.pdf,LayoutPostprocess,3,0.041006,0.018698999999999997
tsr-only-ocr-off-c2,2604.21959v1.pdf,LayoutPreprocess,3,71.609569,28.727131999999997
tsr-only-ocr-off-c2,2604.21959v1.pdf,LayoutQueue,3,157.299451,105.09988000000001
tsr-only-ocr-off-c2,2604.21959v1.pdf,LayoutReadback,3,0.013075999999999999,0.005174
tsr-only-ocr-off-c2,2604.21959v1.pdf,LinkValidate,1,0.712235,0.712235
tsr-only-ocr-off-c2,2604.21959v1.pdf,ParseTotal,1,272.677664,272.677664
tsr-only-ocr-off-c2,2604.21959v1.pdf,PdfOpen,1,0.440284,0.440284
tsr-only-ocr-off-c2,2604.21959v1.pdf,PdfRender,3,53.640843000000004,22.854921
tsr-only-ocr-off-c2,2604.21959v1.pdf,PdfiumQueue,1,0.004187,0.004187
tsr-only-ocr-off-c2,2604.21959v1.pdf,TextExtract,3,22.48005,10.922472
tsr-only-ocr-off-c2,2604.21959v1.pdf,TextFinish,6,22.844902,15.731993
tsr-only-ocr-off-c2,2604.21959v1.pdf,TextPrepare,3,0.08010099999999999,0.038401
tsr-only-ocr-off-c2,2604.18584v1.pdf,DocumentContext,1,2.3620289999999997,2.3620289999999997
tsr-only-ocr-off-c2,2604.18584v1.pdf,LayoutInference,32,2241.7458960000004,90.843521
tsr-only-ocr-off-c2,2604.18584v1.pdf,LayoutPostprocess,32,0.687976,0.164528
tsr-only-ocr-off-c2,2604.18584v1.pdf,LayoutPreprocess,32,660.6164520000002,23.954272
tsr-only-ocr-off-c2,2604.18584v1.pdf,LayoutQueue,32,3715.82731,203.588404
tsr-only-ocr-off-c2,2604.18584v1.pdf,LayoutReadback,32,0.16754699999999997,0.00954
tsr-only-ocr-off-c2,2604.18584v1.pdf,LinkValidate,1,11.590756,11.590756
tsr-only-ocr-off-c2,2604.18584v1.pdf,ParseTotal,1,4657.4601600000005,4657.4601600000005
tsr-only-ocr-off-c2,2604.18584v1.pdf,PdfOpen,1,0.36068100000000003,0.36068100000000003
tsr-only-ocr-off-c2,2604.18584v1.pdf,PdfRender,32,638.7365649999999,98.53550299999999
tsr-only-ocr-off-c2,2604.18584v1.pdf,PdfiumQueue,1,0.004319,0.004319
tsr-only-ocr-off-c2,2604.18584v1.pdf,TableCellInference,18,473.18557900000013,88.463198
tsr-only-ocr-off-c2,2604.18584v1.pdf,TableCellPostprocess,18,0.181338,0.033221
tsr-only-ocr-off-c2,2604.18584v1.pdf,TableCellPreprocess,18,156.72137199999995,13.937619
tsr-only-ocr-off-c2,2604.18584v1.pdf,TableExternal,18,14413.297446999999,1662.744674
tsr-only-ocr-off-c2,2604.18584v1.pdf,TableFill,18,33.652317,6.025461
tsr-only-ocr-off-c2,2604.18584v1.pdf,TextExtract,32,320.65090100000003,17.249299
tsr-only-ocr-off-c2,2604.18584v1.pdf,TextFinish,64,432.09738899999996,63.508447999999994
tsr-only-ocr-off-c2,2604.18584v1.pdf,TextPrepare,32,1.008063,0.062433
tsr-only-ocr-off-c2,2604.18584v1.pdf,TsrInference,18,2471.9647160000004,510.223503
tsr-only-ocr-off-c2,2604.18584v1.pdf,TsrPostprocess,18,1.1352870000000002,0.139127
tsr-only-ocr-off-c2,2604.18584v1.pdf,TsrPreprocess,18,31.91904,3.5132470000000002
tsr-only-ocr-off-c2,2604.18584v1.pdf,TsrQueue,36,11270.119277,1479.0317539999999
tsr-only-ocr-off-c2,2606.17056v1.pdf,DocumentContext,1,5.536237,5.536237
tsr-only-ocr-off-c2,2606.17056v1.pdf,LayoutInference,25,1819.3384279999998,96.508408
tsr-only-ocr-off-c2,2606.17056v1.pdf,LayoutPostprocess,25,0.33663299999999996,0.034526
tsr-only-ocr-off-c2,2606.17056v1.pdf,LayoutPreprocess,25,491.987177,23.371407
tsr-only-ocr-off-c2,2606.17056v1.pdf,LayoutQueue,25,8739.983179,525.307505
tsr-only-ocr-off-c2,2606.17056v1.pdf,LayoutReadback,25,0.10931600000000001,0.011498999999999999
tsr-only-ocr-off-c2,2606.17056v1.pdf,LinkValidate,1,5.715661000000001,5.715661000000001
tsr-only-ocr-off-c2,2606.17056v1.pdf,ParseTotal,1,4250.694534,4250.694534
tsr-only-ocr-off-c2,2606.17056v1.pdf,PdfOpen,1,0.59802,0.59802
tsr-only-ocr-off-c2,2606.17056v1.pdf,PdfRender,25,418.49263,26.736791999999998
tsr-only-ocr-off-c2,2606.17056v1.pdf,PdfiumQueue,1,0.0048,0.0048
tsr-only-ocr-off-c2,2606.17056v1.pdf,TableCellInference,4,152.545164,88.305058
tsr-only-ocr-off-c2,2606.17056v1.pdf,TableCellPostprocess,4,0.033977,0.011338
tsr-only-ocr-off-c2,2606.17056v1.pdf,TableCellPreprocess,4,35.890727,11.578351000000001
tsr-only-ocr-off-c2,2606.17056v1.pdf,TableExternal,4,5455.721634,2076.1520130000004
tsr-only-ocr-off-c2,2606.17056v1.pdf,TableFill,4,5.152486999999999,1.8523319999999999
tsr-only-ocr-off-c2,2606.17056v1.pdf,TextExtract,25,273.73301599999996,17.965212
tsr-only-ocr-off-c2,2606.17056v1.pdf,TextFinish,50,230.67827000000003,19.233679
tsr-only-ocr-off-c2,2606.17056v1.pdf,TextPrepare,25,0.7842049999999997,0.049981000000000005
tsr-only-ocr-off-c2,2606.17056v1.pdf,TsrInference,4,1334.83751,726.119085
tsr-only-ocr-off-c2,2606.17056v1.pdf,TsrPostprocess,4,0.211378,0.077809
tsr-only-ocr-off-c2,2606.17056v1.pdf,TsrPreprocess,4,8.533045999999999,2.8543269999999996
tsr-only-ocr-off-c2,2606.17056v1.pdf,TsrQueue,8,3921.617073,1798.035042
tsr-only-ocr-off-c2,2609.04180v1.pdf,DocumentContext,1,1.864447,1.864447
tsr-only-ocr-off-c2,2609.04180v1.pdf,LayoutInference,23,1661.7450400000005,97.057436
tsr-only-ocr-off-c2,2609.04180v1.pdf,LayoutPostprocess,23,0.362121,0.032159
tsr-only-ocr-off-c2,2609.04180v1.pdf,LayoutPreprocess,23,516.972507,27.298312000000003
tsr-only-ocr-off-c2,2609.04180v1.pdf,LayoutQueue,23,9400.743204,539.5133880000001
tsr-only-ocr-off-c2,2609.04180v1.pdf,LayoutReadback,23,0.09536799999999998,0.006455
tsr-only-ocr-off-c2,2609.04180v1.pdf,LinkValidate,1,8.149662000000001,8.149662000000001
tsr-only-ocr-off-c2,2609.04180v1.pdf,ParseTotal,1,4911.327079000001,4911.327079000001
tsr-only-ocr-off-c2,2609.04180v1.pdf,PdfOpen,1,0.689949,0.689949
tsr-only-ocr-off-c2,2609.04180v1.pdf,PdfRender,23,504.578327,49.948924999999996
tsr-only-ocr-off-c2,2609.04180v1.pdf,PdfiumQueue,1,0.0036969999999999998,0.0036969999999999998
tsr-only-ocr-off-c2,2609.04180v1.pdf,TableCellInference,12,514.127978,146.612685
tsr-only-ocr-off-c2,2609.04180v1.pdf,TableCellPostprocess,12,0.11231099999999998,0.024139999999999998
tsr-only-ocr-off-c2,2609.04180v1.pdf,TableCellPreprocess,12,96.301472,11.354619
tsr-only-ocr-off-c2,2609.04180v1.pdf,TableExternal,12,9777.562192000001,2016.1611330000003
tsr-only-ocr-off-c2,2609.04180v1.pdf,TableFill,12,9.988946,1.656044
tsr-only-ocr-off-c2,2609.04180v1.pdf,TextExtract,23,360.5754820000001,27.138035000000002
tsr-only-ocr-off-c2,2609.04180v1.pdf,TextFinish,46,388.07011900000003,29.722445999999998
tsr-only-ocr-off-c2,2609.04180v1.pdf,TextPrepare,23,1.0071089999999998,0.062493
tsr-only-ocr-off-c2,2609.04180v1.pdf,TsrInference,12,2676.943988,1324.919982
tsr-only-ocr-off-c2,2609.04180v1.pdf,TsrPostprocess,12,0.5171979999999999,0.098272
tsr-only-ocr-off-c2,2609.04180v1.pdf,TsrPreprocess,12,16.363322,2.748466
tsr-only-ocr-off-c2,2609.04180v1.pdf,TsrQueue,24,6467.614609000001,1934.5712480000002
tsr-only-ocr-off-c2,2609.04184v1.pdf,DocumentContext,1,0.8667590000000001,0.8667590000000001
tsr-only-ocr-off-c2,2609.04184v1.pdf,LayoutInference,8,579.962555,87.4251
tsr-only-ocr-off-c2,2609.04184v1.pdf,LayoutPostprocess,8,0.097659,0.032394
tsr-only-ocr-off-c2,2609.04184v1.pdf,LayoutPreprocess,8,169.139645,24.048188000000003
tsr-only-ocr-off-c2,2609.04184v1.pdf,LayoutQueue,8,1056.4755220000002,195.55810400000001
tsr-only-ocr-off-c2,2609.04184v1.pdf,LayoutReadback,8,0.03187399999999999,0.004561
tsr-only-ocr-off-c2,2609.04184v1.pdf,LinkValidate,1,5.165489,5.165489
tsr-only-ocr-off-c2,2609.04184v1.pdf,ParseTotal,1,1226.427537,1226.427537
tsr-only-ocr-off-c2,2609.04184v1.pdf,PdfOpen,1,0.7495419999999999,0.7495419999999999
tsr-only-ocr-off-c2,2609.04184v1.pdf,PdfRender,8,191.08509700000002,37.049662
tsr-only-ocr-off-c2,2609.04184v1.pdf,PdfiumQueue,1,0.003656,0.003656
tsr-only-ocr-off-c2,2609.04184v1.pdf,TableCellInference,7,159.11963,24.168463000000003
tsr-only-ocr-off-c2,2609.04184v1.pdf,TableCellPostprocess,7,0.11080699999999999,0.047817
tsr-only-ocr-off-c2,2609.04184v1.pdf,TableCellPreprocess,7,46.044278,7.580169000000001
tsr-only-ocr-off-c2,2609.04184v1.pdf,TableExternal,7,1501.122206,256.915212
tsr-only-ocr-off-c2,2609.04184v1.pdf,TableFill,7,5.673193,1.2236790000000002
tsr-only-ocr-off-c2,2609.04184v1.pdf,TextExtract,8,147.718891,24.902753
tsr-only-ocr-off-c2,2609.04184v1.pdf,TextFinish,16,242.390555,61.632178
tsr-only-ocr-off-c2,2609.04184v1.pdf,TextPrepare,8,0.440021,0.074878
tsr-only-ocr-off-c2,2609.04184v1.pdf,TsrInference,7,367.861742,61.962041
tsr-only-ocr-off-c2,2609.04184v1.pdf,TsrPostprocess,7,0.35566,0.15037199999999998
tsr-only-ocr-off-c2,2609.04184v1.pdf,TsrPreprocess,7,7.841654999999999,1.367359
tsr-only-ocr-off-c2,2609.04184v1.pdf,TsrQueue,14,917.0036200000001,185.81434
tsr-only-ocr-off-c2,2609.04203v1.pdf,DocumentContext,1,1.666881,1.666881
tsr-only-ocr-off-c2,2609.04203v1.pdf,LayoutInference,20,1363.123623,76.702009
tsr-only-ocr-off-c2,2609.04203v1.pdf,LayoutPostprocess,20,0.296234,0.027739999999999997
tsr-only-ocr-off-c2,2609.04203v1.pdf,LayoutPreprocess,20,411.4328189999999,27.165352
tsr-only-ocr-off-c2,2609.04203v1.pdf,LayoutQueue,20,2718.527643,188.3573
tsr-only-ocr-off-c2,2609.04203v1.pdf,LayoutReadback,20,0.08949599999999999,0.006112
tsr-only-ocr-off-c2,2609.04203v1.pdf,LinkValidate,1,8.379313,8.379313
tsr-only-ocr-off-c2,2609.04203v1.pdf,ParseTotal,1,3123.341623,3123.341623
tsr-only-ocr-off-c2,2609.04203v1.pdf,PdfOpen,1,0.679484,0.679484
tsr-only-ocr-off-c2,2609.04203v1.pdf,PdfRender,20,757.044413,221.745643
tsr-only-ocr-off-c2,2609.04203v1.pdf,PdfiumQueue,1,0.0028049999999999998,0.0028049999999999998
tsr-only-ocr-off-c2,2609.04203v1.pdf,TableCellInference,19,484.30440200000004,79.395613
tsr-only-ocr-off-c2,2609.04203v1.pdf,TableCellPostprocess,19,0.13007099999999996,0.019205999999999997
tsr-only-ocr-off-c2,2609.04203v1.pdf,TableCellPreprocess,19,142.134667,11.446962
tsr-only-ocr-off-c2,2609.04203v1.pdf,TableExternal,19,6174.499257999999,1083.593501
tsr-only-ocr-off-c2,2609.04203v1.pdf,TableFill,19,17.469879,5.0612449999999995
tsr-only-ocr-off-c2,2609.04203v1.pdf,TextExtract,20,513.6779560000001,118.805623
tsr-only-ocr-off-c2,2609.04203v1.pdf,TextFinish,40,617.4350720000001,64.708069
tsr-only-ocr-off-c2,2609.04203v1.pdf,TextPrepare,20,0.9918849999999999,0.075047
tsr-only-ocr-off-c2,2609.04203v1.pdf,TsrInference,19,1765.7439700000002,1025.390593
tsr-only-ocr-off-c2,2609.04203v1.pdf,TsrPostprocess,19,0.7593360000000001,0.159362
tsr-only-ocr-off-c2,2609.04203v1.pdf,TsrPreprocess,19,21.993471000000003,2.1410299999999998
tsr-only-ocr-off-c2,2609.04203v1.pdf,TsrQueue,38,3750.2443409999996,1001.2954579999999
tsr-only-ocr-on-c2,2403.01632v4.pdf,DocumentContext,1,2.596871,2.596871
tsr-only-ocr-on-c2,2403.01632v4.pdf,LayoutInference,47,4284.68661,255.71419699999998
tsr-only-ocr-on-c2,2403.01632v4.pdf,LayoutPostprocess,47,0.9113610000000001,0.14390999999999998
tsr-only-ocr-on-c2,2403.01632v4.pdf,LayoutPreprocess,47,995.3696930000002,27.650008
tsr-only-ocr-on-c2,2403.01632v4.pdf,LayoutQueue,47,9246.698853000002,574.589735
tsr-only-ocr-on-c2,2403.01632v4.pdf,LayoutReadback,47,0.19517399999999996,0.006143
tsr-only-ocr-on-c2,2403.01632v4.pdf,LinkValidate,1,12.515043,12.515043
tsr-only-ocr-on-c2,2403.01632v4.pdf,Ocr,13,85264.75069599999,11839.166439999999
tsr-only-ocr-on-c2,2403.01632v4.pdf,OcrDecode,417,1.5539119999999984,0.025176
tsr-only-ocr-on-c2,2403.01632v4.pdf,OcrDetectionInference,13,2163.149457,200.493945
tsr-only-ocr-on-c2,2403.01632v4.pdf,OcrDetectionPostprocess,13,145.680751,15.207435
tsr-only-ocr-on-c2,2403.01632v4.pdf,OcrDetectionPreprocess,13,642.955948,58.809053999999996
tsr-only-ocr-on-c2,2403.01632v4.pdf,OcrOrientationInference,197,4025.7294699999998,322.484623
tsr-only-ocr-on-c2,2403.01632v4.pdf,OcrQueue,420,62753.694896,8035.521981000001
tsr-only-ocr-on-c2,2403.01632v4.pdf,OcrReadback,407,1236.9627540000001,28.122953
tsr-only-ocr-on-c2,2403.01632v4.pdf,OcrRecognitionInference,197,13750.482554999995,565.1859390000001
tsr-only-ocr-on-c2,2403.01632v4.pdf,OcrRecognitionPreprocess,394,412.2423389999996,5.300368
tsr-only-ocr-on-c2,2403.01632v4.pdf,ParseTotal,1,25455.029341999998,25455.029341999998
tsr-only-ocr-on-c2,2403.01632v4.pdf,PdfOpen,1,0.425266,0.425266
tsr-only-ocr-on-c2,2403.01632v4.pdf,PdfRender,47,882.3405070000002,69.624288
tsr-only-ocr-on-c2,2403.01632v4.pdf,PdfiumQueue,1,0.00049,0.00049
tsr-only-ocr-on-c2,2403.01632v4.pdf,TableCellInference,7,178.771651,31.631999
tsr-only-ocr-on-c2,2403.01632v4.pdf,TableCellPostprocess,7,0.06995799999999999,0.015271999999999999
tsr-only-ocr-on-c2,2403.01632v4.pdf,TableCellPreprocess,7,56.527592999999996,12.009353
tsr-only-ocr-on-c2,2403.01632v4.pdf,TableExternal,7,11122.504907,2473.171572
tsr-only-ocr-on-c2,2403.01632v4.pdf,TableFill,7,7.373561,1.7166
tsr-only-ocr-on-c2,2403.01632v4.pdf,TextExtract,47,589.6219190000002,17.388876
tsr-only-ocr-on-c2,2403.01632v4.pdf,TextFinish,94,711.5295490000002,34.054635
tsr-only-ocr-on-c2,2403.01632v4.pdf,TextPrepare,47,3.2045370000000006,0.14835700000000002
tsr-only-ocr-on-c2,2403.01632v4.pdf,TsrInference,7,1577.8738700000001,835.2549190000001
tsr-only-ocr-on-c2,2403.01632v4.pdf,TsrPostprocess,7,0.551085,0.205637
tsr-only-ocr-on-c2,2403.01632v4.pdf,TsrPreprocess,7,7.428751999999999,1.9809839999999999
tsr-only-ocr-on-c2,2403.01632v4.pdf,TsrQueue,14,9298.306016000002,2279.567789
tsr-only-ocr-on-c2,2303.18223v16.pdf,DocumentContext,1,16.956984000000002,16.956984000000002
tsr-only-ocr-on-c2,2303.18223v16.pdf,LayoutInference,144,12427.081442000006,193.923801
tsr-only-ocr-on-c2,2303.18223v16.pdf,LayoutPostprocess,144,2.1353580000000005,0.11275299999999999
tsr-only-ocr-on-c2,2303.18223v16.pdf,LayoutPreprocess,144,3162.831193999998,33.89296
tsr-only-ocr-on-c2,2303.18223v16.pdf,LayoutQueue,144,22522.497835,608.6882999999999
tsr-only-ocr-on-c2,2303.18223v16.pdf,LayoutReadback,144,0.6691389999999997,0.013742
tsr-only-ocr-on-c2,2303.18223v16.pdf,LinkValidate,1,72.50007599999999,72.50007599999999
tsr-only-ocr-on-c2,2303.18223v16.pdf,Ocr,16,129966.99377600003,14709.655884
tsr-only-ocr-on-c2,2303.18223v16.pdf,OcrDecode,717,1.9453560000000003,0.102265
tsr-only-ocr-on-c2,2303.18223v16.pdf,OcrDetectionInference,16,2292.755198,188.161259
tsr-only-ocr-on-c2,2303.18223v16.pdf,OcrDetectionPostprocess,16,298.973462,24.327945
tsr-only-ocr-on-c2,2303.18223v16.pdf,OcrDetectionPreprocess,16,809.6133859999999,56.479181000000004
tsr-only-ocr-on-c2,2303.18223v16.pdf,OcrOrientationInference,202,4620.549253999999,305.596103
tsr-only-ocr-on-c2,2303.18223v16.pdf,OcrQueue,436,104961.57953500013,12291.943548000001
tsr-only-ocr-on-c2,2303.18223v16.pdf,OcrReadback,420,1385.554595999999,28.534824
tsr-only-ocr-on-c2,2303.18223v16.pdf,OcrRecognitionInference,202,15023.037510000002,645.179386
tsr-only-ocr-on-c2,2303.18223v16.pdf,OcrRecognitionPreprocess,404,435.04027299999996,6.1532849999999994
tsr-only-ocr-on-c2,2303.18223v16.pdf,ParseTotal,1,43810.938034000006,43810.938034000006
tsr-only-ocr-on-c2,2303.18223v16.pdf,PdfOpen,1,0.852329,0.852329
tsr-only-ocr-on-c2,2303.18223v16.pdf,PdfRender,144,2622.880550999998,127.79293799999999
tsr-only-ocr-on-c2,2303.18223v16.pdf,PdfiumQueue,1,0.003126,0.003126
tsr-only-ocr-on-c2,2303.18223v16.pdf,TableCellInference,24,1023.2470409999999,92.639419
tsr-only-ocr-on-c2,2303.18223v16.pdf,TableCellPostprocess,24,0.33958699999999997,0.045478
tsr-only-ocr-on-c2,2303.18223v16.pdf,TableCellPreprocess,24,218.89583899999997,15.903482
tsr-only-ocr-on-c2,2303.18223v16.pdf,TableExternal,24,35168.546613,5018.903118
tsr-only-ocr-on-c2,2303.18223v16.pdf,TableFill,24,64.22964900000001,10.034354
tsr-only-ocr-on-c2,2303.18223v16.pdf,TextExtract,144,3040.1198480000007,30.33441
tsr-only-ocr-on-c2,2303.18223v16.pdf,TextFinish,288,6204.820891000003,144.42612
tsr-only-ocr-on-c2,2303.18223v16.pdf,TextPrepare,144,19.127496000000004,0.34241499999999997
tsr-only-ocr-on-c2,2303.18223v16.pdf,TsrInference,30,12742.155275000003,2373.2109490000003
tsr-only-ocr-on-c2,2303.18223v16.pdf,TsrPostprocess,30,2.578312,0.33296
tsr-only-ocr-on-c2,2303.18223v16.pdf,TsrPreprocess,30,55.557037,6.121802
tsr-only-ocr-on-c2,2303.18223v16.pdf,TsrQueue,54,21107.15529,2037.5194470000001
tsr-only-ocr-on-c2,2410.05779v3.pdf,DocumentContext,1,1.122091,1.122091
tsr-only-ocr-on-c2,2410.05779v3.pdf,LayoutInference,16,1175.454189,79.418438
tsr-only-ocr-on-c2,2410.05779v3.pdf,LayoutPostprocess,16,0.185778,0.030434
tsr-only-ocr-on-c2,2410.05779v3.pdf,LayoutPreprocess,16,330.87932799999993,27.295673999999998
tsr-only-ocr-on-c2,2410.05779v3.pdf,LayoutQueue,16,2744.1460460000003,215.749913
tsr-only-ocr-on-c2,2410.05779v3.pdf,LayoutReadback,16,0.083114,0.007741
tsr-only-ocr-on-c2,2410.05779v3.pdf,LinkValidate,1,9.815985,9.815985
tsr-only-ocr-on-c2,2410.05779v3.pdf,Ocr,5,59965.244987,15205.819442999999
tsr-only-ocr-on-c2,2410.05779v3.pdf,OcrDecode,291,1.8415369999999998,0.12954500000000002
tsr-only-ocr-on-c2,2410.05779v3.pdf,OcrDetectionInference,5,716.999474,186.06204400000001
tsr-only-ocr-on-c2,2410.05779v3.pdf,OcrDetectionPostprocess,5,54.340241999999996,14.841899
tsr-only-ocr-on-c2,2410.05779v3.pdf,OcrDetectionPreprocess,5,242.477392,56.687751
tsr-only-ocr-on-c2,2410.05779v3.pdf,OcrOrientationInference,182,1850.055228,242.77866500000002
tsr-only-ocr-on-c2,2410.05779v3.pdf,OcrQueue,374,45034.11793900005,10346.920616
tsr-only-ocr-on-c2,2410.05779v3.pdf,OcrReadback,369,1672.768681,58.673369
tsr-only-ocr-on-c2,2410.05779v3.pdf,OcrRecognitionInference,182,9786.681863,560.180683
tsr-only-ocr-on-c2,2410.05779v3.pdf,OcrRecognitionPreprocess,364,489.0000650000003,11.980756
tsr-only-ocr-on-c2,2410.05779v3.pdf,ParseTotal,1,21272.666025,21272.666025
tsr-only-ocr-on-c2,2410.05779v3.pdf,PdfOpen,1,0.355775,0.355775
tsr-only-ocr-on-c2,2410.05779v3.pdf,PdfRender,16,316.36358099999995,33.131271
tsr-only-ocr-on-c2,2410.05779v3.pdf,PdfiumQueue,1,0.003967,0.003967
tsr-only-ocr-on-c2,2410.05779v3.pdf,TableCellInference,6,359.07238200000006,130.201015
tsr-only-ocr-on-c2,2410.05779v3.pdf,TableCellPostprocess,6,0.071326,0.044285
tsr-only-ocr-on-c2,2410.05779v3.pdf,TableCellPreprocess,6,53.15258699999999,11.082809000000001
tsr-only-ocr-on-c2,2410.05779v3.pdf,TableExternal,6,6608.993867,1963.644002
tsr-only-ocr-on-c2,2410.05779v3.pdf,TableFill,6,14.352032999999999,5.103895
tsr-only-ocr-on-c2,2410.05779v3.pdf,TextExtract,16,186.32281800000004,21.211695
tsr-only-ocr-on-c2,2410.05779v3.pdf,TextFinish,32,178.604573,27.04384
tsr-only-ocr-on-c2,2410.05779v3.pdf,TextPrepare,16,1.050881,0.137845
tsr-only-ocr-on-c2,2410.05779v3.pdf,TsrInference,6,2137.706535,1216.918894
tsr-only-ocr-on-c2,2410.05779v3.pdf,TsrPostprocess,6,0.297628,0.12319
tsr-only-ocr-on-c2,2410.05779v3.pdf,TsrPreprocess,6,13.440272000000002,4.327713
tsr-only-ocr-on-c2,2410.05779v3.pdf,TsrQueue,12,4042.5212779999997,1856.132415
tsr-only-ocr-on-c2,2412.05210v1.pdf,DocumentContext,1,34.441173,34.441173
tsr-only-ocr-on-c2,2412.05210v1.pdf,LayoutInference,12,1014.7928059999999,124.93088900000001
tsr-only-ocr-on-c2,2412.05210v1.pdf,LayoutPostprocess,12,0.11389099999999999,0.013855000000000001
tsr-only-ocr-on-c2,2412.05210v1.pdf,LayoutPreprocess,12,263.04698700000006,26.620123
tsr-only-ocr-on-c2,2412.05210v1.pdf,LayoutQueue,12,1467.958007,255.494347
tsr-only-ocr-on-c2,2412.05210v1.pdf,LayoutReadback,12,0.07404300000000001,0.010303
tsr-only-ocr-on-c2,2412.05210v1.pdf,LinkValidate,1,15.33718,15.33718
tsr-only-ocr-on-c2,2412.05210v1.pdf,Ocr,6,44986.32427499999,15020.091118
tsr-only-ocr-on-c2,2412.05210v1.pdf,OcrDecode,439,1.6199009999999996,0.0917
tsr-only-ocr-on-c2,2412.05210v1.pdf,OcrDetectionInference,6,1325.0903340000002,671.842432
tsr-only-ocr-on-c2,2412.05210v1.pdf,OcrDetectionPostprocess,6,106.985864,24.961291
tsr-only-ocr-on-c2,2412.05210v1.pdf,OcrDetectionPreprocess,6,315.616827,64.821467
tsr-only-ocr-on-c2,2412.05210v1.pdf,OcrOrientationInference,166,2886.1140800000007,144.28022099999998
tsr-only-ocr-on-c2,2412.05210v1.pdf,OcrQueue,344,29574.927226000003,6700.258243
tsr-only-ocr-on-c2,2412.05210v1.pdf,OcrReadback,338,1097.3570119999993,27.827163
tsr-only-ocr-on-c2,2412.05210v1.pdf,OcrRecognitionInference,166,9209.249715999995,498.823313
tsr-only-ocr-on-c2,2412.05210v1.pdf,OcrRecognitionPreprocess,332,360.01296399999995,8.084076000000001
tsr-only-ocr-on-c2,2412.05210v1.pdf,ParseTotal,1,19364.613526999998,19364.613526999998
tsr-only-ocr-on-c2,2412.05210v1.pdf,PdfOpen,1,0.49607000000000007,0.49607000000000007
tsr-only-ocr-on-c2,2412.05210v1.pdf,PdfRender,12,356.79533799999996,75.753703
tsr-only-ocr-on-c2,2412.05210v1.pdf,PdfiumQueue,1,0.003934,0.003934
tsr-only-ocr-on-c2,2412.05210v1.pdf,TableCellInference,4,93.817337,25.485767
tsr-only-ocr-on-c2,2412.05210v1.pdf,TableCellPostprocess,4,0.1154,0.0502
tsr-only-ocr-on-c2,2412.05210v1.pdf,TableCellPreprocess,4,37.27197099999999,11.883354
tsr-only-ocr-on-c2,2412.05210v1.pdf,TableExternal,4,6781.132751000001,2726.85459
tsr-only-ocr-on-c2,2412.05210v1.pdf,TableFill,4,33.084493,17.031258
tsr-only-ocr-on-c2,2412.05210v1.pdf,TextExtract,12,239.259966,32.260160000000006
tsr-only-ocr-on-c2,2412.05210v1.pdf,TextFinish,24,518.1899239999999,247.973379
tsr-only-ocr-on-c2,2412.05210v1.pdf,TextPrepare,12,1.674269,0.31586
tsr-only-ocr-on-c2,2412.05210v1.pdf,TsrInference,8,3601.23135,1012.930997
tsr-only-ocr-on-c2,2412.05210v1.pdf,TsrPostprocess,8,1.109336,0.236657
tsr-only-ocr-on-c2,2412.05210v1.pdf,TsrPreprocess,8,15.949128,3.003189
tsr-only-ocr-on-c2,2412.05210v1.pdf,TsrQueue,12,3027.181949,1358.823903
tsr-only-ocr-on-c2,2603.01919v2.pdf,DocumentContext,1,4.088857000000001,4.088857000000001
tsr-only-ocr-on-c2,2603.01919v2.pdf,LayoutInference,23,2100.1601680000003,215.58344400000001
tsr-only-ocr-on-c2,2603.01919v2.pdf,LayoutPostprocess,23,0.31273999999999996,0.038676
tsr-only-ocr-on-c2,2603.01919v2.pdf,LayoutPreprocess,23,564.251091,49.915273000000006
tsr-only-ocr-on-c2,2603.01919v2.pdf,LayoutQueue,23,3502.93452,273.621517
tsr-only-ocr-on-c2,2603.01919v2.pdf,LayoutReadback,23,0.10465999999999998,0.007595
tsr-only-ocr-on-c2,2603.01919v2.pdf,LinkValidate,1,15.261155,15.261155
tsr-only-ocr-on-c2,2603.01919v2.pdf,Ocr,10,74096.769386,11880.344242
tsr-only-ocr-on-c2,2603.01919v2.pdf,OcrDecode,1101,2.7877979999999973,0.12338400000000001
tsr-only-ocr-on-c2,2603.01919v2.pdf,OcrDetectionInference,10,1376.660052,185.678619
tsr-only-ocr-on-c2,2603.01919v2.pdf,OcrDetectionPostprocess,10,142.40474899999998,19.60241
tsr-only-ocr-on-c2,2603.01919v2.pdf,OcrDetectionPreprocess,10,516.197438,68.59789199999999
tsr-only-ocr-on-c2,2603.01919v2.pdf,OcrOrientationInference,193,3800.2503090000014,261.251416
tsr-only-ocr-on-c2,2603.01919v2.pdf,OcrQueue,406,55821.690395000034,8323.7705
tsr-only-ocr-on-c2,2603.01919v2.pdf,OcrReadback,396,1967.9526279999998,58.551662
tsr-only-ocr-on-c2,2603.01919v2.pdf,OcrRecognitionInference,193,9797.412645,326.501231
tsr-only-ocr-on-c2,2603.01919v2.pdf,OcrRecognitionPreprocess,386,545.2226290000001,6.184516
tsr-only-ocr-on-c2,2603.01919v2.pdf,ParseTotal,1,22996.785734,22996.785734
tsr-only-ocr-on-c2,2603.01919v2.pdf,PdfOpen,1,0.5048020000000001,0.5048020000000001
tsr-only-ocr-on-c2,2603.01919v2.pdf,PdfRender,23,795.8162400000001,129.65987
tsr-only-ocr-on-c2,2603.01919v2.pdf,PdfiumQueue,1,0.003303,0.003303
tsr-only-ocr-on-c2,2603.01919v2.pdf,TableCellInference,18,794.704663,290.841399
tsr-only-ocr-on-c2,2603.01919v2.pdf,TableCellPostprocess,18,0.215086,0.024635
tsr-only-ocr-on-c2,2603.01919v2.pdf,TableCellPreprocess,18,172.314419,18.182791
tsr-only-ocr-on-c2,2603.01919v2.pdf,TableExternal,18,7253.518662999998,1095.347
tsr-only-ocr-on-c2,2603.01919v2.pdf,TableFill,18,40.49038099999999,6.042932
tsr-only-ocr-on-c2,2603.01919v2.pdf,TextExtract,23,437.0482980000001,52.158744999999996
tsr-only-ocr-on-c2,2603.01919v2.pdf,TextFinish,46,594.1012659999999,79.9546
tsr-only-ocr-on-c2,2603.01919v2.pdf,TextPrepare,23,2.0305909999999994,0.16549499999999998
tsr-only-ocr-on-c2,2603.01919v2.pdf,TsrInference,20,3351.698394,496.135893
tsr-only-ocr-on-c2,2603.01919v2.pdf,TsrPostprocess,20,1.606476,0.20430900000000002
tsr-only-ocr-on-c2,2603.01919v2.pdf,TsrPreprocess,20,26.758987,2.367752
tsr-only-ocr-on-c2,2603.01919v2.pdf,TsrQueue,38,2897.1723869999996,984.71508
tsr-only-ocr-on-c2,2604.18583v1.pdf,DocumentContext,1,1.360886,1.360886
tsr-only-ocr-on-c2,2604.18583v1.pdf,LayoutInference,15,1323.392348,184.58549699999998
tsr-only-ocr-on-c2,2604.18583v1.pdf,LayoutPostprocess,15,0.259576,0.035161
tsr-only-ocr-on-c2,2604.18583v1.pdf,LayoutPreprocess,15,346.845278,28.914303
tsr-only-ocr-on-c2,2604.18583v1.pdf,LayoutQueue,15,526.3388219999999,155.606154
tsr-only-ocr-on-c2,2604.18583v1.pdf,LayoutReadback,15,0.09256699999999998,0.010533
tsr-only-ocr-on-c2,2604.18583v1.pdf,LinkValidate,1,7.7046149999999995,7.7046149999999995
tsr-only-ocr-on-c2,2604.18583v1.pdf,Ocr,8,38587.809295,7068.627133
tsr-only-ocr-on-c2,2604.18583v1.pdf,OcrDecode,100,0.291333,0.019993999999999998
tsr-only-ocr-on-c2,2604.18583v1.pdf,OcrDetectionInference,8,1207.052858,192.225951
tsr-only-ocr-on-c2,2604.18583v1.pdf,OcrDetectionPostprocess,8,118.783906,22.525369
tsr-only-ocr-on-c2,2604.18583v1.pdf,OcrDetectionPreprocess,8,390.02722300000005,55.77523
tsr-only-ocr-on-c2,2604.18583v1.pdf,OcrOrientationInference,30,1086.984742,199.632804
tsr-only-ocr-on-c2,2604.18583v1.pdf,OcrQueue,76,32572.552108999993,5530.106948000001
tsr-only-ocr-on-c2,2604.18583v1.pdf,OcrReadback,68,211.49102700000006,25.931362
tsr-only-ocr-on-c2,2604.18583v1.pdf,OcrRecognitionInference,30,2911.779744,700.2282600000001
tsr-only-ocr-on-c2,2604.18583v1.pdf,OcrRecognitionPreprocess,60,65.00101900000001,7.644924
tsr-only-ocr-on-c2,2604.18583v1.pdf,ParseTotal,1,12606.264784,12606.264784
tsr-only-ocr-on-c2,2604.18583v1.pdf,PdfOpen,1,0.33132,0.33132
tsr-only-ocr-on-c2,2604.18583v1.pdf,PdfRender,15,1633.125453,561.158936
tsr-only-ocr-on-c2,2604.18583v1.pdf,PdfiumQueue,1,0.007375,0.007375
tsr-only-ocr-on-c2,2604.18583v1.pdf,TableCellInference,2,53.46069899999999,30.394630999999997
tsr-only-ocr-on-c2,2604.18583v1.pdf,TableCellPostprocess,2,0.030156999999999996,0.015492999999999998
tsr-only-ocr-on-c2,2604.18583v1.pdf,TableCellPreprocess,2,15.320627,7.769812
tsr-only-ocr-on-c2,2604.18583v1.pdf,TableExternal,2,1732.3271530000002,1498.924191
tsr-only-ocr-on-c2,2604.18583v1.pdf,TableFill,2,4.201537,2.294219
tsr-only-ocr-on-c2,2604.18583v1.pdf,TextExtract,15,268.710902,31.712435999999997
tsr-only-ocr-on-c2,2604.18583v1.pdf,TextFinish,30,561.758794,208.550114
tsr-only-ocr-on-c2,2604.18583v1.pdf,TextPrepare,15,1.7818000000000003,0.27261199999999997
tsr-only-ocr-on-c2,2604.18583v1.pdf,TsrInference,2,1659.745397,1466.405599
tsr-only-ocr-on-c2,2604.18583v1.pdf,TsrPostprocess,2,0.174951,0.114967
tsr-only-ocr-on-c2,2604.18583v1.pdf,TsrPreprocess,2,1.8638979999999998,0.947267
tsr-only-ocr-on-c2,2604.18583v1.pdf,TsrQueue,4,0.727956,0.23560799999999998
tsr-only-ocr-on-c2,2604.21959v1.pdf,DocumentContext,1,0.1849,0.1849
tsr-only-ocr-on-c2,2604.21959v1.pdf,LayoutInference,3,232.76369699999998,95.72728799999999
tsr-only-ocr-on-c2,2604.21959v1.pdf,LayoutPostprocess,3,0.034874,0.014013
tsr-only-ocr-on-c2,2604.21959v1.pdf,LayoutPreprocess,3,65.659959,21.919874
tsr-only-ocr-on-c2,2604.21959v1.pdf,LayoutQueue,3,209.48855199999997,129.31661599999998
tsr-only-ocr-on-c2,2604.21959v1.pdf,LayoutReadback,3,0.02105,0.007757
tsr-only-ocr-on-c2,2604.21959v1.pdf,LinkValidate,1,0.574862,0.574862
tsr-only-ocr-on-c2,2604.21959v1.pdf,Ocr,2,7240.098260999999,4899.26764
tsr-only-ocr-on-c2,2604.21959v1.pdf,OcrDecode,87,0.275396,0.023565
tsr-only-ocr-on-c2,2604.21959v1.pdf,OcrDetectionInference,2,318.948558,199.17511199999998
tsr-only-ocr-on-c2,2604.21959v1.pdf,OcrDetectionPostprocess,2,20.126451,10.800996999999999
tsr-only-ocr-on-c2,2604.21959v1.pdf,OcrDetectionPreprocess,2,99.14541200000001,50.226285000000004
tsr-only-ocr-on-c2,2604.21959v1.pdf,OcrOrientationInference,27,233.256878,26.205180000000002
tsr-only-ocr-on-c2,2604.21959v1.pdf,OcrQueue,58,4784.310295999998,2270.363514
tsr-only-ocr-on-c2,2604.21959v1.pdf,OcrReadback,56,302.52028000000007,25.866004
tsr-only-ocr-on-c2,2604.21959v1.pdf,OcrRecognitionInference,27,1376.018076,223.193816
tsr-only-ocr-on-c2,2604.21959v1.pdf,OcrRecognitionPreprocess,54,85.43531399999999,4.903606
tsr-only-ocr-on-c2,2604.21959v1.pdf,ParseTotal,1,5197.5341610000005,5197.5341610000005
tsr-only-ocr-on-c2,2604.21959v1.pdf,PdfOpen,1,0.28409799999999996,0.28409799999999996
tsr-only-ocr-on-c2,2604.21959v1.pdf,PdfRender,3,47.923257,17.446275
tsr-only-ocr-on-c2,2604.21959v1.pdf,PdfiumQueue,1,0.007399,0.007399
tsr-only-ocr-on-c2,2604.21959v1.pdf,TextExtract,3,22.810278,11.055049
tsr-only-ocr-on-c2,2604.21959v1.pdf,TextFinish,6,21.794753000000004,11.935377
tsr-only-ocr-on-c2,2604.21959v1.pdf,TextPrepare,3,0.12462999999999999,0.053266999999999995
tsr-only-ocr-on-c2,2604.18584v1.pdf,DocumentContext,1,1.621897,1.621897
tsr-only-ocr-on-c2,2604.18584v1.pdf,LayoutInference,32,3139.231135,190.874102
tsr-only-ocr-on-c2,2604.18584v1.pdf,LayoutPostprocess,32,0.380678,0.031992
tsr-only-ocr-on-c2,2604.18584v1.pdf,LayoutPreprocess,32,693.3539310000001,43.496672
tsr-only-ocr-on-c2,2604.18584v1.pdf,LayoutQueue,32,4053.3356630000007,324.150605
tsr-only-ocr-on-c2,2604.18584v1.pdf,LayoutReadback,32,0.17037000000000002,0.009952
tsr-only-ocr-on-c2,2604.18584v1.pdf,LinkValidate,1,15.895024000000001,15.895024000000001
tsr-only-ocr-on-c2,2604.18584v1.pdf,Ocr,13,96681.350278,23054.373239
tsr-only-ocr-on-c2,2604.18584v1.pdf,OcrDecode,882,3.5598020000000004,0.12473900000000002
tsr-only-ocr-on-c2,2604.18584v1.pdf,OcrDetectionInference,13,1965.1672859999999,311.951342
tsr-only-ocr-on-c2,2604.18584v1.pdf,OcrDetectionPostprocess,13,131.40054500000002,14.741077
tsr-only-ocr-on-c2,2604.18584v1.pdf,OcrDetectionPreprocess,13,673.2317330000001,60.371778
tsr-only-ocr-on-c2,2604.18584v1.pdf,OcrOrientationInference,380,5148.345268999995,212.153907
tsr-only-ocr-on-c2,2604.18584v1.pdf,OcrQueue,786,64814.94306,6988.5775189999995
tsr-only-ocr-on-c2,2604.18584v1.pdf,OcrReadback,773,2644.645364999998,41.197031
tsr-only-ocr-on-c2,2604.18584v1.pdf,OcrRecognitionInference,380,20265.88350299999,425.42672799999997
tsr-only-ocr-on-c2,2604.18584v1.pdf,OcrRecognitionPreprocess,760,777.6113699999985,6.532202
tsr-only-ocr-on-c2,2604.18584v1.pdf,ParseTotal,1,36736.859248,36736.859248
tsr-only-ocr-on-c2,2604.18584v1.pdf,PdfOpen,1,0.65977,0.65977
tsr-only-ocr-on-c2,2604.18584v1.pdf,PdfRender,32,670.389513,98.926086
tsr-only-ocr-on-c2,2604.18584v1.pdf,PdfiumQueue,1,0.004196,0.004196
tsr-only-ocr-on-c2,2604.18584v1.pdf,TableCellInference,18,697.081226,206.466528
tsr-only-ocr-on-c2,2604.18584v1.pdf,TableCellPostprocess,18,0.311048,0.07691500000000001
tsr-only-ocr-on-c2,2604.18584v1.pdf,TableCellPreprocess,18,186.46652799999998,18.4481
tsr-only-ocr-on-c2,2604.18584v1.pdf,TableExternal,18,11533.918391000001,1451.448848
tsr-only-ocr-on-c2,2604.18584v1.pdf,TableFill,18,38.422005,5.835094
tsr-only-ocr-on-c2,2604.18584v1.pdf,TextExtract,32,316.42770500000006,16.756130000000002
tsr-only-ocr-on-c2,2604.18584v1.pdf,TextFinish,64,507.4645080000001,58.369834000000004
tsr-only-ocr-on-c2,2604.18584v1.pdf,TextPrepare,32,2.454069,0.234526
tsr-only-ocr-on-c2,2604.18584v1.pdf,TsrInference,18,4081.586955,456.17191099999997
tsr-only-ocr-on-c2,2604.18584v1.pdf,TsrPostprocess,18,1.320855,0.203995
tsr-only-ocr-on-c2,2604.18584v1.pdf,TsrPreprocess,18,37.148127,3.537647
tsr-only-ocr-on-c2,2604.18584v1.pdf,TsrQueue,36,6521.571871,1264.683673
tsr-only-ocr-on-c2,2606.17056v1.pdf,DocumentContext,1,7.453886,7.453886
tsr-only-ocr-on-c2,2606.17056v1.pdf,LayoutInference,25,2436.792006,193.44557600000002
tsr-only-ocr-on-c2,2606.17056v1.pdf,LayoutPostprocess,25,0.27356100000000005,0.035077000000000004
tsr-only-ocr-on-c2,2606.17056v1.pdf,LayoutPreprocess,25,513.2407880000001,25.910951
tsr-only-ocr-on-c2,2606.17056v1.pdf,LayoutQueue,25,2569.7628059999993,286.523395
tsr-only-ocr-on-c2,2606.17056v1.pdf,LayoutReadback,25,0.13346,0.007849
tsr-only-ocr-on-c2,2606.17056v1.pdf,LinkValidate,1,6.698047000000001,6.698047000000001
tsr-only-ocr-on-c2,2606.17056v1.pdf,Ocr,15,98485.90011999999,10048.008278
tsr-only-ocr-on-c2,2606.17056v1.pdf,OcrDecode,831,1.9043420000000013,0.106746
tsr-only-ocr-on-c2,2606.17056v1.pdf,OcrDetectionInference,15,2269.686196,193.199865
tsr-only-ocr-on-c2,2606.17056v1.pdf,OcrDetectionPostprocess,15,159.95001200000002,13.931958
tsr-only-ocr-on-c2,2606.17056v1.pdf,OcrDetectionPreprocess,15,749.38335,59.808555999999996
tsr-only-ocr-on-c2,2606.17056v1.pdf,OcrOrientationInference,163,2768.124508000001,217.400494
tsr-only-ocr-on-c2,2606.17056v1.pdf,OcrQueue,356,82217.93589099994,8818.355969
tsr-only-ocr-on-c2,2606.17056v1.pdf,OcrReadback,341,1555.7504370000013,27.625831
tsr-only-ocr-on-c2,2606.17056v1.pdf,OcrRecognitionInference,163,8216.249904,497.718978
tsr-only-ocr-on-c2,2606.17056v1.pdf,OcrRecognitionPreprocess,326,433.3764909999998,6.382567
tsr-only-ocr-on-c2,2606.17056v1.pdf,ParseTotal,1,28258.004334999998,28258.004334999998
tsr-only-ocr-on-c2,2606.17056v1.pdf,PdfOpen,1,0.642723,0.642723
tsr-only-ocr-on-c2,2606.17056v1.pdf,PdfRender,25,401.00283899999994,25.366966
tsr-only-ocr-on-c2,2606.17056v1.pdf,PdfiumQueue,1,0.00408,0.00408
tsr-only-ocr-on-c2,2606.17056v1.pdf,TableCellInference,4,106.210454,27.854684000000002
tsr-only-ocr-on-c2,2606.17056v1.pdf,TableCellPostprocess,4,0.049238000000000004,0.022840000000000003
tsr-only-ocr-on-c2,2606.17056v1.pdf,TableCellPreprocess,4,32.638149999999996,9.17962
tsr-only-ocr-on-c2,2606.17056v1.pdf,TableExternal,4,1378.6192749999998,543.297872
tsr-only-ocr-on-c2,2606.17056v1.pdf,TableFill,4,5.365651000000001,2.2373610000000004
tsr-only-ocr-on-c2,2606.17056v1.pdf,TextExtract,25,287.75920499999995,24.273601
tsr-only-ocr-on-c2,2606.17056v1.pdf,TextFinish,50,240.46633300000005,23.102914
tsr-only-ocr-on-c2,2606.17056v1.pdf,TextPrepare,25,1.6182130000000001,0.11791700000000001
tsr-only-ocr-on-c2,2606.17056v1.pdf,TsrInference,4,1223.9121320000002,503.97071400000004
tsr-only-ocr-on-c2,2606.17056v1.pdf,TsrPostprocess,4,0.244726,0.12388199999999999
tsr-only-ocr-on-c2,2606.17056v1.pdf,TsrPreprocess,4,12.425827,4.847535
tsr-only-ocr-on-c2,2606.17056v1.pdf,TsrQueue,8,1.309355,0.227251
tsr-only-ocr-on-c2,2609.04180v1.pdf,DocumentContext,1,2.853987,2.853987
tsr-only-ocr-on-c2,2609.04180v1.pdf,LayoutInference,23,2219.379951,225.141347
tsr-only-ocr-on-c2,2609.04180v1.pdf,LayoutPostprocess,23,0.260499,0.024783999999999997
tsr-only-ocr-on-c2,2609.04180v1.pdf,LayoutPreprocess,23,500.539864,24.414237
tsr-only-ocr-on-c2,2609.04180v1.pdf,LayoutQueue,23,3432.4106079999992,278.138085
tsr-only-ocr-on-c2,2609.04180v1.pdf,LayoutReadback,23,0.11548900000000001,0.010473
tsr-only-ocr-on-c2,2609.04180v1.pdf,LinkValidate,1,11.160253,11.160253
tsr-only-ocr-on-c2,2609.04180v1.pdf,Ocr,9,44395.502989,10923.881881
tsr-only-ocr-on-c2,2609.04180v1.pdf,OcrDecode,755,1.7512570000000018,0.107184
tsr-only-ocr-on-c2,2609.04180v1.pdf,OcrDetectionInference,9,1930.07441,656.0213679999999
tsr-only-ocr-on-c2,2609.04180v1.pdf,OcrDetectionPostprocess,9,112.62643,17.341417
tsr-only-ocr-on-c2,2609.04180v1.pdf,OcrDetectionPreprocess,9,444.905112,52.180845
tsr-only-ocr-on-c2,2609.04180v1.pdf,OcrOrientationInference,134,3012.9680550000016,230.221484
tsr-only-ocr-on-c2,2609.04180v1.pdf,OcrQueue,286,29125.416342000004,7694.420018
tsr-only-ocr-on-c2,2609.04180v1.pdf,OcrReadback,277,1511.9668470000006,45.010933
tsr-only-ocr-on-c2,2609.04180v1.pdf,OcrRecognitionInference,134,7766.474831999998,571.025855
tsr-only-ocr-on-c2,2609.04180v1.pdf,OcrRecognitionPreprocess,268,398.6866149999998,7.953405999999999
tsr-only-ocr-on-c2,2609.04180v1.pdf,ParseTotal,1,15380.411874,15380.411874
tsr-only-ocr-on-c2,2609.04180v1.pdf,PdfOpen,1,0.5832040000000001,0.5832040000000001
tsr-only-ocr-on-c2,2609.04180v1.pdf,PdfRender,23,488.3256839999999,52.119906
tsr-only-ocr-on-c2,2609.04180v1.pdf,PdfiumQueue,1,0.003874,0.003874
tsr-only-ocr-on-c2,2609.04180v1.pdf,TableCellInference,12,491.57872599999996,219.996292
tsr-only-ocr-on-c2,2609.04180v1.pdf,TableCellPostprocess,12,0.09192700000000001,0.016686
tsr-only-ocr-on-c2,2609.04180v1.pdf,TableCellPreprocess,12,90.966194,11.252256000000001
tsr-only-ocr-on-c2,2609.04180v1.pdf,TableExternal,12,3751.5791650000006,719.9844509999999
tsr-only-ocr-on-c2,2609.04180v1.pdf,TableFill,12,9.031104000000001,1.7790620000000001
tsr-only-ocr-on-c2,2609.04180v1.pdf,TextExtract,23,330.92376099999996,26.29776
tsr-only-ocr-on-c2,2609.04180v1.pdf,TextFinish,46,383.59872600000006,30.260955
tsr-only-ocr-on-c2,2609.04180v1.pdf,TextPrepare,23,1.9701400000000004,0.12419500000000001
tsr-only-ocr-on-c2,2609.04180v1.pdf,TsrInference,12,2273.316688,638.235363
tsr-only-ocr-on-c2,2609.04180v1.pdf,TsrPostprocess,12,0.47606899999999996,0.088668
tsr-only-ocr-on-c2,2609.04180v1.pdf,TsrPreprocess,12,16.149678,1.776145
tsr-only-ocr-on-c2,2609.04180v1.pdf,TsrQueue,24,873.478944,573.811066
tsr-only-ocr-on-c2,2609.04184v1.pdf,DocumentContext,1,1.3588669999999998,1.3588669999999998
tsr-only-ocr-on-c2,2609.04184v1.pdf,LayoutInference,8,755.799802,160.09992300000002
tsr-only-ocr-on-c2,2609.04184v1.pdf,LayoutPostprocess,8,0.098362,0.020601
tsr-only-ocr-on-c2,2609.04184v1.pdf,LayoutPreprocess,8,169.42859400000003,26.820043
tsr-only-ocr-on-c2,2609.04184v1.pdf,LayoutQueue,8,1885.666571,386.75215299999996
tsr-only-ocr-on-c2,2609.04184v1.pdf,LayoutReadback,8,0.04373400000000001,0.006268999999999999
tsr-only-ocr-on-c2,2609.04184v1.pdf,LinkValidate,1,3.7940959999999997,3.7940959999999997
tsr-only-ocr-on-c2,2609.04184v1.pdf,Ocr,5,37321.777211,9027.269119999999
tsr-only-ocr-on-c2,2609.04184v1.pdf,OcrDecode,239,0.6836659999999999,0.082635
tsr-only-ocr-on-c2,2609.04184v1.pdf,OcrDetectionInference,5,715.215958,208.17215
tsr-only-ocr-on-c2,2609.04184v1.pdf,OcrDetectionPostprocess,5,76.683854,16.600127
tsr-only-ocr-on-c2,2609.04184v1.pdf,OcrDetectionPreprocess,5,265.799663,63.298641
tsr-only-ocr-on-c2,2609.04184v1.pdf,OcrOrientationInference,68,928.0996660000002,43.668813
tsr-only-ocr-on-c2,2609.04184v1.pdf,OcrQueue,146,31559.477798,7732.046952
tsr-only-ocr-on-c2,2609.04184v1.pdf,OcrReadback,141,446.7758749999999,27.104805
tsr-only-ocr-on-c2,2609.04184v1.pdf,OcrRecognitionInference,68,3157.6303169999996,155.600718
tsr-only-ocr-on-c2,2609.04184v1.pdf,OcrRecognitionPreprocess,136,124.40870800000003,4.57428
tsr-only-ocr-on-c2,2609.04184v1.pdf,ParseTotal,1,12773.040392,12773.040392
tsr-only-ocr-on-c2,2609.04184v1.pdf,PdfOpen,1,0.820678,0.820678
tsr-only-ocr-on-c2,2609.04184v1.pdf,PdfRender,8,198.95263200000002,37.621976000000004
tsr-only-ocr-on-c2,2609.04184v1.pdf,PdfiumQueue,1,0.003147,0.003147
tsr-only-ocr-on-c2,2609.04184v1.pdf,TableCellInference,7,211.48337099999998,66.064046
tsr-only-ocr-on-c2,2609.04184v1.pdf,TableCellPostprocess,7,0.071718,0.016996
tsr-only-ocr-on-c2,2609.04184v1.pdf,TableCellPreprocess,7,49.36146699999999,8.018221
tsr-only-ocr-on-c2,2609.04184v1.pdf,TableExternal,7,992.687511,269.747205
tsr-only-ocr-on-c2,2609.04184v1.pdf,TableFill,7,5.114686,1.05842
tsr-only-ocr-on-c2,2609.04184v1.pdf,TextExtract,8,161.40722300000002,31.095530999999998
tsr-only-ocr-on-c2,2609.04184v1.pdf,TextFinish,16,268.59335000000004,72.041751
tsr-only-ocr-on-c2,2609.04184v1.pdf,TextPrepare,8,1.332296,0.279858
tsr-only-ocr-on-c2,2609.04184v1.pdf,TsrInference,7,717.849267,227.900989
tsr-only-ocr-on-c2,2609.04184v1.pdf,TsrPostprocess,7,0.295498,0.07614
tsr-only-ocr-on-c2,2609.04184v1.pdf,TsrPreprocess,7,7.826547,1.632997
tsr-only-ocr-on-c2,2609.04184v1.pdf,TsrQueue,14,2.423429,0.265529
tsr-only-ocr-on-c2,2609.04203v1.pdf,DocumentContext,1,1.895953,1.895953
tsr-only-ocr-on-c2,2609.04203v1.pdf,LayoutInference,20,2215.670673,230.873357
tsr-only-ocr-on-c2,2609.04203v1.pdf,LayoutPostprocess,20,0.3531560000000001,0.036517
tsr-only-ocr-on-c2,2609.04203v1.pdf,LayoutPreprocess,20,423.3945579999999,25.735694
tsr-only-ocr-on-c2,2609.04203v1.pdf,LayoutQueue,20,2974.6929009999994,397.640012
tsr-only-ocr-on-c2,2609.04203v1.pdf,LayoutReadback,20,0.130787,0.012591
tsr-only-ocr-on-c2,2609.04203v1.pdf,LinkValidate,1,8.293978000000001,8.293978000000001
tsr-only-ocr-on-c2,2609.04203v1.pdf,Ocr,9,17126.121026999997,3271.3938599999997
tsr-only-ocr-on-c2,2609.04203v1.pdf,OcrDecode,287,0.7828740000000001,0.09671
tsr-only-ocr-on-c2,2609.04203v1.pdf,OcrDetectionInference,9,1365.62595,168.951612
tsr-only-ocr-on-c2,2609.04203v1.pdf,OcrDetectionPostprocess,9,144.04277299999998,18.915754
tsr-only-ocr-on-c2,2609.04203v1.pdf,OcrDetectionPreprocess,9,449.02909800000003,58.34079
tsr-only-ocr-on-c2,2609.04203v1.pdf,OcrOrientationInference,56,1734.20918,345.999171
tsr-only-ocr-on-c2,2609.04203v1.pdf,OcrQueue,130,9239.066476000004,1474.480649
tsr-only-ocr-on-c2,2609.04203v1.pdf,OcrReadback,121,513.1541540000001,26.73942
tsr-only-ocr-on-c2,2609.04203v1.pdf,OcrRecognitionInference,56,3500.953238999999,334.531705
tsr-only-ocr-on-c2,2609.04203v1.pdf,OcrRecognitionPreprocess,112,140.28206000000003,6.261255
tsr-only-ocr-on-c2,2609.04203v1.pdf,ParseTotal,1,6484.017189,6484.017189
tsr-only-ocr-on-c2,2609.04203v1.pdf,PdfOpen,1,0.750122,0.750122
tsr-only-ocr-on-c2,2609.04203v1.pdf,PdfRender,20,800.138826,226.35988
tsr-only-ocr-on-c2,2609.04203v1.pdf,PdfiumQueue,1,0.004694,0.004694
tsr-only-ocr-on-c2,2609.04203v1.pdf,TableCellInference,19,683.5542779999998,139.190763
tsr-only-ocr-on-c2,2609.04203v1.pdf,TableCellPostprocess,19,0.17017300000000002,0.029244
tsr-only-ocr-on-c2,2609.04203v1.pdf,TableCellPreprocess,19,145.890135,11.681109000000001
tsr-only-ocr-on-c2,2609.04203v1.pdf,TableExternal,19,7868.495441999999,1069.480371
tsr-only-ocr-on-c2,2609.04203v1.pdf,TableFill,19,27.480375,14.846779
tsr-only-ocr-on-c2,2609.04203v1.pdf,TextExtract,20,524.0834679999999,128.89827
tsr-only-ocr-on-c2,2609.04203v1.pdf,TextFinish,40,617.6094229999998,67.254207
tsr-only-ocr-on-c2,2609.04203v1.pdf,TextPrepare,20,2.210601,0.164628
tsr-only-ocr-on-c2,2609.04203v1.pdf,TsrInference,19,2884.4460240000003,879.784468
tsr-only-ocr-on-c2,2609.04203v1.pdf,TsrPostprocess,19,0.7840220000000001,0.157518
tsr-only-ocr-on-c2,2609.04203v1.pdf,TsrPreprocess,19,23.100291999999996,3.330664
tsr-only-ocr-on-c2,2609.04203v1.pdf,TsrQueue,38,4121.14694,853.460307
