unix_seconds,pid,parent_pid,cpu_percent,rss_mb,threads,read_bytes,write_bytes,voluntary_switches,involuntary_switches
1789388020.9946866,1289825,1289823,,12.671875,34,0,0,4,0
1789388022.0062172,1289825,1289823,89.9,929.28125,71,0,4096,27,4
1789388022.0063956,1289858,1289825,,9.9609375,1,0,0,2,0
1789388022.0065136,1289861,1289825,,21.45703125,1,0,0,6,1
1789388022.0066183,1289863,1289825,,9.8359375,1,0,0,3,0
1789388022.006716,1289865,1289825,,9.90625,1,0,0,2,2
1789388022.0068092,1289867,1289825,,12.9375,1,0,0,9,6
1789388023.0123386,1289825,1289823,85.5,1624.66015625,71,0,4096,66,6
1789388023.012418,1289858,1289825,3.0,13.25390625,1,0,0,10,3
1789388023.0124683,1289861,1289825,1.0,12.89453125,1,0,0,10,1
1789388023.0125124,1289863,1289825,4.0,13.19140625,1,0,0,11,3
1789388023.0125577,1289865,1289825,2.0,13.265625,1,0,0,10,3
1789388023.0126,1289867,1289825,1.0,12.9375,1,0,0,10,6
1789388024.0233216,1289825,1289823,107.8,1756.39453125,74,0,4096,122,6
1789388024.023478,1289858,1289825,0.0,13.25390625,1,0,0,10,3
1789388024.0235982,1289861,1289825,0.0,12.89453125,1,0,0,10,1
1789388024.0237134,1289863,1289825,0.0,13.19140625,1,0,0,11,3
1789388024.0238268,1289865,1289825,0.0,13.265625,1,0,0,10,3
1789388024.0239437,1289867,1289825,2.0,12.9375,1,0,0,18,6
1789388025.029609,1289825,1289823,129.2,1820.28515625,74,0,4096,124,6
1789388025.0297022,1289858,1289825,0.0,13.25390625,1,0,0,10,3
1789388025.029756,1289861,1289825,0.0,12.89453125,1,0,0,10,1
1789388025.0298045,1289863,1289825,0.0,13.19140625,1,0,0,11,3
1789388025.0298529,1289865,1289825,0.0,13.265625,1,0,0,10,3
1789388025.0298994,1289867,1289825,0.0,12.9375,1,0,0,18,6
1789388026.036966,1289825,1289823,107.2,1832.609375,74,0,8192,140,6
1789388026.0370555,1289858,1289825,0.0,13.25390625,1,0,0,10,3
1789388026.0371149,1289861,1289825,0.0,12.89453125,1,0,0,10,1
1789388026.0371664,1289863,1289825,0.0,13.19140625,1,0,0,11,3
1789388026.0372157,1289865,1289825,0.0,13.265625,1,0,0,10,3
1789388026.0372632,1289867,1289825,0.0,12.9375,1,0,0,18,6
1789388027.0425131,1289825,1289823,121.3,1863.7890625,74,0,8192,197,7
1789388027.0425904,1289858,1289825,0.0,13.25390625,1,0,0,10,3
1789388027.042641,1289861,1289825,3.0,12.89453125,1,0,0,18,1
1789388027.0426853,1289863,1289825,0.0,13.19140625,1,0,0,11,3
1789388027.0427272,1289865,1289825,0.0,13.265625,1,0,0,10,3
1789388027.0427678,1289867,1289825,0.0,12.9375,1,0,0,18,6
1789388028.048109,1289825,1289823,117.3,1863.86328125,74,0,8192,202,7
1789388028.0481908,1289858,1289825,0.0,13.25390625,1,0,0,10,3
1789388028.0482433,1289861,1289825,0.0,12.89453125,1,0,0,18,1
1789388028.04829,1289863,1289825,0.0,13.19140625,1,0,0,11,3
1789388028.0483363,1289865,1289825,0.0,13.265625,1,0,0,10,3
1789388028.04838,1289867,1289825,0.0,12.9375,1,0,0,18,6
1789388029.0549018,1289825,1289823,66.5,1905.07421875,74,0,8192,204,7
1789388029.055008,1289858,1289825,49.7,30.58984375,1,0,0,111,15
1789388029.0550742,1289861,1289825,0.0,12.89453125,1,0,0,18,1
1789388029.0551345,1289863,1289825,45.7,22.51171875,1,0,0,134,9
1789388029.055193,1289865,1289825,0.0,13.265625,1,0,0,10,3
1789388029.055248,1289867,1289825,0.0,12.9375,1,0,0,18,6
1789388030.0608604,1289825,1289823,148.1,2018.1484375,75,0,8192,204,7
1789388030.0609455,1289858,1289825,81.5,42.8046875,1,0,0,273,47
1789388030.0609996,1289861,1289825,0.0,12.89453125,1,0,0,18,1
1789388030.0610478,1289863,1289825,18.9,22.22265625,1,0,0,143,14
1789388030.0610967,1289865,1289825,0.0,13.265625,1,0,0,10,3
1789388030.061144,1289867,1289825,0.0,12.9375,1,0,0,18,6
1789388031.0677369,1289825,1289823,142.0,2102.671875,76,0,8192,204,7
1789388031.0678408,1289858,1289825,72.5,48.98046875,1,0,0,536,77
1789388031.067915,1289861,1289825,0.0,12.89453125,1,0,0,18,1
1789388031.0679772,1289863,1289825,4.0,22.22265625,1,0,0,146,14
1789388031.0680385,1289865,1289825,0.0,13.265625,1,0,0,10,3
1789388031.0680952,1289867,1289825,0.0,12.9375,1,0,0,18,6
1789388032.0741177,1289825,1289823,146.1,2188.52734375,76,0,8192,204,7
1789388032.0742047,1289858,1289825,53.7,77.171875,1,0,0,659,97
1789388032.074265,1289861,1289825,0.0,12.89453125,1,0,0,18,1
1789388032.0743208,1289863,1289825,0.0,22.22265625,1,0,0,146,14
1789388032.0743723,1289865,1289825,0.0,13.265625,1,0,0,10,3
1789388032.0744226,1289867,1289825,0.0,12.9375,1,0,0,18,6
1789388033.0811274,1289825,1289823,140.0,2218.0859375,76,0,8192,204,7
1789388033.0812318,1289858,1289825,16.9,77.171875,1,0,0,665,114
1789388033.0813046,1289861,1289825,0.0,12.89453125,1,0,0,18,1
1789388033.0813677,1289863,1289825,0.0,22.22265625,1,0,0,146,14
1789388033.0814288,1289865,1289825,0.0,13.265625,1,0,0,10,3
1789388033.0814872,1289867,1289825,0.0,12.9375,1,0,0,18,6
1789388034.0888875,1289825,1289823,142.9,2238.4296875,76,0,8192,204,7
1789388034.0890036,1289858,1289825,12.9,77.171875,1,0,0,672,114
1789388034.0890827,1289861,1289825,0.0,12.89453125,1,0,0,18,1
1789388034.089154,1289863,1289825,0.0,22.22265625,1,0,0,146,14
1789388034.0892231,1289865,1289825,0.0,13.265625,1,0,0,10,3
1789388034.0892885,1289867,1289825,0.0,12.9375,1,0,0,18,6
1789388035.0965881,1289825,1289823,110.2,2238.43359375,76,0,8192,204,7
1789388035.096704,1289858,1289825,0.0,77.171875,1,0,0,673,114
1789388035.0967836,1289861,1289825,0.0,12.89453125,1,0,0,18,1
1789388035.0968564,1289863,1289825,0.0,22.22265625,1,0,0,146,14
1789388035.0969238,1289865,1289825,0.0,13.265625,1,0,0,10,3
1789388035.0970352,1289867,1289825,0.0,12.9375,1,0,0,18,6
1789388036.1025136,1289825,1289823,139.2,2256.76953125,78,0,8192,204,7
1789388036.102596,1289858,1289825,0.0,77.171875,1,0,0,673,114
1789388036.1026468,1289861,1289825,0.0,12.89453125,1,0,0,18,1
1789388036.102692,1289863,1289825,7.0,22.22265625,1,0,0,150,16
1789388036.1027358,1289865,1289825,0.0,13.265625,1,0,0,10,3
1789388036.1027794,1289867,1289825,0.0,12.9375,1,0,0,18,6
1789388037.1087885,1289825,1289823,105.3,2257.25390625,78,0,8192,204,7
1789388037.1088831,1289858,1289825,0.0,77.171875,1,0,0,673,114
1789388037.1089423,1289861,1289825,0.0,12.89453125,1,0,0,18,1
1789388037.1089945,1289863,1289825,0.0,22.22265625,1,0,0,150,16
1789388037.1090455,1289865,1289825,0.0,13.265625,1,0,0,10,3
1789388037.1090932,1289867,1289825,0.0,12.9375,1,0,0,18,6
1789388038.1148667,1289825,1289823,128.2,2278.578125,78,0,8192,204,7
1789388038.1149557,1289858,1289825,0.0,77.171875,1,0,0,673,114
1789388038.115013,1289861,1289825,0.0,12.89453125,1,0,0,18,1
1789388038.115065,1289863,1289825,6.0,22.22265625,1,0,0,154,17
1789388038.1151166,1289865,1289825,0.0,13.265625,1,0,0,10,3
1789388038.1151655,1289867,1289825,0.0,12.9375,1,0,0,18,6
1789388039.1246088,1289825,1289823,144.6,2333.921875,78,0,8192,204,7
1789388039.124722,1289858,1289825,0.0,77.171875,1,0,0,673,114
1789388039.124794,1289861,1289825,0.0,12.89453125,1,0,0,18,1
1789388039.1248624,1289863,1289825,10.9,27.15234375,1,0,0,162,20
1789388039.124929,1289865,1289825,0.0,13.265625,1,0,0,10,3
1789388039.1249926,1289867,1289825,0.0,12.9375,1,0,0,18,6
1789388040.1322277,1289825,1289823,138.9,2346.8359375,78,0,8192,204,7
1789388040.1323428,1289858,1289825,0.0,77.171875,1,0,0,673,114
1789388040.1324205,1289861,1289825,0.0,12.89453125,1,0,0,18,1
1789388040.132491,1289863,1289825,14.9,50.921875,1,0,0,167,24
1789388040.1325588,1289865,1289825,0.0,13.265625,1,0,0,10,3
1789388040.1326249,1289867,1289825,0.0,12.9375,1,0,0,18,6
1789388041.1408541,1289825,1289823,140.8,2356.671875,78,0,8192,204,7
1789388041.1409826,1289858,1289825,0.0,77.171875,1,0,0,673,114
1789388041.14107,1289861,1289825,0.0,12.89453125,1,0,0,18,1
1789388041.1411507,1289863,1289825,5.0,50.921875,1,0,0,170,24
1789388041.141231,1289865,1289825,0.0,13.265625,1,0,0,10,3
1789388041.141306,1289867,1289825,0.0,12.9375,1,0,0,18,6
1789388042.149011,1289825,1289823,113.1,2356.6796875,78,0,8192,204,7
1789388042.1491218,1289858,1289825,0.0,77.171875,1,0,0,673,114
1789388042.1491969,1289861,1289825,0.0,12.89453125,1,0,0,18,1
1789388042.1492653,1289863,1289825,0.0,50.921875,1,0,0,170,24
1789388042.1493306,1289865,1289825,0.0,13.265625,1,0,0,10,3
1789388042.1493943,1289867,1289825,0.0,12.9375,1,0,0,18,6
1789388043.155197,1289825,1289823,107.3,2356.6796875,78,0,8192,204,7
1789388043.1552858,1289858,1289825,0.0,77.171875,1,0,0,673,114
1789388043.1553414,1289861,1289825,0.0,12.89453125,1,0,0,18,1
1789388043.1553915,1289863,1289825,0.0,50.921875,1,0,0,170,24
1789388043.1554425,1289865,1289825,0.0,13.265625,1,0,0,10,3
1789388043.1554904,1289867,1289825,0.0,12.9375,1,0,0,18,6
1789388044.160925,1289825,1289823,143.2,2356.69140625,78,0,8192,204,7
1789388044.1610007,1289858,1289825,3.0,77.171875,1,0,0,675,114
1789388044.1610487,1289861,1289825,0.0,12.89453125,1,0,0,18,1
1789388044.1610923,1289863,1289825,0.0,50.921875,1,0,0,170,24
1789388044.1611333,1289865,1289825,0.0,13.265625,1,0,0,10,3
1789388044.1611733,1289867,1289825,0.0,12.9375,1,0,0,18,6
1789388045.166605,1289825,1289823,109.4,2356.69140625,78,0,8192,204,7
1789388045.1666827,1289858,1289825,0.0,77.171875,1,0,0,675,114
1789388045.166729,1289861,1289825,0.0,12.89453125,1,0,0,18,1
1789388045.1667724,1289863,1289825,0.0,50.921875,1,0,0,170,24
1789388045.1668131,1289865,1289825,0.0,13.265625,1,0,0,10,3
1789388045.1668565,1289867,1289825,0.0,12.9375,1,0,0,18,6
1789388046.1725218,1289825,1289823,128.2,2356.70703125,78,0,8192,204,7
1789388046.1726065,1289858,1289825,2.0,77.171875,1,0,0,676,115
1789388046.1726615,1289861,1289825,0.0,12.89453125,1,0,0,18,1
1789388046.1727104,1289863,1289825,0.0,50.921875,1,0,0,170,24
1789388046.1727583,1289865,1289825,0.0,13.265625,1,0,0,10,3
1789388046.1728034,1289867,1289825,0.0,12.9375,1,0,0,18,6
1789388047.1784081,1289825,1289823,109.4,2356.70703125,78,0,8192,204,7
1789388047.1784937,1289858,1289825,0.0,77.171875,1,0,0,676,115
1789388047.1785493,1289861,1289825,0.0,12.89453125,1,0,0,18,1
1789388047.1785996,1289863,1289825,0.0,50.921875,1,0,0,170,24
1789388047.1786466,1289865,1289825,0.0,13.265625,1,0,0,10,3
1789388047.1786923,1289867,1289825,0.0,12.9375,1,0,0,18,6
1789388048.1844876,1289825,1289823,137.2,2356.71484375,78,0,8192,204,7
1789388048.1845753,1289858,1289825,4.0,77.171875,1,0,0,679,115
1789388048.184634,1289861,1289825,0.0,12.89453125,1,0,0,18,1
1789388048.1846879,1289863,1289825,0.0,50.921875,1,0,0,170,24
1789388048.1847403,1289865,1289825,0.0,13.265625,1,0,0,10,3
1789388048.1847894,1289867,1289825,0.0,12.9375,1,0,0,18,6
1789388049.1905901,1289825,1289823,144.1,2356.71875,78,0,8192,204,7
1789388049.190679,1289858,1289825,6.0,77.171875,1,0,0,683,117
1789388049.190738,1289861,1289825,0.0,12.89453125,1,0,0,18,1
1789388049.1907935,1289863,1289825,0.0,50.921875,1,0,0,170,24
1789388049.1908433,1289865,1289825,0.0,13.265625,1,0,0,10,3
1789388049.190894,1289867,1289825,0.0,12.9375,1,0,0,18,6
1789388050.197531,1289825,1289823,141.0,2356.71875,78,0,8192,204,7
1789388050.1976333,1289858,1289825,6.0,77.171875,1,0,0,687,119
1789388050.1977034,1289861,1289825,0.0,12.89453125,1,0,0,18,1
1789388050.1977665,1289863,1289825,1.0,50.921875,1,0,0,171,24
1789388050.1978285,1289865,1289825,0.0,13.265625,1,0,0,10,3
1789388050.1978905,1289867,1289825,0.0,12.9375,1,0,0,18,6
1789388051.2048087,1289825,1289823,106.2,2356.71875,78,0,8192,204,7
1789388051.2049186,1289858,1289825,0.0,77.171875,1,0,0,687,119
1789388051.2049913,1289861,1289825,0.0,12.89453125,1,0,0,18,1
1789388051.2050564,1289863,1289825,0.0,50.921875,1,0,0,171,24
1789388051.2051191,1289865,1289825,0.0,13.265625,1,0,0,10,3
1789388051.20518,1289867,1289825,0.0,12.9375,1,0,0,18,6
1789388052.211448,1289825,1289823,105.3,2356.72265625,78,0,8192,204,7
1789388052.2115438,1289858,1289825,0.0,77.171875,1,0,0,687,119
1789388052.211607,1289861,1289825,0.0,12.89453125,1,0,0,18,1
1789388052.2116625,1289863,1289825,0.0,50.921875,1,0,0,171,24
1789388052.211718,1289865,1289825,0.0,13.265625,1,0,0,10,3
1789388052.211772,1289867,1289825,0.0,12.9375,1,0,0,18,6
1789388053.2170296,1289825,1289823,119.3,2370.765625,78,0,8192,204,7
1789388053.217108,1289858,1289825,0.0,77.171875,1,0,0,687,119
1789388053.2171576,1289861,1289825,0.0,12.89453125,1,0,0,18,1
1789388053.2172036,1289863,1289825,2.0,50.921875,1,0,0,173,24
1789388053.2172515,1289865,1289825,0.0,13.265625,1,0,0,10,3
1789388053.2172956,1289867,1289825,0.0,12.9375,1,0,0,18,6
1789388054.2229815,1289825,1289823,106.4,2394.79296875,78,0,8192,204,7
1789388054.2230668,1289858,1289825,0.0,77.171875,1,0,0,687,119
1789388054.2231245,1289861,1289825,0.0,12.89453125,1,0,0,18,1
1789388054.2231758,1289863,1289825,0.0,50.921875,1,0,0,173,24
1789388054.223226,1289865,1289825,0.0,13.265625,1,0,0,10,3
1789388054.223273,1289867,1289825,0.0,12.9375,1,0,0,18,6
1789388055.2292995,1289825,1289823,106.3,2394.796875,78,0,8192,204,7
1789388055.2293913,1289858,1289825,0.0,77.171875,1,0,0,687,119
1789388055.229452,1289861,1289825,0.0,12.89453125,1,0,0,18,1
1789388055.229506,1289863,1289825,0.0,50.921875,1,0,0,173,24
1789388055.2295585,1289865,1289825,0.0,13.265625,1,0,0,10,3
1789388055.229609,1289867,1289825,0.0,12.9375,1,0,0,18,6
1789388056.235213,1289825,1289823,107.4,2394.796875,78,0,8192,204,7
1789388056.2353024,1289858,1289825,0.0,77.171875,1,0,0,687,119
1789388056.2353597,1289861,1289825,0.0,12.89453125,1,0,0,18,1
1789388056.23541,1289863,1289825,0.0,50.921875,1,0,0,173,24
1789388056.2354581,1289865,1289825,0.0,13.265625,1,0,0,10,3
1789388056.2355034,1289867,1289825,0.0,12.9375,1,0,0,18,6
1789388057.2410383,1289825,1289823,115.3,2394.80859375,78,0,8192,204,7
1789388057.2411246,1289858,1289825,0.0,77.171875,1,0,0,687,119
1789388057.241179,1289861,1289825,0.0,12.89453125,1,0,0,18,1
1789388057.241227,1289863,1289825,0.0,50.921875,1,0,0,174,24
1789388057.241275,1289865,1289825,0.0,13.265625,1,0,0,10,3
1789388057.2413213,1289867,1289825,0.0,12.9375,1,0,0,18,6
1789388058.2473652,1289825,1289823,106.3,2394.8125,78,0,8192,204,7
1789388058.2474585,1289858,1289825,0.0,77.171875,1,0,0,687,119
1789388058.2475195,1289861,1289825,0.0,12.89453125,1,0,0,18,1
1789388058.2475762,1289863,1289825,0.0,50.921875,1,0,0,174,24
1789388058.2476304,1289865,1289825,0.0,13.265625,1,0,0,10,3
1789388058.2476819,1289867,1289825,0.0,12.9375,1,0,0,18,6
1789388059.2536714,1289825,1289823,134.2,2400.359375,78,0,8192,204,7
1789388059.253755,1289858,1289825,0.0,77.171875,1,0,0,687,119
1789388059.25381,1289861,1289825,0.0,12.89453125,1,0,0,18,1
1789388059.253862,1289863,1289825,6.0,50.921875,1,0,0,179,25
1789388059.2539096,1289865,1289825,0.0,13.265625,1,0,0,10,3
1789388059.2539556,1289867,1289825,0.0,12.9375,1,0,0,18,6
1789388060.2594018,1289825,1289823,111.4,2400.359375,78,0,8192,204,7
1789388060.2594855,1289858,1289825,0.0,77.171875,1,0,0,687,119
1789388060.2595408,1289861,1289825,0.0,12.89453125,1,0,0,18,1
1789388060.2595901,1289863,1289825,0.0,50.921875,1,0,0,179,25
1789388060.2596374,1289865,1289825,0.0,13.265625,1,0,0,10,3
1789388060.259683,1289867,1289825,0.0,12.9375,1,0,0,18,6
1789388061.2654514,1289825,1289823,138.2,2405.96484375,78,0,12288,204,7
1789388061.2655427,1289858,1289825,8.0,77.171875,1,0,0,692,120
1789388061.2656,1289861,1289825,0.0,12.89453125,1,0,0,18,1
1789388061.2656531,1289863,1289825,0.0,50.921875,1,0,0,179,25
1789388061.2657049,1289865,1289825,0.0,13.265625,1,0,0,10,3
1789388061.265753,1289867,1289825,0.0,12.9375,1,0,0,18,6
1789388062.2719014,1289825,1289823,126.2,2411.5234375,78,0,12288,204,7
1789388062.271996,1289858,1289825,4.0,77.171875,1,0,0,695,120
1789388062.2720566,1289861,1289825,0.0,12.89453125,1,0,0,18,1
1789388062.2721114,1289863,1289825,0.0,50.921875,1,0,0,179,25
1789388062.272165,1289865,1289825,0.0,13.265625,1,0,0,10,3
1789388062.2722168,1289867,1289825,0.0,12.9375,1,0,0,18,6
1789388063.2780752,1289825,1289823,110.3,2411.5234375,78,0,12288,204,7
1789388063.278163,1289858,1289825,0.0,77.171875,1,0,0,695,120
1789388063.2782197,1289861,1289825,0.0,12.89453125,1,0,0,18,1
1789388063.27827,1289863,1289825,0.0,50.921875,1,0,0,179,25
1789388063.2783182,1289865,1289825,0.0,13.265625,1,0,0,10,3
1789388063.2783651,1289867,1289825,0.0,12.9375,1,0,0,18,6
1789388064.2839422,1289825,1289823,145.1,2435.79296875,78,0,12288,204,7
1789388064.2840242,1289858,1289825,6.0,77.171875,1,0,0,699,120
1789388064.2840757,1289861,1289825,0.0,12.89453125,1,0,0,18,1
1789388064.2841232,1289863,1289825,0.0,50.921875,1,0,0,179,25
1789388064.2841685,1289865,1289825,0.0,13.265625,1,0,0,10,3
1789388064.2842119,1289867,1289825,0.0,12.9375,1,0,0,18,6
1789388065.2902853,1289825,1289823,139.1,2441.33984375,78,0,12288,204,7
1789388065.2903764,1289858,1289825,9.9,77.171875,1,0,0,705,126
1789388065.2904363,1289861,1289825,0.0,12.89453125,1,0,0,18,1
1789388065.2904904,1289863,1289825,0.0,50.921875,1,0,0,179,25
1789388065.2905436,1289865,1289825,0.0,13.265625,1,0,0,10,3
1789388065.2905927,1289867,1289825,0.0,12.9375,1,0,0,18,6
1789388066.2979357,1289825,1289823,135.0,2446.89453125,78,0,12288,204,7
1789388066.298049,1289858,1289825,2.0,77.171875,1,0,0,707,126
1789388066.2981267,1289861,1289825,0.0,12.89453125,1,0,0,18,1
1789388066.298197,1289863,1289825,0.0,50.921875,1,0,0,179,25
1789388066.2982628,1289865,1289825,0.0,13.265625,1,0,0,10,3
1789388066.2983265,1289867,1289825,0.0,12.9375,1,0,0,18,6
1789388067.3038428,1289825,1289823,180.9,2447.25390625,78,0,12288,204,7
1789388067.3039246,1289858,1289825,0.0,77.171875,1,0,0,707,126
1789388067.303991,1289861,1289825,0.0,12.89453125,1,0,0,18,1
1789388067.3040404,1289863,1289825,0.0,50.921875,1,0,0,179,25
1789388067.304091,1289865,1289825,0.0,13.265625,1,0,0,10,3
1789388067.3041337,1289867,1289825,0.0,12.9375,1,0,0,18,6
1789388068.31028,1289825,1289823,154.0,2447.25390625,78,0,12288,204,7
1789388068.3103712,1289858,1289825,3.0,77.171875,1,0,0,709,126
1789388068.3104324,1289861,1289825,0.0,12.89453125,1,0,0,18,1
1789388068.3104877,1289863,1289825,0.0,50.921875,1,0,0,179,25
1789388068.3105412,1289865,1289825,0.0,13.265625,1,0,0,10,3
1789388068.3105912,1289867,1289825,0.0,12.9375,1,0,0,18,6
1789388069.316384,1289825,1289823,109.3,2454.6796875,78,0,12288,204,7
1789388069.3164713,1289858,1289825,0.0,77.171875,1,0,0,709,126
1789388069.3165274,1289861,1289825,0.0,12.89453125,1,0,0,18,1
1789388069.3165781,1289863,1289825,0.0,50.921875,1,0,0,179,25
1789388069.3166268,1289865,1289825,0.0,13.265625,1,0,0,10,3
1789388069.316674,1289867,1289825,0.0,12.9375,1,0,0,18,6
1789388070.322243,1289825,1289823,119.3,2456.984375,78,0,12288,204,7
1789388070.3223274,1289858,1289825,0.0,77.171875,1,0,0,709,126
1789388070.3223803,1289861,1289825,0.0,12.89453125,1,0,0,18,1
1789388070.322429,1289863,1289825,0.0,50.921875,1,0,0,179,25
1789388070.3224752,1289865,1289825,0.0,13.265625,1,0,0,10,3
1789388070.32252,1289867,1289825,0.0,12.9375,1,0,0,18,6
1789388071.328443,1289825,1289823,105.3,2457.1484375,78,0,12288,204,7
1789388071.3285291,1289858,1289825,0.0,77.171875,1,0,0,709,126
1789388071.3285856,1289861,1289825,0.0,12.89453125,1,0,0,18,1
1789388071.3286355,1289863,1289825,0.0,50.921875,1,0,0,179,25
1789388071.3286839,1289865,1289825,0.0,13.265625,1,0,0,10,3
1789388071.3287313,1289867,1289825,0.0,12.9375,1,0,0,18,6
1789388072.3352857,1289825,1289823,124.2,2457.3828125,78,0,12288,204,7
1789388072.3353753,1289858,1289825,0.0,77.171875,1,0,0,709,126
1789388072.3354325,1289861,1289825,0.0,12.89453125,1,0,0,18,1
1789388072.335483,1289863,1289825,0.0,50.921875,1,0,0,179,25
1789388072.335532,1289865,1289825,0.0,13.265625,1,0,0,10,3
1789388072.3355787,1289867,1289825,0.0,12.9375,1,0,0,18,6
1789388073.3423095,1289825,1289823,108.2,2457.3828125,78,0,12288,204,7
1789388073.3423996,1289858,1289825,0.0,77.171875,1,0,0,709,126
1789388073.3424575,1289861,1289825,0.0,12.89453125,1,0,0,18,1
1789388073.3425066,1289863,1289825,0.0,50.921875,1,0,0,179,25
1789388073.3425536,1289865,1289825,0.0,13.265625,1,0,0,10,3
1789388073.3425996,1289867,1289825,0.0,12.9375,1,0,0,18,6
1789388074.348259,1289825,1289823,120.3,2457.39453125,78,0,12288,204,7
1789388074.3483467,1289858,1289825,1.0,77.171875,1,0,0,710,126
1789388074.3484654,1289861,1289825,0.0,12.89453125,1,0,0,18,1
1789388074.3485327,1289863,1289825,0.0,50.921875,1,0,0,179,25
1789388074.3485832,1289865,1289825,0.0,13.265625,1,0,0,10,3
1789388074.3486307,1289867,1289825,0.0,12.9375,1,0,0,18,6
1789388075.354813,1289825,1289823,113.3,2457.3984375,78,0,12288,204,7
1789388075.3549027,1289858,1289825,0.0,77.171875,1,0,0,710,126
1789388075.3549588,1289861,1289825,0.0,12.89453125,1,0,0,18,1
1789388075.3550096,1289863,1289825,0.0,50.921875,1,0,0,179,25
1789388075.3550603,1289865,1289825,0.0,13.265625,1,0,0,10,3
1789388075.3551068,1289867,1289825,0.0,12.9375,1,0,0,18,6
1789388076.3662462,1289825,1289823,127.5,2457.3984375,78,0,12288,204,7
1789388076.366412,1289858,1289825,5.9,77.171875,1,0,0,714,127
1789388076.3665402,1289861,1289825,0.0,12.89453125,1,0,0,18,1
1789388076.3666618,1289863,1289825,0.0,50.921875,1,0,0,179,25
1789388076.3667812,1289865,1289825,0.0,13.265625,1,0,0,10,3
1789388076.3669846,1289867,1289825,0.0,12.9375,1,0,0,18,6
1789388077.3731503,1289825,1289823,109.2,2457.3984375,78,0,12288,204,7
1789388077.373247,1289858,1289825,1.0,77.171875,1,0,0,715,127
1789388077.37331,1289861,1289825,0.0,12.89453125,1,0,0,18,1
1789388077.3733666,1289863,1289825,0.0,50.921875,1,0,0,179,25
1789388077.3734224,1289865,1289825,0.0,13.265625,1,0,0,10,3
1789388077.3734756,1289867,1289825,0.0,12.9375,1,0,0,18,6
1789388078.3790965,1289825,1289823,109.4,2457.40234375,78,0,12288,204,7
1789388078.3791854,1289858,1289825,0.0,77.171875,1,0,0,715,127
1789388078.3792436,1289861,1289825,0.0,12.89453125,1,0,0,18,1
1789388078.3792932,1289863,1289825,0.0,50.921875,1,0,0,179,25
1789388078.3793411,1289865,1289825,0.0,13.265625,1,0,0,10,3
1789388078.3793867,1289867,1289825,0.0,12.9375,1,0,0,18,6
1789388079.3865168,1289825,1289823,139.0,2478.2578125,78,0,12288,204,7
1789388079.3866222,1289858,1289825,8.9,77.171875,1,0,0,721,132
1789388079.3866892,1289861,1289825,0.0,12.89453125,1,0,0,18,1
1789388079.386751,1289863,1289825,0.0,50.921875,1,0,0,179,25
1789388079.3868096,1289865,1289825,0.0,13.265625,1,0,0,10,3
1789388079.3868742,1289867,1289825,0.0,12.9375,1,0,0,18,6
1789388080.3931599,1289825,1289823,144.0,2477.91796875,78,0,12288,204,7
1789388080.3932586,1289858,1289825,9.9,77.171875,1,0,0,727,133
1789388080.3933241,1289861,1289825,0.0,12.89453125,1,0,0,18,1
1789388080.3933823,1289863,1289825,0.0,50.921875,1,0,0,179,25
1789388080.3934374,1289865,1289825,0.0,13.265625,1,0,0,10,3
1789388080.3934925,1289867,1289825,0.0,12.9375,1,0,0,18,6
1789388081.4009345,1289825,1289823,135.9,2478.1328125,78,0,23851008,205,7
1789388081.4010491,1289858,1289825,0.0,77.171875,1,0,0,727,133
1789388081.4011226,1289861,1289825,0.0,12.89453125,1,0,0,18,1
1789388081.401189,1289863,1289825,0.0,50.921875,1,0,0,179,25
1789388081.4012568,1289865,1289825,30.8,37.640625,1,0,0,51,11
1789388081.4013205,1289867,1289825,0.0,12.9375,1,0,0,18,6
1789388082.408831,1289825,1289823,132.0,2478.2265625,78,0,23851008,205,7
1789388082.408955,1289858,1289825,0.0,77.171875,1,0,0,727,133
1789388082.4090383,1289861,1289825,0.0,12.89453125,1,0,0,18,1
1789388082.4091132,1289863,1289825,0.0,50.921875,1,0,0,179,25
1789388082.4091847,1289865,1289825,13.9,24.8203125,1,0,0,58,15
1789388082.409256,1289867,1289825,0.0,12.9375,1,0,0,18,6
1789388083.417759,1289825,1289823,134.8,2478.23046875,78,0,23851008,205,7
1789388083.4178946,1289858,1289825,0.0,77.171875,1,0,0,727,133
1789388083.4179907,1289861,1289825,0.0,12.89453125,1,0,0,18,1
1789388083.4180787,1289863,1289825,0.0,50.921875,1,0,0,179,25
1789388083.4181607,1289865,1289825,5.9,24.8203125,1,0,0,61,16
1789388083.4182408,1289867,1289825,0.0,12.9375,1,0,0,18,6
1789388084.4262981,1289825,1289823,186.4,2483.78125,78,0,23851008,205,7
1789388084.426428,1289858,1289825,15.9,77.171875,1,0,0,735,142
1789388084.4265192,1289861,1289825,0.0,12.89453125,1,0,0,18,1
1789388084.4266088,1289863,1289825,0.0,50.921875,1,0,0,179,25
1789388084.4266877,1289865,1289825,0.0,24.8203125,1,0,0,61,16
1789388084.4267623,1289867,1289825,0.0,12.9375,1,0,0,18,6
1789388085.4337308,1289825,1289823,146.9,2483.78125,78,0,23851008,205,7
1789388085.4338403,1289858,1289825,12.9,77.171875,1,0,0,742,143
1789388085.4339178,1289861,1289825,0.0,12.89453125,1,0,0,18,1
1789388085.433986,1289863,1289825,0.0,50.921875,1,0,0,179,25
1789388085.434052,1289865,1289825,0.0,24.8203125,1,0,0,61,16
1789388085.4341156,1289867,1289825,0.0,12.9375,1,0,0,18,6
1789388086.4411285,1289825,1289823,138.0,2483.78125,78,0,23851008,205,7
1789388086.4412286,1289858,1289825,10.9,77.171875,1,0,0,749,146
1789388086.4412982,1289861,1289825,0.0,12.89453125,1,0,0,18,1
1789388086.4413605,1289863,1289825,0.0,50.921875,1,0,0,179,25
1789388086.4414206,1289865,1289825,0.0,24.8203125,1,0,0,61,16
1789388086.4414773,1289867,1289825,0.0,12.9375,1,0,0,18,6
1789388087.447688,1289825,1289823,106.3,2483.78125,78,0,23851008,205,7
1789388087.4477813,1289858,1289825,0.0,77.171875,1,0,0,749,146
1789388087.4478424,1289861,1289825,0.0,12.89453125,1,0,0,18,1
1789388087.447902,1289863,1289825,0.0,50.921875,1,0,0,179,25
1789388087.4479554,1289865,1289825,0.0,24.8203125,1,0,0,61,16
1789388087.4480085,1289867,1289825,0.0,12.9375,1,0,0,18,6
1789388088.4538572,1289825,1289823,168.0,2485.4921875,79,0,23851008,205,7
1789388088.4539502,1289858,1289825,11.9,77.171875,1,0,0,757,151
1789388088.4540105,1289861,1289825,0.0,12.89453125,1,0,0,18,1
1789388088.4540646,1289863,1289825,0.0,50.921875,1,0,0,179,25
1789388088.4541142,1289865,1289825,0.0,24.8203125,1,0,0,61,16
1789388088.4541633,1289867,1289825,0.0,12.9375,1,0,0,18,6
1789388089.4609408,1289825,1289823,209.5,2488.4609375,79,0,23851008,205,7
1789388089.4610448,1289858,1289825,9.9,77.171875,1,0,0,764,156
1789388089.4611142,1289861,1289825,0.0,12.89453125,1,0,0,18,1
1789388089.4611776,1289863,1289825,0.0,50.921875,1,0,0,179,25
1789388089.4612389,1289865,1289825,0.0,24.8203125,1,0,0,61,16
1789388089.4612975,1289867,1289825,0.0,12.9375,1,0,0,18,6
1789388090.4690862,1289825,1289823,189.5,2488.4609375,79,0,23851008,205,7
1789388090.4692068,1289858,1289825,9.9,77.171875,1,0,0,770,160
1789388090.4692872,1289861,1289825,0.0,12.89453125,1,0,0,18,1
1789388090.4693613,1289863,1289825,0.0,50.921875,1,0,0,179,25
1789388090.4694319,1289865,1289825,0.0,24.8203125,1,0,0,61,16
1789388090.4694996,1289867,1289825,0.0,12.9375,1,0,0,18,6
1789388091.4776857,1289825,1289823,207.2,2495.0546875,79,0,23851008,205,7
1789388091.4778156,1289858,1289825,11.9,77.171875,1,0,0,777,164
1789388091.4779131,1289861,1289825,0.0,12.89453125,1,0,0,18,1
1789388091.4779985,1289863,1289825,0.0,50.921875,1,0,0,179,25
1789388091.478079,1289865,1289825,0.0,24.8203125,1,0,0,61,16
1789388091.4781578,1289867,1289825,0.0,12.9375,1,0,0,18,6
1789388092.4859984,1289825,1289823,212.2,2495.0546875,79,0,23851008,205,7
1789388092.4861217,1289858,1289825,13.9,77.171875,1,0,0,784,166
1789388092.4862077,1289861,1289825,0.0,12.89453125,1,0,0,18,1
1789388092.486285,1289863,1289825,0.0,50.921875,1,0,0,179,25
1789388092.486361,1289865,1289825,0.0,24.8203125,1,0,0,61,16
1789388092.4864328,1289867,1289825,0.0,12.9375,1,0,0,18,6
1789388093.4939787,1289825,1289823,217.3,2495.921875,79,0,23851008,205,7
1789388093.4940984,1289858,1289825,10.9,77.171875,1,0,0,790,168
1789388093.4941797,1289861,1289825,0.0,12.89453125,1,0,0,18,1
1789388093.4942555,1289863,1289825,0.0,50.921875,1,0,0,179,25
1789388093.4943285,1289865,1289825,0.0,24.8203125,1,0,0,61,16
1789388093.4943988,1289867,1289825,0.0,12.9375,1,0,0,18,6
1789388094.5040781,1289825,1289823,203.0,2495.921875,79,0,23851008,205,7
1789388094.5041878,1289858,1289825,5.0,58.16015625,1,0,0,794,168
1789388094.5042632,1289861,1289825,0.0,12.89453125,1,0,0,18,1
1789388094.5043302,1289863,1289825,0.0,50.921875,1,0,0,179,25
1789388094.5043948,1289865,1289825,0.0,24.8203125,1,0,0,61,16
1789388094.504458,1289867,1289825,0.0,12.9375,1,0,0,18,6
1789388095.5121746,1289825,1289823,133.9,2496.25390625,79,0,23851008,205,7
1789388095.5122683,1289858,1289825,0.0,58.16015625,1,0,0,794,168
1789388095.5123303,1289861,1289825,0.0,12.89453125,1,0,0,18,1
1789388095.5123842,1289863,1289825,0.0,50.921875,1,0,0,179,25
1789388095.5124373,1289865,1289825,0.0,24.8203125,1,0,0,61,16
1789388095.512488,1289867,1289825,0.0,12.9375,1,0,0,18,6
1789388096.5180247,1289825,1289823,105.4,2496.2734375,79,0,23851008,205,7
1789388096.518108,1289858,1289825,0.0,58.16015625,1,0,0,794,168
1789388096.5181613,1289861,1289825,0.0,12.89453125,1,0,0,18,1
1789388096.5182097,1289863,1289825,0.0,50.921875,1,0,0,179,25
1789388096.5182562,1289865,1289825,0.0,24.8203125,1,0,0,61,16
1789388096.5183,1289867,1289825,0.0,12.9375,1,0,0,18,6
1789388097.5244422,1289825,1289823,105.3,2496.2734375,79,0,23851008,205,7
1789388097.5245385,1289858,1289825,0.0,58.16015625,1,0,0,794,168
1789388097.5246007,1289861,1289825,0.0,12.89453125,1,0,0,18,1
1789388097.5246575,1289863,1289825,0.0,50.921875,1,0,0,179,25
1789388097.5247116,1289865,1289825,0.0,24.8203125,1,0,0,61,16
1789388097.5247638,1289867,1289825,0.0,12.9375,1,0,0,18,6
1789388098.5305884,1289825,1289823,123.2,2478.328125,79,0,23851008,205,7
1789388098.5306792,1289858,1289825,0.0,58.16015625,1,0,0,794,168
1789388098.530736,1289861,1289825,0.0,12.89453125,1,0,0,18,1
1789388098.530788,1289863,1289825,0.0,50.921875,1,0,0,179,25
1789388098.5308385,1289865,1289825,0.0,24.8203125,1,0,0,61,16
1789388098.5308907,1289867,1289825,0.0,12.9375,1,0,0,18,6
1789388099.540878,1289825,1289823,105.9,2478.40625,79,0,23851008,205,7
1789388099.5409675,1289858,1289825,0.0,58.16015625,1,0,0,794,168
1789388099.541024,1289861,1289825,0.0,12.89453125,1,0,0,18,1
1789388099.5410767,1289863,1289825,0.0,50.921875,1,0,0,179,25
1789388099.5411253,1289865,1289825,0.0,24.8203125,1,0,0,61,16
1789388099.541173,1289867,1289825,0.0,12.9375,1,0,0,18,6
1789388100.546958,1289825,1289823,112.3,2478.54296875,79,0,23851008,205,7
1789388100.5470474,1289858,1289825,0.0,58.16015625,1,0,0,794,168
1789388100.5471065,1289861,1289825,0.0,12.89453125,1,0,0,18,1
1789388100.5471582,1289863,1289825,0.0,50.921875,1,0,0,179,25
1789388100.5472095,1289865,1289825,0.0,24.8203125,1,0,0,61,16
1789388100.5472593,1289867,1289825,0.0,12.9375,1,0,0,18,6
1789388101.5534096,1289825,1289823,105.3,2478.54296875,79,0,23851008,205,7
1789388101.553504,1289858,1289825,0.0,58.16015625,1,0,0,794,168
1789388101.5535653,1289861,1289825,0.0,12.89453125,1,0,0,18,1
1789388101.5536206,1289863,1289825,0.0,50.921875,1,0,0,179,25
1789388101.5536737,1289865,1289825,0.0,24.8203125,1,0,0,61,16
1789388101.5537255,1289867,1289825,0.0,12.9375,1,0,0,18,6
1789388102.5598757,1289825,1289823,114.3,2478.54296875,79,0,23851008,205,7
1789388102.5599706,1289858,1289825,0.0,58.16015625,1,0,0,794,168
1789388102.5600312,1289861,1289825,0.0,12.89453125,1,0,0,18,1
1789388102.560086,1289863,1289825,0.0,50.921875,1,0,0,179,25
1789388102.5601394,1289865,1289825,0.0,24.8203125,1,0,0,61,16
1789388102.5601916,1289867,1289825,0.0,12.9375,1,0,0,18,6
1789388103.566239,1289825,1289823,107.3,2482.6015625,79,0,23851008,205,7
1789388103.5663323,1289858,1289825,0.0,58.16015625,1,0,0,794,168
1789388103.566393,1289861,1289825,0.0,12.89453125,1,0,0,18,1
1789388103.5664485,1289863,1289825,0.0,50.921875,1,0,0,179,25
1789388103.5665019,1289865,1289825,0.0,24.8203125,1,0,0,61,16
1789388103.566554,1289867,1289825,0.0,12.9375,1,0,0,18,6
1789388104.5725026,1289825,1289823,108.3,2484.73046875,79,0,23851008,205,7
1789388104.5725977,1289858,1289825,0.0,58.16015625,1,0,0,794,168
1789388104.572661,1289861,1289825,0.0,12.89453125,1,0,0,18,1
1789388104.5727167,1289863,1289825,0.0,50.921875,1,0,0,179,25
1789388104.572774,1289865,1289825,0.0,24.8203125,1,0,0,61,16
1789388104.5728266,1289867,1289825,0.0,12.9375,1,0,0,18,6
1789388105.578861,1289825,1289823,108.3,2490.78125,79,0,23851008,205,7
1789388105.578957,1289858,1289825,0.0,58.16015625,1,0,0,794,168
1789388105.5790179,1289861,1289825,0.0,12.89453125,1,0,0,18,1
1789388105.579077,1289863,1289825,0.0,50.921875,1,0,0,179,25
1789388105.5791345,1289865,1289825,0.0,24.8203125,1,0,0,61,16
1789388105.579188,1289867,1289825,0.0,12.9375,1,0,0,18,6
1789388106.5853698,1289825,1289823,106.3,2491.11328125,79,0,23851008,205,7
1789388106.5854714,1289858,1289825,0.0,58.16015625,1,0,0,794,168
1789388106.5855362,1289861,1289825,0.0,12.89453125,1,0,0,18,1
1789388106.585594,1289863,1289825,0.0,50.921875,1,0,0,179,25
1789388106.5856493,1289865,1289825,0.0,24.8203125,1,0,0,61,16
1789388106.5857027,1289867,1289825,0.0,12.9375,1,0,0,18,6
1789388107.5919664,1289825,1289823,108.3,2491.1171875,79,0,23851008,205,7
1789388107.5920594,1289858,1289825,0.0,58.16015625,1,0,0,794,168
1789388107.5921218,1289861,1289825,0.0,12.89453125,1,0,0,18,1
1789388107.5921779,1289863,1289825,0.0,50.921875,1,0,0,179,25
1789388107.592232,1289865,1289825,0.0,24.8203125,1,0,0,61,16
1789388107.5922852,1289867,1289825,0.0,12.9375,1,0,0,18,6
1789388108.5980346,1289825,1289823,115.3,2491.12109375,79,0,23851008,205,7
1789388108.598123,1289858,1289825,0.0,58.16015625,1,0,0,794,168
1789388108.5981805,1289861,1289825,0.0,12.89453125,1,0,0,18,1
1789388108.598233,1289863,1289825,0.0,50.921875,1,0,0,179,25
1789388108.5982811,1289865,1289825,0.0,24.8203125,1,0,0,61,16
1789388108.5983298,1289867,1289825,0.0,12.9375,1,0,0,18,6
1789388109.6044595,1289825,1289823,110.3,2523.99609375,79,0,23851008,205,7
1789388109.6045544,1289858,1289825,0.0,58.16015625,1,0,0,794,168
1789388109.6046154,1289861,1289825,0.0,12.89453125,1,0,0,18,1
1789388109.6046684,1289863,1289825,0.0,50.921875,1,0,0,179,25
1789388109.6047215,1289865,1289825,0.0,24.8203125,1,0,0,61,16
1789388109.6047726,1289867,1289825,0.0,12.9375,1,0,0,18,6
1789388110.611353,1289825,1289823,135.1,2524.3828125,79,0,139018240,205,7
1789388110.6114576,1289858,1289825,0.0,58.16015625,1,0,0,794,168
1789388110.611527,1289861,1289825,0.0,12.89453125,1,0,0,18,1
1789388110.6115913,1289863,1289825,0.0,50.921875,1,0,0,179,25
1789388110.6116517,1289865,1289825,0.0,24.8203125,1,0,0,61,16
1789388110.6117103,1289867,1289825,0.0,12.9375,1,0,0,18,6
1789388111.6179824,1289825,1289823,142.1,2529.8828125,79,0,146657280,206,7
1789388111.6180656,1289858,1289825,0.0,58.16015625,1,0,0,794,168
1789388111.618119,1289861,1289825,0.0,12.89453125,1,0,0,18,1
1789388111.6181664,1289863,1289825,0.0,50.921875,1,0,0,179,25
1789388111.618212,1289865,1289825,0.0,24.8203125,1,0,0,61,16
1789388111.6182575,1289867,1289825,46.7,67.265625,1,0,0,86,15
1789388112.623863,1289825,1289823,118.3,2529.8828125,79,0,146657280,206,7
1789388112.623949,1289858,1289825,0.0,58.16015625,1,0,0,794,168
1789388112.6240056,1289861,1289825,0.0,12.89453125,1,0,0,18,1
1789388112.624056,1289863,1289825,0.0,50.921875,1,0,0,179,25
1789388112.624106,1289865,1289825,0.0,24.8203125,1,0,0,61,16
1789388112.6241534,1289867,1289825,6.0,67.265625,1,0,0,89,16
1789388113.6309152,1289825,1289823,110.2,2529.9453125,79,0,146657280,206,7
1789388113.6310182,1289858,1289825,0.0,58.16015625,1,0,0,794,168
1789388113.6310875,1289861,1289825,0.0,12.89453125,1,0,0,18,1
1789388113.6311505,1289863,1289825,0.0,50.921875,1,0,0,179,25
1789388113.6312122,1289865,1289825,0.0,24.8203125,1,0,0,61,16
1789388113.6312728,1289867,1289825,0.0,67.265625,1,0,0,89,16
1789388114.6373522,1289825,1289823,106.3,2530.05078125,79,0,146657280,206,7
1789388114.6374495,1289858,1289825,0.0,58.16015625,1,0,0,794,168
1789388114.6375122,1289861,1289825,0.0,12.89453125,1,0,0,18,1
1789388114.6375709,1289863,1289825,0.0,50.921875,1,0,0,179,25
1789388114.637627,1289865,1289825,0.0,24.8203125,1,0,0,61,16
1789388114.63768,1289867,1289825,0.0,67.265625,1,0,0,89,16
1789388115.64401,1289825,1289823,106.3,2530.0546875,79,0,146657280,206,7
1789388115.6441028,1289858,1289825,0.0,58.16015625,1,0,0,794,168
1789388115.6441636,1289861,1289825,0.0,12.89453125,1,0,0,18,1
1789388115.6442184,1289863,1289825,0.0,50.921875,1,0,0,179,25
1789388115.6442711,1289865,1289825,0.0,24.8203125,1,0,0,61,16
1789388115.6443222,1289867,1289825,0.0,67.265625,1,0,0,89,16
1789388116.650541,1289825,1289823,117.2,2530.203125,79,0,153477120,207,7
1789388116.6506457,1289858,1289825,0.0,58.16015625,1,0,0,794,168
1789388116.6507149,1289861,1289825,9.9,29.7109375,1,0,0,33,1
1789388116.6507788,1289863,1289825,0.0,50.921875,1,0,0,179,25
1789388116.6508424,1289865,1289825,0.0,24.8203125,1,0,0,61,16
1789388116.6509023,1289867,1289825,0.0,67.265625,1,0,0,89,16
1789388117.6570425,1289825,1289823,138.1,2548.4765625,79,0,153477120,207,7
1789388117.657148,1289858,1289825,0.0,58.16015625,1,0,0,794,168
1789388117.6572163,1289861,1289825,57.6,90.5546875,1,0,0,103,18
1789388117.657278,1289863,1289825,0.0,50.921875,1,0,0,179,25
1789388117.6573386,1289865,1289825,0.0,24.8203125,1,0,0,61,16
1789388117.6573968,1289867,1289825,0.0,67.265625,1,0,0,89,16
1789388118.6639757,1289825,1289823,117.2,2574.28515625,79,0,153477120,207,7
1789388118.6640744,1289858,1289825,0.0,58.16015625,1,0,0,794,168
1789388118.6641424,1289861,1289825,5.0,90.5546875,1,0,0,107,19
1789388118.6642041,1289863,1289825,0.0,50.921875,1,0,0,179,25
1789388118.6642635,1289865,1289825,0.0,24.8203125,1,0,0,61,16
1789388118.6643214,1289867,1289825,0.0,67.265625,1,0,0,89,16
1789388119.670033,1289825,1289823,170.0,2581.9453125,79,0,153477120,207,7
1789388119.6701179,1289858,1289825,0.0,58.16015625,1,0,0,794,168
1789388119.6701732,1289861,1289825,0.0,90.5546875,1,0,0,107,19
1789388119.6702242,1289863,1289825,0.0,50.921875,1,0,0,179,25
1789388119.6702714,1289865,1289825,0.0,24.8203125,1,0,0,61,16
1789388119.6703188,1289867,1289825,0.0,67.265625,1,0,0,90,16
1789388120.6759872,1289825,1289823,121.3,2582.8828125,79,0,153477120,207,7
1789388120.676075,1289858,1289825,0.0,58.16015625,1,0,0,794,168
1789388120.6761317,1289861,1289825,0.0,90.5546875,1,0,0,107,19
1789388120.6761823,1289863,1289825,0.0,50.921875,1,0,0,179,25
1789388120.6762304,1289865,1289825,0.0,24.8203125,1,0,0,61,16
1789388120.6762779,1289867,1289825,0.0,67.265625,1,0,0,90,16
1789388121.6821296,1289825,1289823,104.4,2582.8828125,79,0,153477120,207,7
1789388121.6822174,1289858,1289825,0.0,58.16015625,1,0,0,794,168
1789388121.6822753,1289861,1289825,0.0,90.5546875,1,0,0,107,19
1789388121.6823258,1289863,1289825,0.0,50.921875,1,0,0,179,25
1789388121.682375,1289865,1289825,0.0,24.8203125,1,0,0,61,16
1789388121.6824243,1289867,1289825,0.0,67.265625,1,0,0,90,16
1789388122.6886468,1289825,1289823,108.3,2582.8828125,79,0,153477120,207,7
1789388122.6887462,1289858,1289825,0.0,58.16015625,1,0,0,794,168
1789388122.688811,1289861,1289825,0.0,90.5546875,1,0,0,107,19
1789388122.6888728,1289863,1289825,0.0,50.921875,1,0,0,179,25
1789388122.688934,1289865,1289825,0.0,24.8203125,1,0,0,61,16
1789388122.6889899,1289867,1289825,0.0,67.265625,1,0,0,90,16
1789388123.6949167,1289825,1289823,111.3,2582.8828125,79,0,153477120,207,7
1789388123.6950054,1289858,1289825,0.0,58.16015625,1,0,0,794,168
1789388123.6950634,1289861,1289825,0.0,90.5546875,1,0,0,107,19
1789388123.6951141,1289863,1289825,0.0,50.921875,1,0,0,179,25
1789388123.6951637,1289865,1289825,0.0,24.8203125,1,0,0,61,16
1789388123.695212,1289867,1289825,0.0,67.265625,1,0,0,90,16
1789388124.7079124,1289825,1289823,117.5,2594.80078125,79,0,153477120,207,7
1789388124.7080898,1289858,1289825,0.0,58.16015625,1,0,0,794,168
1789388124.708173,1289861,1289825,0.0,90.5546875,1,0,0,107,19
1789388124.708248,1289863,1289825,0.0,50.921875,1,0,0,179,25
1789388124.7083147,1289865,1289825,0.0,24.8203125,1,0,0,61,16
1789388124.7083786,1289867,1289825,0.0,67.265625,1,0,0,90,16
1789388125.7149818,1289825,1289823,114.2,2594.80078125,79,0,153477120,207,7
1789388125.7150874,1289858,1289825,0.0,58.16015625,1,0,0,794,168
1789388125.7151551,1289861,1289825,0.0,90.5546875,1,0,0,107,19
1789388125.7152162,1289863,1289825,0.0,50.921875,1,0,0,179,25
1789388125.7152758,1289865,1289825,0.0,24.8203125,1,0,0,61,16
1789388125.7153327,1289867,1289825,0.0,67.265625,1,0,0,90,16
1789388126.7222326,1289825,1289823,103.3,2594.80078125,79,0,153477120,207,7
1789388126.722344,1289858,1289825,0.0,58.16015625,1,0,0,794,168
1789388126.7224185,1289861,1289825,0.0,90.5546875,1,0,0,107,19
1789388126.7224863,1289863,1289825,0.0,50.921875,1,0,0,179,25
1789388126.7225485,1289865,1289825,0.0,24.8203125,1,0,0,61,16
1789388126.7226079,1289867,1289825,0.0,67.265625,1,0,0,90,16
1789388127.7294946,1289825,1289823,163.8,2606.27734375,79,0,153477120,207,7
1789388127.7296023,1289858,1289825,0.0,58.16015625,1,0,0,794,168
1789388127.729673,1289861,1289825,12.9,101.3359375,1,0,0,112,23
1789388127.7297351,1289863,1289825,0.0,50.921875,1,0,0,179,25
1789388127.7297995,1289865,1289825,0.0,24.8203125,1,0,0,61,16
1789388127.7298653,1289867,1289825,0.0,67.265625,1,0,0,90,16
1789388128.7366486,1289825,1289823,135.0,2606.28515625,79,0,153477120,207,7
1789388128.736757,1289858,1289825,0.0,58.16015625,1,0,0,794,168
1789388128.736825,1289861,1289825,34.8,101.39453125,1,0,0,116,36
1789388128.7368891,1289863,1289825,0.0,50.921875,1,0,0,179,25
1789388128.7369483,1289865,1289825,0.0,24.8203125,1,0,0,61,16
1789388128.7370064,1289867,1289825,0.0,67.265625,1,0,0,90,16
1789388129.7438083,1289825,1289823,110.2,2606.28515625,79,0,153477120,207,7
1789388129.74392,1289858,1289825,0.0,58.16015625,1,0,0,794,168
1789388129.7439892,1289861,1289825,0.0,101.39453125,1,0,0,116,36
1789388129.7440512,1289863,1289825,0.0,50.921875,1,0,0,179,25
1789388129.7441106,1289865,1289825,0.0,24.8203125,1,0,0,61,16
1789388129.744168,1289867,1289825,0.0,67.265625,1,0,0,90,16
1789388130.7511246,1289825,1289823,113.2,2606.375,79,0,153477120,207,7
1789388130.7512302,1289858,1289825,0.0,58.16015625,1,0,0,794,168
1789388130.751299,1289861,1289825,0.0,101.39453125,1,0,0,116,36
1789388130.7513595,1289863,1289825,0.0,50.921875,1,0,0,179,25
1789388130.7514212,1289865,1289825,0.0,24.8203125,1,0,0,61,16
1789388130.7514796,1289867,1289825,0.0,67.265625,1,0,0,90,16
1789388131.7587135,1289825,1289823,155.8,2631.5078125,79,0,153477120,207,7
1789388131.758823,1289858,1289825,0.0,58.16015625,1,0,0,794,168
1789388131.7588968,1289861,1289825,2.0,93.15625,1,0,0,118,38
1789388131.758963,1289863,1289825,0.0,50.921875,1,0,0,179,25
1789388131.7590277,1289865,1289825,0.0,24.8203125,1,0,0,61,16
1789388131.759093,1289867,1289825,0.0,67.265625,1,0,0,90,16
1789388132.765536,1289825,1289823,136.1,2631.5078125,79,0,153477120,207,7
1789388132.7656379,1289858,1289825,0.0,58.16015625,1,0,0,794,168
1789388132.765703,1289861,1289825,0.0,93.15625,1,0,0,118,38
1789388132.7657626,1289863,1289825,0.0,50.921875,1,0,0,179,25
1789388132.7658186,1289865,1289825,0.0,24.8203125,1,0,0,61,16
1789388132.765878,1289867,1289825,0.0,67.265625,1,0,0,90,16
1789388133.7725472,1289825,1289823,103.3,2631.5078125,79,0,153477120,207,7
1789388133.7726517,1289858,1289825,0.0,58.16015625,1,0,0,794,168
1789388133.772722,1289861,1289825,0.0,93.15625,1,0,0,118,38
1789388133.7727838,1289863,1289825,0.0,50.921875,1,0,0,179,25
1789388133.772845,1289865,1289825,0.0,24.8203125,1,0,0,61,16
1789388133.7729075,1289867,1289825,0.0,67.265625,1,0,0,90,16
1789388134.7789433,1289825,1289823,108.3,2631.5078125,79,0,153477120,207,7
1789388134.7790353,1289858,1289825,0.0,58.16015625,1,0,0,794,168
1789388134.779095,1289861,1289825,0.0,93.15625,1,0,0,118,38
1789388134.77915,1289863,1289825,0.0,50.921875,1,0,0,179,25
1789388134.779202,1289865,1289825,0.0,24.8203125,1,0,0,61,16
1789388134.7792513,1289867,1289825,0.0,67.265625,1,0,0,90,16
1789388135.7857463,1289825,1289823,104.3,2631.5078125,79,0,153477120,207,7
1789388135.785852,1289858,1289825,0.0,58.16015625,1,0,0,794,168
1789388135.7859192,1289861,1289825,0.0,93.15625,1,0,0,118,38
1789388135.7859817,1289863,1289825,0.0,50.921875,1,0,0,179,25
1789388135.78604,1289865,1289825,0.0,24.8203125,1,0,0,61,16
1789388135.786099,1289867,1289825,0.0,67.265625,1,0,0,90,16
1789388136.7951417,1289825,1289823,115.9,2632.41796875,79,0,153477120,207,7
1789388136.7952476,1289858,1289825,0.0,58.16015625,1,0,0,794,168
1789388136.7953188,1289861,1289825,0.0,93.15625,1,0,0,118,38
1789388136.7953815,1289863,1289825,0.0,50.921875,1,0,0,179,25
1789388136.7954423,1289865,1289825,0.0,24.8203125,1,0,0,61,16
1789388136.795504,1289867,1289825,0.0,67.265625,1,0,0,90,16
1789388137.803253,1289825,1289823,114.1,2632.41796875,79,0,153477120,207,7
1789388137.8033724,1289858,1289825,0.0,58.16015625,1,0,0,794,168
1789388137.8034542,1289861,1289825,0.0,93.15625,1,0,0,118,38
1789388137.803526,1289863,1289825,0.0,50.921875,1,0,0,179,25
1789388137.8035948,1289865,1289825,0.0,24.8203125,1,0,0,61,16
1789388137.8036623,1289867,1289825,0.0,67.265625,1,0,0,90,16
1789388138.8117256,1289825,1289823,106.1,2632.41796875,79,0,153477120,207,7
1789388138.81186,1289858,1289825,0.0,58.16015625,1,0,0,794,168
1789388138.8119495,1289861,1289825,0.0,93.15625,1,0,0,118,38
1789388138.8120315,1289863,1289825,0.0,50.921875,1,0,0,179,25
1789388138.8121092,1289865,1289825,0.0,24.8203125,1,0,0,61,16
1789388138.8121855,1289867,1289825,0.0,67.265625,1,0,0,90,16
1789388139.8208725,1289825,1289823,104.0,2632.4453125,79,0,153477120,207,7
1789388139.82101,1289858,1289825,0.0,58.16015625,1,0,0,794,168
1789388139.8211088,1289861,1289825,0.0,93.15625,1,0,0,118,38
1789388139.8211954,1289863,1289825,0.0,50.921875,1,0,0,179,25
1789388139.8212786,1289865,1289825,0.0,24.8203125,1,0,0,61,16
1789388139.8213603,1289867,1289825,0.0,67.265625,1,0,0,90,16
1789388140.8307238,1289825,1289823,105.0,2632.4453125,79,0,153477120,207,7
1789388140.8308482,1289858,1289825,0.0,58.16015625,1,0,0,794,168
1789388140.830937,1289861,1289825,0.0,93.15625,1,0,0,118,38
1789388140.8310142,1289863,1289825,0.0,50.921875,1,0,0,179,25
1789388140.8310885,1289865,1289825,0.0,24.8203125,1,0,0,61,16
1789388140.8311586,1289867,1289825,0.0,67.265625,1,0,0,90,16
1789388141.839361,1289825,1289823,103.1,2632.4453125,79,0,153477120,207,7
1789388141.8394883,1289858,1289825,0.0,58.16015625,1,0,0,794,168
1789388141.839576,1289861,1289825,0.0,93.15625,1,0,0,118,38
1789388141.8396564,1289863,1289825,0.0,50.921875,1,0,0,179,25
1789388141.8397346,1289865,1289825,0.0,24.8203125,1,0,0,61,16
1789388141.8398104,1289867,1289825,0.0,67.265625,1,0,0,90,16
1789388142.8476298,1289825,1289823,105.1,2632.4453125,79,0,153477120,207,7
1789388142.847755,1289858,1289825,0.0,58.16015625,1,0,0,794,168
1789388142.847841,1289861,1289825,0.0,93.15625,1,0,0,118,38
1789388142.8479197,1289863,1289825,0.0,50.921875,1,0,0,179,25
1789388142.8479903,1289865,1289825,0.0,24.8203125,1,0,0,61,16
1789388142.8480592,1289867,1289825,0.0,67.265625,1,0,0,90,16
1789388143.8561068,1289825,1289823,105.1,2632.4453125,79,0,153477120,207,7
1789388143.8562374,1289858,1289825,0.0,58.16015625,1,0,0,794,168
1789388143.8563244,1289861,1289825,0.0,93.15625,1,0,0,118,38
1789388143.856405,1289863,1289825,0.0,50.921875,1,0,0,179,25
1789388143.856481,1289865,1289825,0.0,24.8203125,1,0,0,61,16
1789388143.856555,1289867,1289825,0.0,67.265625,1,0,0,90,16
1789388144.8655436,1289825,1289823,105.0,2632.4453125,79,0,153477120,207,7
1789388144.8656924,1289858,1289825,0.0,58.16015625,1,0,0,794,168
1789388144.865793,1289861,1289825,0.0,93.15625,1,0,0,118,38
1789388144.865887,1289863,1289825,0.0,50.921875,1,0,0,179,25
1789388144.8659728,1289865,1289825,0.0,24.8203125,1,0,0,61,16
1789388144.8660583,1289867,1289825,0.0,67.265625,1,0,0,90,16
1789388145.8759837,1289825,1289823,104.9,2632.4453125,79,0,153477120,207,7
1789388145.8761387,1289858,1289825,0.0,58.16015625,1,0,0,794,168
1789388145.8762462,1289861,1289825,0.0,93.15625,1,0,0,118,38
1789388145.8763416,1289863,1289825,0.0,50.921875,1,0,0,179,25
1789388145.8764384,1289865,1289825,0.0,24.8203125,1,0,0,61,16
1789388145.876531,1289867,1289825,0.0,67.265625,1,0,0,90,16
1789388146.8848352,1289825,1289823,108.0,2632.4453125,79,0,153477120,207,7
1789388146.884979,1289858,1289825,0.0,58.16015625,1,0,0,794,168
1789388146.8850722,1289861,1289825,0.0,93.15625,1,0,0,118,38
1789388146.8851528,1289863,1289825,0.0,50.921875,1,0,0,179,25
1789388146.88523,1289865,1289825,0.0,24.8203125,1,0,0,61,16
1789388146.8853052,1289867,1289825,0.0,67.265625,1,0,0,90,16
1789388147.8927028,1289825,1289823,114.1,2632.4453125,79,0,153477120,207,7
1789388147.892816,1289858,1289825,0.0,58.16015625,1,0,0,794,168
1789388147.892898,1289861,1289825,0.0,93.15625,1,0,0,118,38
1789388147.892969,1289863,1289825,0.0,50.921875,1,0,0,179,25
1789388147.8930373,1289865,1289825,0.0,24.8203125,1,0,0,61,16
1789388147.8931012,1289867,1289825,0.0,67.265625,1,0,0,90,16
1789388148.900096,1289825,1289823,136.0,2638.5625,79,0,165388288,208,7
1789388148.900205,1289858,1289825,0.0,58.16015625,1,0,0,794,168
1789388148.9002767,1289861,1289825,0.0,93.15625,1,0,0,118,38
1789388148.9003406,1289863,1289825,44.7,65.88671875,1,0,0,238,31
1789388148.9004037,1289865,1289825,0.0,24.8203125,1,0,0,61,16
1789388148.9004638,1289867,1289825,0.0,67.265625,1,0,0,90,16
1789388149.9072165,1289825,1289823,138.0,2638.5625,79,0,165388288,208,7
1789388149.907325,1289858,1289825,0.0,58.16015625,1,0,0,794,168
1789388149.907393,1289861,1289825,0.0,93.15625,1,0,0,118,38
1789388149.9074528,1289863,1289825,97.3,89.3203125,1,0,0,245,39
1789388149.907512,1289865,1289825,0.0,24.8203125,1,0,0,61,16
1789388149.9075687,1289867,1289825,0.0,67.265625,1,0,0,90,16
1789388150.9150379,1289825,1289823,134.9,2642.63671875,79,0,165388288,208,7
1789388150.915158,1289858,1289825,0.0,58.16015625,1,0,0,794,168
1789388150.9152405,1289861,1289825,0.0,93.15625,1,0,0,118,38
1789388150.9153144,1289863,1289825,71.4,75.05078125,1,0,0,250,42
1789388150.9153874,1289865,1289825,0.0,24.8203125,1,0,0,61,16
1789388150.9154541,1289867,1289825,0.0,67.265625,1,0,0,90,16
1789388151.9234514,1289825,1289823,163.6,2642.63671875,79,0,165388288,208,7
1789388151.923577,1289858,1289825,0.0,58.16015625,1,0,0,794,168
1789388151.9236631,1289861,1289825,0.0,93.15625,1,0,0,118,38
1789388151.923741,1289863,1289825,0.0,75.05078125,1,0,0,250,42
1789388151.9238155,1289865,1289825,0.0,24.8203125,1,0,0,61,16
1789388151.9238904,1289867,1289825,0.0,67.265625,1,0,0,90,16
1789388152.9335148,1289825,1289823,170.3,2642.63671875,79,0,165388288,208,7
1789388152.933649,1289858,1289825,0.0,58.16015625,1,0,0,794,168
1789388152.9337409,1289861,1289825,0.0,93.15625,1,0,0,118,38
1789388152.933825,1289863,1289825,0.0,75.05078125,1,0,0,250,42
1789388152.9339075,1289865,1289825,0.0,24.8203125,1,0,0,61,16
1789388152.9339845,1289867,1289825,0.0,67.265625,1,0,0,90,16
1789388153.9426904,1289825,1289823,179.4,2642.63671875,79,0,165388288,208,7
1789388153.9428258,1289858,1289825,0.0,58.16015625,1,0,0,794,168
1789388153.9429235,1289861,1289825,0.0,93.15625,1,0,0,118,38
1789388153.943008,1289863,1289825,0.0,75.05078125,1,0,0,250,42
1789388153.94309,1289865,1289825,0.0,24.8203125,1,0,0,61,16
1789388153.9431708,1289867,1289825,0.0,67.265625,1,0,0,90,16
1789388154.9517138,1289825,1289823,173.4,2642.63671875,79,0,165388288,208,7
1789388154.9518485,1289858,1289825,0.0,58.16015625,1,0,0,794,168
1789388154.9519463,1289861,1289825,0.0,93.15625,1,0,0,118,38
1789388154.95203,1289863,1289825,0.0,75.05078125,1,0,0,250,42
1789388154.952113,1289865,1289825,0.0,24.8203125,1,0,0,61,16
1789388154.952192,1289867,1289825,0.0,67.265625,1,0,0,90,16
1789388155.9611886,1289825,1289823,174.3,2642.63671875,79,0,165388288,208,7
1789388155.961332,1289858,1289825,0.0,58.16015625,1,0,0,794,168
1789388155.9614298,1289861,1289825,0.0,93.15625,1,0,0,118,38
1789388155.961518,1289863,1289825,0.0,75.05078125,1,0,0,250,42
1789388155.9616036,1289865,1289825,0.0,24.8203125,1,0,0,61,16
1789388155.9616857,1289867,1289825,0.0,67.265625,1,0,0,90,16
1789388156.969413,1289825,1289823,167.6,2642.63671875,79,0,165388288,208,7
1789388156.969536,1289858,1289825,0.0,58.16015625,1,0,0,794,168
1789388156.9696217,1289861,1289825,0.0,93.15625,1,0,0,118,38
1789388156.969695,1289863,1289825,0.0,75.05078125,1,0,0,250,42
1789388156.9697654,1289865,1289825,0.0,24.8203125,1,0,0,61,16
1789388156.9698346,1289867,1289825,0.0,67.265625,1,0,0,90,16
1789388157.977392,1289825,1289823,173.6,2642.63671875,79,0,165388288,208,7
1789388157.9775047,1289858,1289825,0.0,58.16015625,1,0,0,794,168
1789388157.9775815,1289861,1289825,0.0,93.15625,1,0,0,118,38
1789388157.977651,1289863,1289825,0.0,75.05078125,1,0,0,250,42
1789388157.977718,1289865,1289825,0.0,24.8203125,1,0,0,61,16
1789388157.9777832,1289867,1289825,0.0,67.265625,1,0,0,90,16
1789388158.9858048,1289825,1289823,174.5,2642.63671875,79,0,165388288,208,7
1789388158.9859333,1289858,1289825,0.0,58.16015625,1,0,0,794,168
1789388158.986017,1289861,1289825,0.0,93.15625,1,0,0,118,38
1789388158.9860902,1289863,1289825,0.0,75.05078125,1,0,0,250,42
1789388158.9861627,1289865,1289825,0.0,24.8203125,1,0,0,61,16
1789388158.9862356,1289867,1289825,0.0,67.265625,1,0,0,90,16
1789388159.9952261,1289825,1289823,174.4,2642.63671875,79,0,165388288,208,7
1789388159.9953701,1289858,1289825,0.0,58.16015625,1,0,0,794,168
1789388159.9954696,1289861,1289825,0.0,93.15625,1,0,0,118,38
1789388159.9955556,1289863,1289825,0.0,75.05078125,1,0,0,250,42
1789388159.9956403,1289865,1289825,0.0,24.8203125,1,0,0,61,16
1789388159.995721,1289867,1289825,0.0,67.265625,1,0,0,90,16
1789388161.0056624,1289825,1289823,174.2,2642.63671875,79,0,165388288,208,7
1789388161.0058239,1289858,1289825,0.0,58.16015625,1,0,0,794,168
1789388161.0059402,1289861,1289825,0.0,93.15625,1,0,0,118,38
1789388161.0060406,1289863,1289825,0.0,75.05078125,1,0,0,250,42
1789388161.0061412,1289865,1289825,0.0,24.8203125,1,0,0,61,16
1789388161.0062382,1289867,1289825,0.0,67.265625,1,0,0,90,16
1789388162.015815,1289825,1289823,158.4,2642.63671875,79,0,165388288,208,7
1789388162.0159767,1289858,1289825,0.0,58.16015625,1,0,0,794,168
1789388162.0160842,1289861,1289825,0.0,93.15625,1,0,0,118,38
1789388162.0161808,1289863,1289825,0.0,75.05078125,1,0,0,250,42
1789388162.016275,1289865,1289825,0.0,24.8203125,1,0,0,61,16
1789388162.0163643,1289867,1289825,0.0,67.265625,1,0,0,90,16
1789388163.0245333,1289825,1289823,104.1,2642.63671875,79,0,165388288,208,7
1789388163.0246623,1289858,1289825,0.0,58.16015625,1,0,0,794,168
1789388163.0247486,1289861,1289825,0.0,93.15625,1,0,0,118,38
1789388163.0248256,1289863,1289825,0.0,75.05078125,1,0,0,250,42
1789388163.0249047,1289865,1289825,0.0,24.8203125,1,0,0,61,16
1789388163.0249784,1289867,1289825,0.0,67.265625,1,0,0,90,16
1789388164.033013,1289825,1289823,111.1,2642.63671875,79,0,165388288,208,7
1789388164.0331285,1289858,1289825,0.0,58.16015625,1,0,0,794,168
1789388164.0332093,1289861,1289825,0.0,93.15625,1,0,0,118,38
1789388164.0332782,1289863,1289825,0.0,75.05078125,1,0,0,250,42
1789388164.0333452,1289865,1289825,0.0,24.8203125,1,0,0,61,16
1789388164.0334115,1289867,1289825,0.0,67.265625,1,0,0,90,16
1789388165.0405552,1289825,1289823,113.1,2642.63671875,79,0,165388288,208,7
1789388165.040682,1289858,1289825,0.0,58.16015625,1,0,0,794,168
1789388165.0407696,1289861,1289825,0.0,93.15625,1,0,0,118,38
1789388165.0408387,1289863,1289825,0.0,75.05078125,1,0,0,250,42
1789388165.0409083,1289865,1289825,0.0,24.8203125,1,0,0,61,16
1789388165.0409703,1289867,1289825,0.0,67.265625,1,0,0,90,16
1789388166.0481918,1289825,1289823,121.1,2642.63671875,79,0,165388288,208,7
1789388166.0483043,1289858,1289825,0.0,58.16015625,1,0,0,794,168
1789388166.0483794,1289861,1289825,0.0,93.15625,1,0,0,118,38
1789388166.0485117,1289863,1289825,0.0,75.05078125,1,0,0,250,42
1789388166.048599,1289865,1289825,0.0,24.8203125,1,0,0,61,16
1789388166.048665,1289867,1289825,0.0,67.265625,1,0,0,90,16
1789388167.0565488,1289825,1289823,117.0,2642.63671875,79,0,165388288,208,7
1789388167.0566993,1289858,1289825,0.0,58.16015625,1,0,0,794,168
1789388167.056827,1289861,1289825,0.0,93.15625,1,0,0,118,38
1789388167.05695,1289863,1289825,1.0,22.65234375,1,0,0,251,42
1789388167.0570695,1289865,1289825,0.0,24.8203125,1,0,0,61,16
1789388167.0571837,1289867,1289825,0.0,67.265625,1,0,0,90,16
1789388168.065696,1289825,1289823,128.8,2642.63671875,79,0,165388288,208,7
1789388168.0658271,1289858,1289825,0.0,58.16015625,1,0,0,794,168
1789388168.0659223,1289861,1289825,0.0,93.15625,1,0,0,118,38
1789388168.0660026,1289863,1289825,0.0,22.65234375,1,0,0,251,42
1789388168.0660813,1289865,1289825,0.0,24.8203125,1,0,0,61,16
1789388168.0661566,1289867,1289825,0.0,67.265625,1,0,0,90,16
1789388169.0747979,1289825,1289823,115.0,2642.63671875,79,0,165388288,208,7
1789388169.0749452,1289858,1289825,0.0,58.16015625,1,0,0,794,168
1789388169.075042,1289861,1289825,0.0,93.15625,1,0,0,118,38
1789388169.0751271,1289863,1289825,0.0,22.65234375,1,0,0,251,42
1789388169.0752206,1289865,1289825,0.0,24.8203125,1,0,0,61,16
1789388169.0753033,1289867,1289825,0.0,67.265625,1,0,0,90,16
1789388170.0847216,1289825,1289823,138.6,2642.63671875,79,0,165388288,208,7
1789388170.0848749,1289858,1289825,0.0,58.16015625,1,0,0,794,168
1789388170.0849748,1289861,1289825,0.0,93.15625,1,0,0,118,38
1789388170.0850644,1289863,1289825,0.0,22.65234375,1,0,0,251,42
1789388170.0851495,1289865,1289825,0.0,24.8203125,1,0,0,61,16
1789388170.0852308,1289867,1289825,0.0,67.265625,1,0,0,90,16
1789388171.093224,1289825,1289823,120.0,2642.63671875,79,0,165388288,208,7
1789388171.0933535,1289858,1289825,0.0,58.16015625,1,0,0,794,168
1789388171.0934389,1289861,1289825,0.0,93.15625,1,0,0,118,38
1789388171.093515,1289863,1289825,0.0,22.65234375,1,0,0,251,42
1789388171.0935886,1289865,1289825,0.0,24.8203125,1,0,0,61,16
1789388171.093658,1289867,1289825,0.0,67.265625,1,0,0,90,16
1789388172.1013594,1289825,1289823,113.1,2642.63671875,79,0,165388288,208,7
1789388172.1014934,1289858,1289825,0.0,58.16015625,1,0,0,794,168
1789388172.1015747,1289861,1289825,0.0,93.15625,1,0,0,118,38
1789388172.1016436,1289863,1289825,0.0,22.65234375,1,0,0,251,42
1789388172.101711,1289865,1289825,0.0,24.8203125,1,0,0,61,16
1789388172.1017773,1289867,1289825,0.0,67.265625,1,0,0,90,16
1789388173.1086643,1289825,1289823,114.2,2642.63671875,79,0,165388288,208,7
1789388173.1087732,1289858,1289825,0.0,58.16015625,1,0,0,794,168
1789388173.108845,1289861,1289825,0.0,93.15625,1,0,0,118,38
1789388173.1089149,1289863,1289825,0.0,22.65234375,1,0,0,251,42
1789388173.1089764,1289865,1289825,0.0,24.8203125,1,0,0,61,16
1789388173.1090372,1289867,1289825,0.0,67.265625,1,0,0,90,16
1789388174.115896,1289825,1289823,115.2,2642.63671875,79,0,165388288,208,7
1789388174.1160066,1289858,1289825,0.0,58.16015625,1,0,0,794,168
1789388174.116081,1289861,1289825,0.0,93.15625,1,0,0,118,38
1789388174.116142,1289863,1289825,0.0,22.65234375,1,0,0,251,42
1789388174.1162148,1289865,1289825,0.0,24.8203125,1,0,0,61,16
1789388174.116276,1289867,1289825,0.0,67.265625,1,0,0,90,16
1789388175.123891,1289825,1289823,106.2,2642.63671875,79,0,165388288,208,7
1789388175.124011,1289858,1289825,0.0,58.16015625,1,0,0,794,168
1789388175.1240919,1289861,1289825,0.0,93.15625,1,0,0,118,38
1789388175.1241667,1289863,1289825,0.0,22.65234375,1,0,0,251,42
1789388175.1242392,1289865,1289825,0.0,24.8203125,1,0,0,61,16
1789388175.1243064,1289867,1289825,0.0,67.265625,1,0,0,90,16
1789388176.132451,1289825,1289823,104.1,2642.63671875,79,0,165388288,208,7
1789388176.1325755,1289858,1289825,0.0,58.16015625,1,0,0,794,168
1789388176.1326604,1289861,1289825,0.0,93.15625,1,0,0,118,38
1789388176.1327362,1289863,1289825,0.0,22.65234375,1,0,0,251,42
1789388176.1328053,1289865,1289825,0.0,24.8203125,1,0,0,61,16
1789388176.1328847,1289867,1289825,0.0,67.265625,1,0,0,90,16
1789388177.1412542,1289825,1289823,118.0,2642.63671875,79,0,165388288,208,7
1789388177.1413896,1289858,1289825,0.0,58.16015625,1,0,0,794,168
1789388177.1414816,1289861,1289825,0.0,93.15625,1,0,0,118,38
1789388177.1415658,1289863,1289825,0.0,22.65234375,1,0,0,251,42
1789388177.141644,1289865,1289825,0.0,24.8203125,1,0,0,61,16
1789388177.1417212,1289867,1289825,0.0,67.265625,1,0,0,90,16
1789388178.1504238,1289825,1289823,105.0,2642.63671875,79,0,165388288,208,7
1789388178.150557,1289858,1289825,0.0,58.16015625,1,0,0,794,168
1789388178.1506464,1289861,1289825,0.0,93.15625,1,0,0,118,38
1789388178.1507273,1289863,1289825,0.0,22.65234375,1,0,0,251,42
1789388178.1508043,1289865,1289825,0.0,24.8203125,1,0,0,61,16
1789388178.1510782,1289867,1289825,0.0,67.265625,1,0,0,90,16
1789388179.158523,1289825,1289823,104.2,2642.63671875,79,0,165388288,208,7
1789388179.1586409,1289858,1289825,0.0,58.16015625,1,0,0,794,168
1789388179.1587207,1289861,1289825,0.0,93.15625,1,0,0,118,38
1789388179.1587994,1289863,1289825,0.0,22.65234375,1,0,0,251,42
1789388179.1588805,1289865,1289825,0.0,24.8203125,1,0,0,61,16
1789388179.1589453,1289867,1289825,0.0,67.265625,1,0,0,90,16
1789388180.166456,1289825,1289823,105.2,2642.63671875,79,0,165388288,208,7
1789388180.1665714,1289858,1289825,0.0,58.16015625,1,0,0,794,168
1789388180.1666496,1289861,1289825,0.0,93.15625,1,0,0,118,38
1789388180.1667187,1289863,1289825,0.0,22.65234375,1,0,0,251,42
1789388180.166787,1289865,1289825,0.0,24.8203125,1,0,0,61,16
1789388180.1668556,1289867,1289825,0.0,67.265625,1,0,0,90,16
1789388181.1747944,1289825,1289823,118.0,2642.63671875,79,0,165388288,208,7
1789388181.1749277,1289858,1289825,0.0,58.16015625,1,0,0,794,168
1789388181.1750154,1289861,1289825,0.0,93.15625,1,0,0,118,38
1789388181.175093,1289863,1289825,0.0,22.65234375,1,0,0,251,42
1789388181.1751673,1289865,1289825,0.0,24.8203125,1,0,0,61,16
1789388181.1752408,1289867,1289825,0.0,67.265625,1,0,0,90,16
1789388182.1841912,1289825,1289823,107.0,2642.63671875,79,0,165388288,208,7
1789388182.184334,1289858,1289825,0.0,58.16015625,1,0,0,794,168
1789388182.1844327,1289861,1289825,0.0,93.15625,1,0,0,118,38
1789388182.184519,1289863,1289825,0.0,22.65234375,1,0,0,251,42
1789388182.1846018,1289865,1289825,0.0,24.8203125,1,0,0,61,16
1789388182.1846848,1289867,1289825,0.0,67.265625,1,0,0,90,16
1789388183.1946738,1289825,1289823,112.8,2642.63671875,79,0,165388288,208,7
1789388183.1948383,1289858,1289825,0.0,58.16015625,1,0,0,794,168
1789388183.1949575,1289861,1289825,0.0,93.15625,1,0,0,118,38
1789388183.19506,1289863,1289825,0.0,22.65234375,1,0,0,251,42
1789388183.1951578,1289865,1289825,0.0,24.8203125,1,0,0,61,16
1789388183.1952522,1289867,1289825,0.0,67.265625,1,0,0,90,16
1789388184.2053406,1289825,1289823,111.8,2642.63671875,79,0,165388288,208,7
1789388184.2054994,1289858,1289825,0.0,58.16015625,1,0,0,794,168
1789388184.20561,1289861,1289825,0.0,93.15625,1,0,0,118,38
1789388184.205711,1289863,1289825,0.0,22.65234375,1,0,0,251,42
1789388184.2058063,1289865,1289825,0.0,24.8203125,1,0,0,61,16
1789388184.2059073,1289867,1289825,0.0,67.265625,1,0,0,90,16
1789388185.214637,1289825,1289823,130.8,2642.63671875,79,0,165388288,208,7
1789388185.2147784,1289858,1289825,0.0,58.16015625,1,0,0,794,168
1789388185.2148783,1289861,1289825,0.0,93.15625,1,0,0,118,38
1789388185.2149642,1289863,1289825,0.0,22.65234375,1,0,0,251,42
1789388185.215047,1289865,1289825,0.0,24.8203125,1,0,0,61,16
1789388185.2151291,1289867,1289825,0.0,67.265625,1,0,0,90,16
1789388186.2229605,1289825,1289823,194.4,2642.71484375,79,0,182222848,209,7
1789388186.2230868,1289858,1289825,0.0,58.16015625,1,0,0,794,168
1789388186.2231712,1289861,1289825,0.0,93.15625,1,0,0,118,38
1789388186.2232475,1289863,1289825,0.0,22.65234375,1,0,0,251,42
1789388186.2233202,1289865,1289825,62.5,55.34375,1,0,0,141,48
1789388186.2233913,1289867,1289825,0.0,67.265625,1,0,0,90,16
1789388187.2305045,1289825,1289823,135.0,2643.69921875,79,0,182222848,209,7
1789388187.2306154,1289858,1289825,0.0,58.16015625,1,0,0,794,168
1789388187.230688,1289861,1289825,0.0,93.15625,1,0,0,118,38
1789388187.230755,1289863,1289825,0.0,22.65234375,1,0,0,251,42
1789388187.2308176,1289865,1289825,10.9,55.34375,1,0,0,147,79
1789388187.2308824,1289867,1289825,0.0,67.265625,1,0,0,90,16
1789388188.2379837,1289825,1289823,142.9,2643.69921875,79,0,182222848,209,7
1789388188.238095,1289858,1289825,0.0,58.16015625,1,0,0,794,168
1789388188.23817,1289861,1289825,0.0,93.15625,1,0,0,118,38
1789388188.238239,1289863,1289825,0.0,22.65234375,1,0,0,251,42
1789388188.2383046,1289865,1289825,6.0,55.34375,1,0,0,153,86
1789388188.2383678,1289867,1289825,0.0,67.265625,1,0,0,90,16
1789388189.245908,1289825,1289823,118.1,2643.69921875,79,0,182222848,209,7
1789388189.2460296,1289858,1289825,0.0,58.16015625,1,0,0,794,168
1789388189.246113,1289861,1289825,0.0,93.15625,1,0,0,118,38
1789388189.2461903,1289863,1289825,0.0,22.65234375,1,0,0,251,42
1789388189.2462635,1289865,1289825,0.0,55.34375,1,0,0,153,86
1789388189.246352,1289867,1289825,0.0,67.265625,1,0,0,90,16
1789388190.2594929,1289825,1289823,114.4,2643.91796875,79,0,182222848,209,7
1789388190.2596812,1289858,1289825,0.0,58.16015625,1,0,0,794,168
1789388190.2598255,1289861,1289825,0.0,93.15625,1,0,0,118,38
1789388190.25997,1289863,1289825,0.0,22.65234375,1,0,0,251,42
1789388190.260106,1289865,1289825,0.0,55.34375,1,0,0,153,86
1789388190.2602396,1289867,1289825,0.0,67.265625,1,0,0,90,16
1789388191.2690322,1289825,1289823,127.8,2643.91796875,79,0,192942080,210,7
1789388191.2691634,1289858,1289825,7.9,69.6484375,1,0,0,803,175
1789388191.2692525,1289861,1289825,0.0,93.15625,1,0,0,118,38
1789388191.2693353,1289863,1289825,0.0,22.65234375,1,0,0,251,42
1789388191.2694159,1289865,1289825,0.0,55.34375,1,0,0,153,86
1789388191.269496,1289867,1289825,0.0,67.265625,1,0,0,90,16
1789388192.2783496,1289825,1289823,110.0,2643.91796875,79,0,192942080,210,7
1789388192.2784696,1289858,1289825,0.0,69.6484375,1,0,0,803,175
1789388192.2785518,1289861,1289825,0.0,93.15625,1,0,0,118,38
1789388192.2786255,1289863,1289825,0.0,22.65234375,1,0,0,251,42
1789388192.2786968,1289865,1289825,0.0,55.34375,1,0,0,153,86
1789388192.2787664,1289867,1289825,0.0,67.265625,1,0,0,90,16
1789388193.2858105,1289825,1289823,112.2,2643.91796875,79,0,192942080,210,7
1789388193.2859223,1289858,1289825,0.0,69.6484375,1,0,0,803,175
1789388193.285995,1289861,1289825,0.0,93.15625,1,0,0,118,38
1789388193.2860584,1289863,1289825,0.0,22.65234375,1,0,0,251,42
1789388193.2861207,1289865,1289825,0.0,55.34375,1,0,0,153,86
1789388193.2861795,1289867,1289825,0.0,67.265625,1,0,0,90,16
1789388194.2931507,1289825,1289823,111.2,2643.91796875,79,0,192942080,210,7
1789388194.293258,1289858,1289825,0.0,69.6484375,1,0,0,803,175
1789388194.2933478,1289861,1289825,0.0,93.15625,1,0,0,118,38
1789388194.2934701,1289863,1289825,0.0,22.65234375,1,0,0,251,42
1789388194.2935667,1289865,1289825,0.0,55.34375,1,0,0,153,86
1789388194.293661,1289867,1289825,0.0,67.265625,1,0,0,90,16
1789388195.3015532,1289825,1289823,104.1,2643.91796875,79,0,192942080,210,7
1789388195.3016756,1289858,1289825,0.0,69.6484375,1,0,0,803,175
1789388195.30176,1289861,1289825,0.0,93.15625,1,0,0,118,38
1789388195.3018324,1289863,1289825,0.0,22.65234375,1,0,0,251,42
1789388195.3019066,1289865,1289825,0.0,55.34375,1,0,0,153,86
1789388195.3019748,1289867,1289825,0.0,67.265625,1,0,0,90,16
1789388196.3106294,1289825,1289823,116.9,2643.91796875,79,0,192942080,210,7
1789388196.3107648,1289858,1289825,0.0,69.6484375,1,0,0,803,175
1789388196.3108625,1289861,1289825,0.0,93.15625,1,0,0,118,38
1789388196.310944,1289863,1289825,0.0,22.65234375,1,0,0,251,42
1789388196.3110213,1289865,1289825,2.0,55.34375,1,0,0,154,86
1789388196.3110955,1289867,1289825,0.0,67.265625,1,0,0,90,16
1789388197.320483,1289825,1289823,105.0,2643.91796875,79,0,192942080,210,7
1789388197.320638,1289858,1289825,0.0,69.6484375,1,0,0,803,175
1789388197.3207426,1289861,1289825,0.0,93.15625,1,0,0,118,38
1789388197.320835,1289863,1289825,0.0,22.65234375,1,0,0,251,42
1789388197.320936,1289865,1289825,0.0,55.34375,1,0,0,154,86
1789388197.3210273,1289867,1289825,0.0,67.265625,1,0,0,90,16
1789388198.3325636,1289825,1289823,107.7,2643.91796875,79,0,192942080,210,7
1789388198.332713,1289858,1289825,0.0,69.6484375,1,0,0,803,175
1789388198.3328152,1289861,1289825,0.0,93.15625,1,0,0,118,38
1789388198.3329117,1289863,1289825,0.0,22.65234375,1,0,0,251,42
1789388198.3330016,1289865,1289825,0.0,55.34375,1,0,0,154,86
1789388198.3331096,1289867,1289825,0.0,67.265625,1,0,0,90,16
1789388199.3410506,1289825,1289823,145.8,2643.91796875,79,0,192942080,210,7
1789388199.341177,1289858,1289825,0.0,69.6484375,1,0,0,803,175
1789388199.3412635,1289861,1289825,0.0,93.15625,1,0,0,118,38
1789388199.3413422,1289863,1289825,0.0,22.65234375,1,0,0,251,42
1789388199.341425,1289865,1289825,5.0,55.34375,1,0,0,157,92
1789388199.341499,1289867,1289825,0.0,67.265625,1,0,0,90,16
1789388200.3484416,1289825,1289823,128.1,2643.91796875,79,0,192942080,210,7
1789388200.348547,1289858,1289825,0.0,69.6484375,1,0,0,803,175
1789388200.348617,1289861,1289825,0.0,93.15625,1,0,0,118,38
1789388200.34868,1289863,1289825,0.0,22.65234375,1,0,0,251,42
1789388200.3487406,1289865,1289825,0.0,55.34375,1,0,0,157,92
1789388200.3488014,1289867,1289825,0.0,67.265625,1,0,0,90,16
1789388201.3567643,1289825,1289823,125.0,2643.92578125,79,0,192942080,210,7
1789388201.3568597,1289858,1289825,0.0,69.6484375,1,0,0,803,175
1789388201.356922,1289861,1289825,0.0,93.15625,1,0,0,118,38
1789388201.3569787,1289863,1289825,0.0,22.65234375,1,0,0,251,42
1789388201.3570342,1289865,1289825,16.9,73.4765625,1,0,0,160,109
1789388201.357087,1289867,1289825,0.0,67.265625,1,0,0,90,16
1789388202.3641472,1289825,1289823,182.7,2643.92578125,79,0,192942080,210,7
1789388202.3642523,1289858,1289825,0.0,69.6484375,1,0,0,803,175
1789388202.3643217,1289861,1289825,0.0,93.15625,1,0,0,118,38
1789388202.3643827,1289863,1289825,0.0,22.65234375,1,0,0,251,42
1789388202.3644412,1289865,1289825,3.0,73.4765625,1,0,0,162,118
1789388202.364498,1289867,1289825,0.0,67.265625,1,0,0,90,16
1789388203.3722844,1289825,1289823,154.7,2643.92578125,79,0,192942080,210,7
1789388203.3724,1289858,1289825,0.0,69.6484375,1,0,0,803,175
1789388203.3724787,1289861,1289825,0.0,93.15625,1,0,0,118,38
1789388203.3725505,1289863,1289825,0.0,22.65234375,1,0,0,251,42
1789388203.3726184,1289865,1289825,0.0,73.4765625,1,0,0,162,118
1789388203.3726842,1289867,1289825,0.0,67.265625,1,0,0,90,16
1789388204.382356,1289825,1289823,182.2,2645.52734375,79,0,192942080,210,7
1789388204.382492,1289858,1289825,0.0,69.6484375,1,0,0,803,175
1789388204.3825874,1289861,1289825,0.0,93.15625,1,0,0,118,38
1789388204.3826747,1289863,1289825,0.0,22.65234375,1,0,0,251,42
1789388204.3827577,1289865,1289825,0.0,73.4765625,1,0,0,162,118
1789388204.3828337,1289867,1289825,0.0,67.265625,1,0,0,90,16
1789388205.3925664,1289825,1289823,105.9,2645.52734375,79,0,192942080,210,7
1789388205.392713,1289858,1289825,0.0,69.6484375,1,0,0,803,175
1789388205.392814,1289861,1289825,0.0,93.15625,1,0,0,118,38
1789388205.392925,1289863,1289825,0.0,22.65234375,1,0,0,251,42
1789388205.3930137,1289865,1289825,0.0,73.4765625,1,0,0,162,118
1789388205.3930998,1289867,1289825,0.0,67.265625,1,0,0,90,16
1789388206.402282,1289825,1289823,107.0,2645.52734375,79,0,192942080,210,7
1789388206.4024231,1289858,1289825,0.0,69.6484375,1,0,0,803,175
1789388206.4025226,1289861,1289825,0.0,93.15625,1,0,0,118,38
1789388206.4026134,1289863,1289825,0.0,22.65234375,1,0,0,251,42
1789388206.4026995,1289865,1289825,0.0,73.4765625,1,0,0,162,118
1789388206.402778,1289867,1289825,0.0,67.265625,1,0,0,90,16
1789388207.410274,1289825,1289823,115.1,2645.52734375,79,0,192942080,210,7
1789388207.410394,1289858,1289825,0.0,69.6484375,1,0,0,803,175
1789388207.4104743,1289861,1289825,0.0,93.15625,1,0,0,118,38
1789388207.410546,1289863,1289825,0.0,22.65234375,1,0,0,251,42
1789388207.4106169,1289865,1289825,1.0,73.4765625,1,0,0,163,118
1789388207.4106853,1289867,1289825,0.0,67.265625,1,0,0,90,16
1789388208.417569,1289825,1289823,111.2,2645.52734375,79,0,192942080,210,7
1789388208.4176745,1289858,1289825,0.0,69.6484375,1,0,0,803,175
1789388208.417747,1289861,1289825,0.0,93.15625,1,0,0,118,38
1789388208.4178092,1289863,1289825,0.0,22.65234375,1,0,0,251,42
1789388208.417872,1289865,1289825,0.0,73.4765625,1,0,0,163,118
1789388208.4179296,1289867,1289825,0.0,67.265625,1,0,0,90,16
1789388209.424462,1289825,1289823,106.3,2645.52734375,79,0,192942080,210,7
1789388209.4245641,1289858,1289825,0.0,69.6484375,1,0,0,803,175
1789388209.424629,1289861,1289825,0.0,93.15625,1,0,0,118,38
1789388209.4246871,1289863,1289825,0.0,22.65234375,1,0,0,251,42
1789388209.4247437,1289865,1289825,0.0,73.4765625,1,0,0,163,118
1789388209.424798,1289867,1289825,0.0,67.265625,1,0,0,90,16
1789388210.4315777,1289825,1289823,106.2,2645.52734375,79,0,192942080,210,7
1789388210.4316826,1289858,1289825,0.0,69.6484375,1,0,0,803,175
1789388210.4317539,1289861,1289825,0.0,93.15625,1,0,0,118,38
1789388210.4318163,1289863,1289825,0.0,22.65234375,1,0,0,251,42
1789388210.4318812,1289865,1289825,0.0,73.4765625,1,0,0,163,118
1789388210.4319417,1289867,1289825,0.0,67.265625,1,0,0,90,16
1789388211.4401317,1289825,1289823,136.8,2645.53515625,79,0,193851392,211,7
1789388211.4402516,1289858,1289825,0.0,69.6484375,1,0,0,803,175
1789388211.4403327,1289861,1289825,0.0,93.15625,1,0,0,118,38
1789388211.4404025,1289863,1289825,0.0,22.65234375,1,0,0,251,42
1789388211.4404728,1289865,1289825,0.0,73.4765625,1,0,0,163,118
1789388211.4405386,1289867,1289825,45.6,67.265625,1,0,0,145,100
1789388212.4487376,1289825,1289823,118.0,2645.53515625,79,0,193851392,211,7
1789388212.4488733,1289858,1289825,0.0,69.6484375,1,0,0,803,175
1789388212.4489634,1289861,1289825,0.0,93.15625,1,0,0,118,38
1789388212.4490464,1289863,1289825,0.0,22.65234375,1,0,0,251,42
1789388212.4491236,1289865,1289825,0.0,73.4765625,1,0,0,163,118
1789388212.4491966,1289867,1289825,5.0,67.265625,1,0,0,148,109
1789388213.4585674,1289825,1289823,105.0,2645.53515625,79,0,193851392,211,7
1789388213.4587197,1289858,1289825,0.0,69.6484375,1,0,0,803,175
1789388213.4588194,1289861,1289825,0.0,93.15625,1,0,0,118,38
1789388213.458916,1289863,1289825,0.0,22.65234375,1,0,0,251,42
1789388213.4590015,1289865,1289825,0.0,73.4765625,1,0,0,163,118
1789388213.4590871,1289867,1289825,0.0,67.265625,1,0,0,148,109
1789388214.4677305,1289825,1289823,107.0,2645.53515625,79,0,193851392,211,7
1789388214.4678752,1289858,1289825,0.0,69.6484375,1,0,0,803,175
1789388214.4679687,1289861,1289825,0.0,93.15625,1,0,0,118,38
1789388214.4680533,1289863,1289825,0.0,22.65234375,1,0,0,251,42
1789388214.4681356,1289865,1289825,0.0,73.4765625,1,0,0,163,118
1789388214.4682128,1289867,1289825,0.0,67.265625,1,0,0,148,109
1789388215.4757104,1289825,1289823,124.0,2645.53515625,79,0,193851392,211,7
1789388215.475827,1289858,1289825,0.0,69.6484375,1,0,0,803,175
1789388215.4759114,1289861,1289825,0.0,93.15625,1,0,0,118,38
1789388215.4759839,1289863,1289825,0.0,22.65234375,1,0,0,251,42
1789388215.4760532,1289865,1289825,2.0,73.4765625,1,0,0,165,125
1789388215.476119,1289867,1289825,0.0,67.265625,1,0,0,148,109
1789388216.4865584,1289825,1289823,104.9,2645.53515625,79,0,193851392,211,7
1789388216.4866714,1289858,1289825,0.0,69.6484375,1,0,0,803,175
1789388216.4867458,1289861,1289825,0.0,93.15625,1,0,0,118,38
1789388216.4868145,1289863,1289825,0.0,22.65234375,1,0,0,251,42
1789388216.4868824,1289865,1289825,0.0,73.4765625,1,0,0,165,125
1789388216.486946,1289867,1289825,0.0,67.265625,1,0,0,148,109
1789388217.4938593,1289825,1289823,104.2,2645.53515625,79,0,193851392,211,7
1789388217.4939694,1289858,1289825,0.0,69.6484375,1,0,0,803,175
1789388217.4940436,1289861,1289825,0.0,93.15625,1,0,0,118,38
1789388217.494111,1289863,1289825,0.0,22.65234375,1,0,0,251,42
1789388217.4941754,1289865,1289825,0.0,73.4765625,1,0,0,165,125
1789388217.4942362,1289867,1289825,0.0,67.265625,1,0,0,148,109
1789388218.5019305,1289825,1289823,105.2,2645.53515625,79,0,193851392,211,7
1789388218.5020537,1289858,1289825,0.0,69.6484375,1,0,0,803,175
1789388218.502137,1289861,1289825,0.0,93.15625,1,0,0,118,38
1789388218.5022092,1289863,1289825,0.0,22.65234375,1,0,0,251,42
1789388218.502282,1289865,1289825,0.0,73.4765625,1,0,0,165,125
1789388218.5023518,1289867,1289825,0.0,67.265625,1,0,0,148,109
1789388219.5107653,1289825,1289823,159.6,2645.53515625,79,0,193851392,211,7
1789388219.5109057,1289858,1289825,0.0,69.6484375,1,0,0,803,175
1789388219.5109992,1289861,1289825,0.0,93.15625,1,0,0,118,38
1789388219.5110815,1289863,1289825,0.0,22.65234375,1,0,0,251,42
1789388219.5111618,1289865,1289825,0.0,73.4765625,1,0,0,166,126
1789388219.5112383,1289867,1289825,0.0,67.265625,1,0,0,148,109
1789388220.5195231,1289825,1289823,107.1,2645.53515625,79,0,193851392,211,7
1789388220.5196576,1289858,1289825,0.0,69.6484375,1,0,0,803,175
1789388220.5197482,1289861,1289825,0.0,93.15625,1,0,0,118,38
1789388220.5198286,1289863,1289825,0.0,22.65234375,1,0,0,251,42
1789388220.5199091,1289865,1289825,0.0,73.4765625,1,0,0,166,126
1789388220.5199833,1289867,1289825,0.0,67.265625,1,0,0,148,109
1789388221.5292814,1289825,1289823,107.0,2645.53515625,79,0,193851392,211,7
1789388221.529432,1289858,1289825,0.0,69.6484375,1,0,0,803,175
1789388221.5295403,1289861,1289825,0.0,93.15625,1,0,0,118,38
1789388221.5296323,1289863,1289825,0.0,22.65234375,1,0,0,251,42
1789388221.5297241,1289865,1289825,0.0,73.4765625,1,0,0,166,126
1789388221.5298102,1289867,1289825,0.0,67.265625,1,0,0,148,109
1789388222.538363,1289825,1289823,105.0,2645.53515625,79,0,193851392,211,7
1789388222.538502,1289858,1289825,0.0,69.6484375,1,0,0,803,175
1789388222.5385966,1289861,1289825,0.0,93.15625,1,0,0,118,38
1789388222.5386825,1289863,1289825,0.0,22.65234375,1,0,0,251,42
1789388222.5387638,1289865,1289825,0.0,73.4765625,1,0,0,166,126
1789388222.5388432,1289867,1289825,0.0,67.265625,1,0,0,148,109
1789388223.5461776,1289825,1289823,133.0,2645.53515625,79,0,193851392,211,7
1789388223.546294,1289858,1289825,0.0,69.6484375,1,0,0,803,175
1789388223.546374,1289861,1289825,0.0,93.15625,1,0,0,118,38
1789388223.5464458,1289863,1289825,0.0,22.65234375,1,0,0,251,42
1789388223.5465167,1289865,1289825,0.0,73.4765625,1,0,0,166,126
1789388223.5465825,1289867,1289825,4.0,67.265625,1,0,0,150,123
1789388224.5535789,1289825,1289823,108.2,2645.53515625,79,0,193851392,211,7
1789388224.553685,1289858,1289825,0.0,69.6484375,1,0,0,803,175
1789388224.5537562,1289861,1289825,0.0,93.15625,1,0,0,118,38
1789388224.5538182,1289863,1289825,0.0,22.65234375,1,0,0,251,42
1789388224.5538826,1289865,1289825,0.0,73.4765625,1,0,0,166,126
1789388224.5539405,1289867,1289825,0.0,67.265625,1,0,0,150,123
1789388225.5603914,1289825,1289823,108.3,2645.53515625,79,0,193851392,211,7
1789388225.5604944,1289858,1289825,0.0,69.6484375,1,0,0,803,175
1789388225.5605605,1289861,1289825,0.0,93.15625,1,0,0,118,38
1789388225.5606198,1289863,1289825,0.0,22.65234375,1,0,0,251,42
1789388225.5606766,1289865,1289825,0.0,73.4765625,1,0,0,166,126
1789388225.5607324,1289867,1289825,0.0,67.265625,1,0,0,150,123
1789388226.567669,1289825,1289823,136.0,2645.53515625,79,0,193855488,211,7
1789388226.567777,1289858,1289825,0.0,69.6484375,1,0,0,803,175
1789388226.5678482,1289861,1289825,0.0,93.15625,1,0,0,118,38
1789388226.5679147,1289863,1289825,0.0,22.65234375,1,0,0,251,42
1789388226.5679755,1289865,1289825,0.0,73.4765625,1,0,0,166,126
1789388226.5680332,1289867,1289825,0.0,67.265625,1,0,0,150,123
1789388227.575802,1289825,1289823,107.1,2645.53515625,79,0,193855488,211,7
1789388227.5759296,1289858,1289825,0.0,69.6484375,1,0,0,803,175
1789388227.5760112,1289861,1289825,0.0,93.15625,1,0,0,118,38
1789388227.576086,1289863,1289825,0.0,22.65234375,1,0,0,251,42
1789388227.5761578,1289865,1289825,0.0,73.4765625,1,0,0,166,126
1789388227.5762258,1289867,1289825,0.0,67.265625,1,0,0,150,123
1789388228.5846376,1289825,1289823,118.0,2645.53515625,79,0,193855488,211,7
1789388228.5847745,1289858,1289825,0.0,69.6484375,1,0,0,803,175
1789388228.584869,1289861,1289825,0.0,93.15625,1,0,0,118,38
1789388228.5849516,1289863,1289825,0.0,22.65234375,1,0,0,251,42
1789388228.5850315,1289865,1289825,0.0,73.4765625,1,0,0,166,126
1789388228.5851076,1289867,1289825,2.0,67.265625,1,0,0,151,124
1789388229.5947697,1289825,1289823,105.9,2645.53515625,79,0,193855488,211,7
1789388229.5949323,1289858,1289825,0.0,69.6484375,1,0,0,803,175
1789388229.5950413,1289861,1289825,0.0,93.15625,1,0,0,118,38
1789388229.5951395,1289863,1289825,0.0,22.65234375,1,0,0,251,42
1789388229.5952356,1289865,1289825,0.0,73.4765625,1,0,0,166,126
1789388229.5953286,1289867,1289825,0.0,67.265625,1,0,0,151,124
1789388230.6037722,1289825,1289823,107.0,2645.53515625,79,0,193855488,211,7
1789388230.6039116,1289858,1289825,0.0,69.6484375,1,0,0,803,175
1789388230.6040032,1289861,1289825,0.0,93.15625,1,0,0,118,38
1789388230.6040866,1289863,1289825,0.0,22.65234375,1,0,0,251,42
1789388230.6041667,1289865,1289825,0.0,73.4765625,1,0,0,166,126
1789388230.6042407,1289867,1289825,0.0,67.265625,1,0,0,151,124
1789388231.611572,1289825,1289823,104.2,2645.53515625,79,0,193855488,211,7
1789388231.6116884,1289858,1289825,0.0,69.6484375,1,0,0,803,175
1789388231.6117663,1289861,1289825,0.0,93.15625,1,0,0,118,38
1789388231.6118362,1289863,1289825,0.0,22.65234375,1,0,0,251,42
1789388231.6119056,1289865,1289825,0.0,73.4765625,1,0,0,166,126
1789388231.6119702,1289867,1289825,0.0,67.265625,1,0,0,151,124
1789388232.6190777,1289825,1289823,103.2,2645.53515625,79,0,193855488,211,7
1789388232.6191938,1289858,1289825,0.0,69.6484375,1,0,0,803,175
1789388232.6192718,1289861,1289825,0.0,93.15625,1,0,0,118,38
1789388232.6193411,1289863,1289825,0.0,22.65234375,1,0,0,251,42
1789388232.6194074,1289865,1289825,0.0,73.4765625,1,0,0,166,126
1789388232.6194713,1289867,1289825,0.0,67.265625,1,0,0,151,124
1789388233.626624,1289825,1289823,104.2,2645.53515625,79,0,193855488,211,7
1789388233.6267378,1289858,1289825,0.0,69.6484375,1,0,0,803,175
1789388233.6268122,1289861,1289825,0.0,93.15625,1,0,0,118,38
1789388233.626882,1289863,1289825,0.0,22.65234375,1,0,0,251,42
1789388233.6269474,1289865,1289825,0.0,73.4765625,1,0,0,166,126
1789388233.6270096,1289867,1289825,0.0,67.265625,1,0,0,151,124
1789388234.6345572,1289825,1289823,104.2,2645.53515625,79,0,193855488,211,7
1789388234.6346738,1289858,1289825,0.0,69.6484375,1,0,0,803,175
1789388234.634753,1289861,1289825,0.0,93.15625,1,0,0,118,38
1789388234.6348257,1289863,1289825,0.0,22.65234375,1,0,0,251,42
1789388234.6348982,1289865,1289825,0.0,73.4765625,1,0,0,166,126
1789388234.6349652,1289867,1289825,0.0,67.265625,1,0,0,151,124
1789388235.643396,1289825,1289823,106.1,2645.53515625,79,0,193855488,211,7
1789388235.643533,1289858,1289825,0.0,69.6484375,1,0,0,803,175
1789388235.6436255,1289861,1289825,0.0,93.15625,1,0,0,118,38
1789388235.6437078,1289863,1289825,0.0,22.65234375,1,0,0,251,42
1789388235.6437867,1289865,1289825,0.0,73.4765625,1,0,0,166,126
1789388235.6438656,1289867,1289825,0.0,67.265625,1,0,0,151,124
1789388236.651557,1289825,1289823,105.1,2645.53515625,79,0,193855488,211,7
1789388236.6516774,1289858,1289825,0.0,69.6484375,1,0,0,803,175
1789388236.6517594,1289861,1289825,0.0,93.15625,1,0,0,118,38
1789388236.6518335,1289863,1289825,0.0,22.65234375,1,0,0,251,42
1789388236.6519103,1289865,1289825,0.0,73.4765625,1,0,0,166,126
1789388236.6519783,1289867,1289825,0.0,67.265625,1,0,0,151,124
1789388237.6606162,1289825,1289823,103.1,2645.53515625,79,0,193855488,211,7
1789388237.6607583,1289858,1289825,0.0,69.6484375,1,0,0,803,175
1789388237.6608617,1289861,1289825,0.0,93.15625,1,0,0,118,38
1789388237.6609504,1289863,1289825,0.0,22.65234375,1,0,0,251,42
1789388237.6610336,1289865,1289825,0.0,73.4765625,1,0,0,166,126
1789388237.6611118,1289867,1289825,0.0,67.265625,1,0,0,151,124
1789388238.6693785,1289825,1289823,116.0,2645.53515625,79,0,193855488,211,7
1789388238.669502,1289858,1289825,0.0,69.6484375,1,0,0,803,175
1789388238.6695855,1289861,1289825,0.0,93.15625,1,0,0,118,38
1789388238.6696618,1289863,1289825,0.0,22.65234375,1,0,0,251,42
1789388238.6697357,1289865,1289825,0.0,73.4765625,1,0,0,166,126
1789388238.6698046,1289867,1289825,3.0,67.265625,1,0,0,152,124
1789388239.6816666,1289825,1289823,114.6,2645.53515625,79,0,193855488,211,7
1789388239.6817892,1289858,1289825,0.0,69.6484375,1,0,0,803,175
1789388239.6818752,1289861,1289825,0.0,93.15625,1,0,0,118,38
1789388239.6819487,1289863,1289825,0.0,22.65234375,1,0,0,251,42
1789388239.6820178,1289865,1289825,0.0,73.4765625,1,0,0,166,126
1789388239.682086,1289867,1289825,0.0,67.265625,1,0,0,152,124
1789388240.6903694,1289825,1289823,105.1,2645.53515625,79,0,193855488,211,7
1789388240.6905022,1289858,1289825,0.0,69.6484375,1,0,0,803,175
1789388240.6905923,1289861,1289825,0.0,93.15625,1,0,0,118,38
1789388240.6906724,1289863,1289825,0.0,22.65234375,1,0,0,251,42
1789388240.69075,1289865,1289825,0.0,73.4765625,1,0,0,166,126
1789388240.690824,1289867,1289825,0.0,67.265625,1,0,0,152,124
1789388241.699927,1289825,1289823,106.0,2645.53515625,79,0,193855488,211,7
1789388241.7000763,1289858,1289825,0.0,69.6484375,1,0,0,803,175
1789388241.7001786,1289861,1289825,0.0,93.15625,1,0,0,118,38
1789388241.7002728,1289863,1289825,0.0,22.65234375,1,0,0,251,42
1789388241.7003632,1289865,1289825,0.0,73.4765625,1,0,0,166,126
1789388241.7004488,1289867,1289825,0.0,67.265625,1,0,0,152,124
1789388242.70867,1289825,1289823,104.1,2645.53515625,79,0,193855488,211,7
1789388242.7088,1289858,1289825,0.0,69.6484375,1,0,0,803,175
1789388242.7088919,1289861,1289825,0.0,93.15625,1,0,0,118,38
1789388242.7089705,1289863,1289825,0.0,22.65234375,1,0,0,251,42
1789388242.7090476,1289865,1289825,0.0,73.4765625,1,0,0,166,126
1789388242.7091212,1289867,1289825,0.0,67.265625,1,0,0,152,124
1789388243.7166612,1289825,1289823,105.2,2645.53515625,79,0,193855488,211,7
1789388243.7167838,1289858,1289825,0.0,69.6484375,1,0,0,803,175
1789388243.716868,1289861,1289825,0.0,93.15625,1,0,0,118,38
1789388243.7169416,1289863,1289825,0.0,22.65234375,1,0,0,251,42
1789388243.7170126,1289865,1289825,0.0,73.4765625,1,0,0,166,126
1789388243.7170832,1289867,1289825,0.0,67.265625,1,0,0,152,124
1789388244.7240462,1289825,1289823,103.2,2645.53515625,79,0,193855488,211,7
1789388244.7241535,1289858,1289825,0.0,69.6484375,1,0,0,803,175
1789388244.7242227,1289861,1289825,0.0,93.15625,1,0,0,118,38
1789388244.7242854,1289863,1289825,0.0,22.65234375,1,0,0,251,42
1789388244.7243445,1289865,1289825,0.0,73.4765625,1,0,0,166,126
1789388244.7244031,1289867,1289825,0.0,67.265625,1,0,0,152,124
1789388245.7309632,1289825,1289823,104.3,2645.53515625,79,0,193855488,211,7
1789388245.7310624,1289858,1289825,0.0,69.6484375,1,0,0,803,175
1789388245.7311282,1289861,1289825,0.0,93.15625,1,0,0,118,38
1789388245.731189,1289863,1289825,0.0,22.65234375,1,0,0,251,42
1789388245.7312474,1289865,1289825,0.0,73.4765625,1,0,0,166,126
1789388245.7313023,1289867,1289825,0.0,67.265625,1,0,0,152,124
1789388246.738531,1289825,1289823,104.2,2645.53515625,79,0,193855488,211,7
1789388246.7386458,1289858,1289825,0.0,69.6484375,1,0,0,803,175
1789388246.7387214,1289861,1289825,0.0,93.15625,1,0,0,118,38
1789388246.738788,1289863,1289825,0.0,22.65234375,1,0,0,251,42
1789388246.7388575,1289865,1289825,0.0,73.4765625,1,0,0,166,126
1789388246.7389205,1289867,1289825,0.0,67.265625,1,0,0,152,124
1789388247.746536,1289825,1289823,102.2,2645.53515625,79,0,193855488,211,7
1789388247.746658,1289858,1289825,0.0,69.6484375,1,0,0,803,175
1789388247.7467408,1289861,1289825,0.0,93.15625,1,0,0,118,38
1789388247.7468143,1289863,1289825,0.0,22.65234375,1,0,0,251,42
1789388247.7468882,1289865,1289825,0.0,73.4765625,1,0,0,166,126
1789388247.7469573,1289867,1289825,0.0,67.265625,1,0,0,152,124
1789388248.755745,1289825,1289823,104.0,2645.53515625,79,0,193855488,211,7
1789388248.755886,1289858,1289825,0.0,69.6484375,1,0,0,803,175
1789388248.755981,1289861,1289825,0.0,93.15625,1,0,0,118,38
1789388248.7560678,1289863,1289825,0.0,22.65234375,1,0,0,251,42
1789388248.7561533,1289865,1289825,0.0,73.4765625,1,0,0,166,126
1789388248.7562313,1289867,1289825,0.0,67.265625,1,0,0,152,124
1789388249.7661283,1289825,1289823,104.9,2645.53515625,79,0,193855488,211,7
1789388249.7662785,1289858,1289825,0.0,69.6484375,1,0,0,803,175
1789388249.7663841,1289861,1289825,0.0,93.15625,1,0,0,118,38
1789388249.7664785,1289863,1289825,0.0,22.65234375,1,0,0,251,42
1789388249.766567,1289865,1289825,0.0,73.4765625,1,0,0,166,126
1789388249.7666523,1289867,1289825,0.0,67.265625,1,0,0,152,124
1789388250.7746475,1289825,1289823,105.1,2645.53515625,79,0,193855488,211,7
1789388250.7747753,1289858,1289825,0.0,69.6484375,1,0,0,803,175
1789388250.7748666,1289861,1289825,0.0,93.15625,1,0,0,118,38
1789388250.7749426,1289863,1289825,0.0,22.65234375,1,0,0,251,42
1789388250.7750149,1289865,1289825,0.0,73.4765625,1,0,0,166,126
1789388250.7750854,1289867,1289825,0.0,67.265625,1,0,0,152,124
1789388251.7821488,1289825,1289823,116.1,2645.53515625,79,0,193855488,211,7
1789388251.7822654,1289858,1289825,0.0,69.6484375,1,0,0,803,175
1789388251.7823424,1289861,1289825,0.0,93.15625,1,0,0,118,38
1789388251.7824104,1289863,1289825,0.0,22.65234375,1,0,0,251,42
1789388251.7824774,1289865,1289825,0.0,73.4765625,1,0,0,166,126
1789388251.7825387,1289867,1289825,0.0,67.265625,1,0,0,152,124
1789388252.7892232,1289825,1289823,106.2,2645.53515625,79,0,193855488,211,7
1789388252.789327,1289858,1289825,0.0,69.6484375,1,0,0,803,175
1789388252.7893937,1289861,1289825,0.0,93.15625,1,0,0,118,38
1789388252.7894547,1289863,1289825,0.0,22.65234375,1,0,0,251,42
1789388252.789526,1289865,1289825,0.0,73.4765625,1,0,0,166,126
1789388252.7895823,1289867,1289825,0.0,67.265625,1,0,0,152,124
1789388253.796139,1289825,1289823,104.3,2645.53515625,79,0,193855488,211,7
1789388253.7962313,1289858,1289825,0.0,69.6484375,1,0,0,803,175
1789388253.7962925,1289861,1289825,0.0,93.15625,1,0,0,118,38
1789388253.7963448,1289863,1289825,0.0,22.65234375,1,0,0,251,42
1789388253.796395,1289865,1289825,0.0,73.4765625,1,0,0,166,126
1789388253.7964423,1289867,1289825,0.0,67.265625,1,0,0,152,124
1789388254.8037624,1289825,1289823,102.2,2645.53515625,79,0,193855488,211,7
1789388254.8038776,1289858,1289825,0.0,69.6484375,1,0,0,803,175
1789388254.8039498,1289861,1289825,0.0,93.15625,1,0,0,118,38
1789388254.804014,1289863,1289825,0.0,22.65234375,1,0,0,251,42
1789388254.8040757,1289865,1289825,0.0,73.4765625,1,0,0,166,126
1789388254.8041348,1289867,1289825,0.0,67.265625,1,0,0,152,124
1789388255.8121777,1289825,1289823,103.1,2645.53515625,79,0,193855488,211,7
1789388255.812304,1289858,1289825,0.0,69.6484375,1,0,0,803,175
1789388255.8123894,1289861,1289825,0.0,93.15625,1,0,0,118,38
1789388255.812463,1289863,1289825,0.0,22.65234375,1,0,0,251,42
1789388255.812534,1289865,1289825,0.0,73.4765625,1,0,0,166,126
1789388255.812603,1289867,1289825,0.0,67.265625,1,0,0,152,124
1789388256.820483,1289825,1289823,105.1,2645.53515625,79,0,193855488,211,7
1789388256.820607,1289858,1289825,0.0,69.6484375,1,0,0,803,175
1789388256.820692,1289861,1289825,0.0,93.15625,1,0,0,118,38
1789388256.8207698,1289863,1289825,0.0,22.65234375,1,0,0,251,42
1789388256.8208458,1289865,1289825,0.0,73.4765625,1,0,0,166,126
1789388256.820919,1289867,1289825,0.0,67.265625,1,0,0,152,124
1789388257.829993,1289825,1289823,105.0,2645.53515625,79,0,193855488,211,7
1789388257.8301342,1289858,1289825,0.0,69.6484375,1,0,0,803,175
1789388257.8302302,1289861,1289825,0.0,93.15625,1,0,0,118,38
1789388257.8303144,1289863,1289825,0.0,22.65234375,1,0,0,251,42
1789388257.8303983,1289865,1289825,0.0,73.4765625,1,0,0,166,126
1789388257.8304763,1289867,1289825,0.0,67.265625,1,0,0,152,124
1789388258.8380272,1289825,1289823,114.1,2645.53515625,79,0,193855488,211,7
1789388258.8381462,1289858,1289825,0.0,69.6484375,1,0,0,803,175
1789388258.8382263,1289861,1289825,0.0,93.15625,1,0,0,118,38
1789388258.8382978,1289863,1289825,0.0,22.65234375,1,0,0,251,42
1789388258.8383665,1289865,1289825,0.0,73.4765625,1,0,0,166,126
1789388258.838432,1289867,1289825,1.0,67.265625,1,0,0,153,124
1789388259.845296,1289825,1289823,104.2,2645.53515625,79,0,193855488,211,7
1789388259.8454015,1289858,1289825,0.0,69.6484375,1,0,0,803,175
1789388259.84547,1289861,1289825,0.0,93.15625,1,0,0,118,38
1789388259.8455303,1289863,1289825,0.0,22.65234375,1,0,0,251,42
1789388259.845589,1289865,1289825,0.0,73.4765625,1,0,0,166,126
1789388259.8456447,1289867,1289825,0.0,67.265625,1,0,0,153,124
1789388260.8525736,1289825,1289823,104.2,2645.53515625,79,0,193855488,211,7
1789388260.8526828,1289858,1289825,0.0,69.6484375,1,0,0,803,175
1789388260.852757,1289861,1289825,0.0,93.15625,1,0,0,118,38
1789388260.85282,1289863,1289825,0.0,22.65234375,1,0,0,251,42
1789388260.852886,1289865,1289825,0.0,73.4765625,1,0,0,166,126
1789388260.852944,1289867,1289825,0.0,67.265625,1,0,0,153,124
1789388261.8600228,1289825,1289823,104.2,2645.53515625,79,0,193855488,211,7
1789388261.8601243,1289858,1289825,0.0,69.6484375,1,0,0,803,175
1789388261.8601916,1289861,1289825,0.0,93.15625,1,0,0,118,38
1789388261.8602512,1289863,1289825,0.0,22.65234375,1,0,0,251,42
1789388261.8603241,1289865,1289825,0.0,73.4765625,1,0,0,166,126
1789388261.86038,1289867,1289825,0.0,67.265625,1,0,0,153,124
1789388262.8679385,1289825,1289823,101.2,2645.53515625,79,0,193855488,211,7
1789388262.8680553,1289858,1289825,0.0,69.6484375,1,0,0,803,175
1789388262.868136,1289861,1289825,0.0,93.15625,1,0,0,118,38
1789388262.8682077,1289863,1289825,0.0,22.65234375,1,0,0,251,42
1789388262.8682785,1289865,1289825,0.0,73.4765625,1,0,0,166,126
1789388262.8683448,1289867,1289825,0.0,67.265625,1,0,0,153,124
1789388263.8764348,1289825,1289823,105.1,2645.53515625,79,0,193855488,211,7
1789388263.8765626,1289858,1289825,0.0,69.6484375,1,0,0,803,175
1789388263.8766553,1289861,1289825,0.0,93.15625,1,0,0,118,38
1789388263.8767388,1289863,1289825,0.0,22.65234375,1,0,0,251,42
1789388263.8768163,1289865,1289825,0.0,73.4765625,1,0,0,166,126
1789388263.8768938,1289867,1289825,0.0,67.265625,1,0,0,153,124
1789388264.8849583,1289825,1289823,106.1,2645.53515625,79,0,193855488,211,7
1789388264.8850806,1289858,1289825,0.0,69.6484375,1,0,0,803,175
1789388264.8851647,1289861,1289825,0.0,93.15625,1,0,0,118,38
1789388264.8852406,1289863,1289825,0.0,22.65234375,1,0,0,251,42
1789388264.8853192,1289865,1289825,0.0,73.4765625,1,0,0,166,126
1789388264.8853872,1289867,1289825,0.0,67.265625,1,0,0,153,124
1789388265.893845,1289825,1289823,104.1,2645.53515625,79,0,193855488,211,7
1789388265.8939826,1289858,1289825,0.0,69.6484375,1,0,0,803,175
1789388265.8940728,1289861,1289825,0.0,93.15625,1,0,0,118,38
1789388265.8941548,1289863,1289825,0.0,22.65234375,1,0,0,251,42
1789388265.8942316,1289865,1289825,0.0,73.4765625,1,0,0,166,126
1789388265.894307,1289867,1289825,0.0,67.265625,1,0,0,153,124
1789388266.9016027,1289825,1289823,104.2,2645.53515625,79,0,193855488,211,7
1789388266.9017136,1289858,1289825,0.0,69.6484375,1,0,0,803,175
1789388266.9017885,1289861,1289825,0.0,93.15625,1,0,0,118,38
1789388266.9018598,1289863,1289825,0.0,22.65234375,1,0,0,251,42
1789388266.9019246,1289865,1289825,0.0,73.4765625,1,0,0,166,126
1789388266.901988,1289867,1289825,0.0,67.265625,1,0,0,153,124
1789388267.908703,1289825,1289823,105.3,2645.53515625,79,0,193855488,211,7
1789388267.9088068,1289858,1289825,0.0,69.6484375,1,0,0,803,175
1789388267.9088829,1289861,1289825,0.0,93.15625,1,0,0,118,38
1789388267.9089465,1289863,1289825,0.0,22.65234375,1,0,0,251,42
1789388267.9090068,1289865,1289825,0.0,73.4765625,1,0,0,166,126
1789388267.909063,1289867,1289825,0.0,67.265625,1,0,0,153,124
1789388268.9166093,1289825,1289823,103.2,2645.53515625,79,0,193855488,211,7
1789388268.916725,1289858,1289825,0.0,69.6484375,1,0,0,803,175
1789388268.9168031,1289861,1289825,0.0,93.15625,1,0,0,118,38
1789388268.9168758,1289863,1289825,0.0,22.65234375,1,0,0,251,42
1789388268.9169436,1289865,1289825,0.0,73.4765625,1,0,0,166,126
1789388268.917009,1289867,1289825,0.0,67.265625,1,0,0,153,124
1789388269.9252908,1289825,1289823,107.1,2645.53515625,79,0,193855488,211,7
1789388269.9254274,1289858,1289825,0.0,69.6484375,1,0,0,803,175
1789388269.9255164,1289861,1289825,0.0,93.15625,1,0,0,118,38
1789388269.9255972,1289863,1289825,0.0,22.65234375,1,0,0,251,42
1789388269.9256756,1289865,1289825,0.0,73.4765625,1,0,0,166,126
1789388269.9258125,1289867,1289825,0.0,67.265625,1,0,0,153,124
1789388270.9350932,1289825,1289823,104.0,2645.53515625,79,0,193855488,211,7
1789388270.93524,1289858,1289825,0.0,69.6484375,1,0,0,803,175
1789388270.935338,1289861,1289825,0.0,93.15625,1,0,0,118,38
1789388270.9354253,1289863,1289825,0.0,22.65234375,1,0,0,251,42
1789388270.935515,1289865,1289825,0.0,73.4765625,1,0,0,166,126
1789388270.9355986,1289867,1289825,0.0,67.265625,1,0,0,153,124
1789388271.9449787,1289825,1289823,106.0,2645.53515625,79,0,193855488,211,7
1789388271.945132,1289858,1289825,0.0,69.6484375,1,0,0,803,175
1789388271.9452372,1289861,1289825,0.0,93.15625,1,0,0,118,38
1789388271.9453325,1289863,1289825,0.0,22.65234375,1,0,0,251,42
1789388271.945425,1289865,1289825,0.0,73.4765625,1,0,0,166,126
1789388271.9455118,1289867,1289825,0.0,67.265625,1,0,0,153,124
1789388272.9543405,1289825,1289823,105.0,2645.53515625,79,0,193855488,211,7
1789388272.9544947,1289858,1289825,0.0,69.6484375,1,0,0,803,175
1789388272.9545856,1289861,1289825,0.0,93.15625,1,0,0,118,38
1789388272.954665,1289863,1289825,0.0,22.65234375,1,0,0,251,42
1789388272.9547417,1289865,1289825,0.0,73.4765625,1,0,0,166,126
1789388272.954816,1289867,1289825,0.0,67.265625,1,0,0,153,124
1789388273.9622076,1289825,1289823,136.9,2645.95703125,79,0,193855488,211,7
1789388273.962319,1289858,1289825,0.0,69.6484375,1,0,0,803,175
1789388273.962394,1289861,1289825,0.0,93.15625,1,0,0,118,38
1789388273.9624608,1289863,1289825,0.0,22.65234375,1,0,0,251,42
1789388273.962527,1289865,1289825,0.0,73.4765625,1,0,0,166,126
1789388273.962589,1289867,1289825,6.9,67.265625,1,0,0,158,124
1789388274.9689271,1289825,1289823,110.3,2645.95703125,79,0,193855488,211,7
1789388274.9690263,1289858,1289825,0.0,69.6484375,1,0,0,803,175
1789388274.9690924,1289861,1289825,0.0,93.15625,1,0,0,118,38
1789388274.969153,1289863,1289825,0.0,22.65234375,1,0,0,251,42
1789388274.9692109,1289865,1289825,0.0,73.4765625,1,0,0,166,126
1789388274.9692652,1289867,1289825,1.0,67.265625,1,0,0,159,125
1789388275.9755917,1289825,1289823,103.3,2645.95703125,79,0,193855488,211,7
1789388275.975688,1289858,1289825,0.0,69.6484375,1,0,0,803,175
1789388275.97575,1289861,1289825,0.0,93.15625,1,0,0,118,38
1789388275.9758053,1289863,1289825,0.0,22.65234375,1,0,0,251,42
1789388275.9758644,1289865,1289825,0.0,73.4765625,1,0,0,166,126
1789388275.9759161,1289867,1289825,0.0,67.265625,1,0,0,159,125
1789388276.9829202,1289825,1289823,106.2,2645.95703125,79,0,193855488,211,7
1789388276.9830317,1289858,1289825,0.0,69.6484375,1,0,0,803,175
1789388276.9831047,1289861,1289825,0.0,93.15625,1,0,0,118,38
1789388276.9831712,1289863,1289825,0.0,22.65234375,1,0,0,251,42
1789388276.9832351,1289865,1289825,0.0,73.4765625,1,0,0,166,126
1789388276.9832954,1289867,1289825,0.0,67.265625,1,0,0,159,125
1789388277.991259,1289825,1289823,111.1,2645.95703125,79,0,193855488,211,7
1789388277.9913855,1289858,1289825,0.0,69.6484375,1,0,0,803,175
1789388277.9914706,1289861,1289825,0.0,93.15625,1,0,0,118,38
1789388277.9915767,1289863,1289825,0.0,22.65234375,1,0,0,251,42
1789388277.9917006,1289865,1289825,0.0,73.4765625,1,0,0,166,126
1789388277.991818,1289867,1289825,0.0,67.265625,1,0,0,159,125
1789388279.0004776,1289825,1289823,104.0,2645.95703125,79,0,193855488,211,7
1789388279.0006652,1289858,1289825,0.0,69.6484375,1,0,0,803,175
1789388279.0007732,1289861,1289825,0.0,93.15625,1,0,0,118,38
1789388279.0008707,1289863,1289825,0.0,22.65234375,1,0,0,251,42
1789388279.0009577,1289865,1289825,0.0,73.4765625,1,0,0,166,126
1789388279.001037,1289867,1289825,0.0,67.265625,1,0,0,159,125
1789388280.0101957,1289825,1289823,104.0,2645.95703125,79,0,193855488,211,7
1789388280.0103462,1289858,1289825,0.0,69.6484375,1,0,0,803,175
1789388280.0104501,1289861,1289825,0.0,93.15625,1,0,0,118,38
1789388280.010542,1289863,1289825,0.0,22.65234375,1,0,0,251,42
1789388280.0106294,1289865,1289825,0.0,73.4765625,1,0,0,166,126
1789388280.0107176,1289867,1289825,0.0,67.265625,1,0,0,159,125
1789388281.018515,1289825,1289823,126.0,2645.95703125,79,0,209764352,212,7
1789388281.0186415,1289858,1289825,0.0,69.6484375,1,0,0,803,175
1789388281.0187244,1289861,1289825,2.0,93.15625,1,0,0,121,38
1789388281.0187979,1289863,1289825,0.0,22.65234375,1,0,0,251,42
1789388281.0188735,1289865,1289825,0.0,73.4765625,1,0,0,166,126
1789388281.018943,1289867,1289825,0.0,67.265625,1,0,0,159,125
1789388282.0261588,1289825,1289823,144.9,2646.44140625,79,0,209764352,212,7
1789388282.0262723,1289858,1289825,0.0,69.6484375,1,0,0,803,175
1789388282.0263507,1289861,1289825,56.6,93.15625,1,0,0,191,64
1789388282.026421,1289863,1289825,0.0,22.65234375,1,0,0,251,42
1789388282.0264869,1289865,1289825,0.0,73.4765625,1,0,0,166,126
1789388282.0265498,1289867,1289825,0.0,67.265625,1,0,0,159,125
1789388283.033413,1289825,1289823,141.0,2646.44140625,79,0,209764352,212,7
1789388283.0335186,1289858,1289825,0.0,69.6484375,1,0,0,803,175
1789388283.0335896,1289861,1289825,8.9,93.15625,1,0,0,196,72
1789388283.0336554,1289863,1289825,0.0,22.65234375,1,0,0,251,42
1789388283.0337167,1289865,1289825,0.0,73.4765625,1,0,0,166,126
1789388283.0337741,1289867,1289825,0.0,67.265625,1,0,0,159,125
1789388284.0404687,1289825,1289823,123.1,2651.359375,79,0,209764352,212,7
1789388284.0405753,1289858,1289825,0.0,69.6484375,1,0,0,803,175
1789388284.0406444,1289861,1289825,0.0,93.15625,1,0,0,196,72
1789388284.0407066,1289863,1289825,0.0,22.65234375,1,0,0,251,42
1789388284.0407646,1289865,1289825,0.0,73.4765625,1,0,0,166,126
1789388284.0408206,1289867,1289825,3.0,67.265625,1,0,0,161,125
1789388285.0483294,1289825,1289823,125.0,2651.359375,79,0,209764352,212,7
1789388285.048449,1289858,1289825,0.0,69.6484375,1,0,0,803,175
1789388285.0485294,1289861,1289825,0.0,93.15625,1,0,0,196,72
1789388285.0486028,1289863,1289825,0.0,22.65234375,1,0,0,251,42
1789388285.0486703,1289865,1289825,0.0,73.4765625,1,0,0,166,126
1789388285.0487359,1289867,1289825,1.0,67.265625,1,0,0,162,125
1789388286.064481,1289825,1289823,138.8,2683.36328125,79,0,209764352,212,7
1789388286.0646696,1289858,1289825,0.0,69.6484375,1,0,0,803,175
1789388286.0647995,1289861,1289825,0.0,93.15625,1,0,0,196,72
1789388286.0649385,1289863,1289825,0.0,22.65234375,1,0,0,251,42
1789388286.065053,1289865,1289825,0.0,73.4765625,1,0,0,166,126
1789388286.0651586,1289867,1289825,0.0,67.265625,1,0,0,162,125
1789388287.0735314,1289825,1289823,118.9,2683.6015625,79,0,209764352,212,7
1789388287.073663,1289858,1289825,0.0,69.6484375,1,0,0,803,175
1789388287.0737503,1289861,1289825,0.0,93.15625,1,0,0,196,72
1789388287.0738285,1289863,1289825,0.0,22.65234375,1,0,0,251,42
1789388287.0739093,1289865,1289825,0.0,73.4765625,1,0,0,166,126
1789388287.0739803,1289867,1289825,0.0,67.265625,1,0,0,162,125
1789388288.0822663,1289825,1289823,175.5,2683.6015625,79,0,209764352,212,7
1789388288.0824056,1289858,1289825,0.0,69.6484375,1,0,0,803,175
1789388288.082511,1289861,1289825,17.8,93.15625,1,0,0,201,78
1789388288.082605,1289863,1289825,0.0,22.65234375,1,0,0,251,42
1789388288.0826907,1289865,1289825,0.0,73.4765625,1,0,0,166,126
1789388288.0828018,1289867,1289825,0.0,67.265625,1,0,0,162,125
1789388289.0900176,1289825,1289823,116.1,2683.6015625,79,0,209764352,212,7
1789388289.0901296,1289858,1289825,0.0,69.6484375,1,0,0,803,175
1789388289.090205,1289861,1289825,1.0,93.15625,1,0,0,202,81
1789388289.0902736,1289863,1289825,0.0,22.65234375,1,0,0,251,42
1789388289.0903397,1289865,1289825,0.0,73.4765625,1,0,0,166,126
1789388289.0904005,1289867,1289825,0.0,67.265625,1,0,0,162,125
1789388290.0976875,1289825,1289823,123.1,2683.6015625,79,0,209764352,212,7
1789388290.097801,1289858,1289825,0.0,69.6484375,1,0,0,803,175
1789388290.097879,1289861,1289825,3.0,93.15625,1,0,0,203,82
1789388290.0979466,1289863,1289825,0.0,22.65234375,1,0,0,251,42
1789388290.0980208,1289865,1289825,0.0,73.4765625,1,0,0,166,126
1789388290.098083,1289867,1289825,0.0,67.265625,1,0,0,162,125
1789388291.105787,1289825,1289823,132.9,2683.6171875,79,0,209764352,212,7
1789388291.1059072,1289858,1289825,0.0,69.6484375,1,0,0,803,175
1789388291.1059902,1289861,1289825,2.0,93.15625,1,0,0,204,83
1789388291.1060643,1289863,1289825,0.0,22.65234375,1,0,0,251,42
1789388291.1061354,1289865,1289825,0.0,73.4765625,1,0,0,166,126
1789388291.1062012,1289867,1289825,0.0,67.265625,1,0,0,162,125
1789388292.114739,1289825,1289823,144.7,2683.6328125,79,0,209764352,212,7
1789388292.114878,1289858,1289825,0.0,69.6484375,1,0,0,803,175
1789388292.11497,1289861,1289825,0.0,93.15625,1,0,0,204,83
1789388292.1150534,1289863,1289825,0.0,22.65234375,1,0,0,251,42
1789388292.115136,1289865,1289825,0.0,73.4765625,1,0,0,166,126
1789388292.1152132,1289867,1289825,0.0,67.265625,1,0,0,162,125
1789388293.1276739,1289825,1289823,130.3,2683.6328125,79,0,209764352,212,7
1789388293.1278317,1289858,1289825,0.0,69.6484375,1,0,0,803,175
1789388293.1279626,1289861,1289825,0.0,93.15625,1,0,0,205,83
1789388293.128063,1289863,1289825,0.0,22.65234375,1,0,0,251,42
1789388293.1281586,1289865,1289825,0.0,73.4765625,1,0,0,166,126
1789388293.1282508,1289867,1289825,0.0,67.265625,1,0,0,162,125
1789388294.1383538,1289825,1289823,109.8,2683.6328125,79,0,209764352,212,7
1789388294.1385155,1289858,1289825,0.0,69.6484375,1,0,0,803,175
1789388294.1386302,1289861,1289825,0.0,93.15625,1,0,0,205,83
1789388294.1387324,1289863,1289825,0.0,22.65234375,1,0,0,251,42
1789388294.1388311,1289865,1289825,0.0,73.4765625,1,0,0,166,126
1789388294.138933,1289867,1289825,0.0,67.265625,1,0,0,162,125
1789388295.1487255,1289825,1289823,121.7,2683.640625,79,0,209764352,212,7
1789388295.1488807,1289858,1289825,0.0,69.6484375,1,0,0,803,175
1789388295.148986,1289861,1289825,0.0,93.15625,1,0,0,205,83
1789388295.1490788,1289863,1289825,0.0,22.65234375,1,0,0,251,42
1789388295.149163,1289865,1289825,0.0,73.4765625,1,0,0,166,126
1789388295.149245,1289867,1289825,0.0,67.265625,1,0,0,162,125
1789388296.1575077,1289825,1289823,116.0,2683.640625,79,0,209764352,212,7
1789388296.157631,1289858,1289825,0.0,69.6484375,1,0,0,803,175
1789388296.1577132,1289861,1289825,0.0,93.15625,1,0,0,205,83
1789388296.157785,1289863,1289825,0.0,22.65234375,1,0,0,251,42
1789388296.1578643,1289865,1289825,0.0,73.4765625,1,0,0,166,126
1789388296.1579394,1289867,1289825,0.0,67.265625,1,0,0,162,125
1789388297.165321,1289825,1289823,104.2,2683.640625,79,0,209764352,212,7
1789388297.1654263,1289858,1289825,0.0,69.6484375,1,0,0,803,175
1789388297.165499,1289861,1289825,0.0,93.15625,1,0,0,205,83
1789388297.165564,1289863,1289825,0.0,22.65234375,1,0,0,251,42
1789388297.165625,1289865,1289825,0.0,73.4765625,1,0,0,166,126
1789388297.1656823,1289867,1289825,0.0,67.265625,1,0,0,162,125
1789388298.1725013,1289825,1289823,110.2,2683.640625,79,0,209764352,212,7
1789388298.172616,1289858,1289825,0.0,69.6484375,1,0,0,803,175
1789388298.1726878,1289861,1289825,0.0,93.15625,1,0,0,205,83
1789388298.1727493,1289863,1289825,0.0,22.65234375,1,0,0,251,42
1789388298.1728094,1289865,1289825,0.0,73.4765625,1,0,0,166,126
1789388298.1728795,1289867,1289825,0.0,67.265625,1,0,0,162,125
1789388299.1809351,1289825,1289823,120.0,2683.640625,79,0,209764352,212,7
1789388299.1810563,1289858,1289825,0.0,69.6484375,1,0,0,803,175
1789388299.1811364,1289861,1289825,0.0,93.15625,1,0,0,205,83
1789388299.1812096,1289863,1289825,0.0,22.65234375,1,0,0,251,42
1789388299.1812818,1289865,1289825,0.0,73.4765625,1,0,0,166,126
1789388299.181349,1289867,1289825,0.0,67.265625,1,0,0,162,125
1789388300.1895206,1289825,1289823,104.1,2683.640625,79,0,209764352,212,7
1789388300.1896424,1289858,1289825,0.0,69.6484375,1,0,0,803,175
1789388300.189727,1289861,1289825,0.0,93.15625,1,0,0,205,83
1789388300.1898053,1289863,1289825,0.0,22.65234375,1,0,0,251,42
1789388300.189889,1289865,1289825,0.0,73.4765625,1,0,0,166,126
1789388300.1899607,1289867,1289825,0.0,67.265625,1,0,0,162,125
1789388301.2000709,1289825,1289823,115.8,2683.640625,79,0,209764352,212,7
1789388301.2002416,1289858,1289825,0.0,69.6484375,1,0,0,803,175
1789388301.2003596,1289861,1289825,0.0,93.15625,1,0,0,205,83
1789388301.200463,1289863,1289825,0.0,22.65234375,1,0,0,251,42
1789388301.2005708,1289865,1289825,0.0,73.4765625,1,0,0,166,126
1789388301.2006671,1289867,1289825,0.0,67.265625,1,0,0,162,125
1789388302.2088962,1289825,1289823,111.0,2683.640625,79,0,209764352,212,7
1789388302.2090244,1289858,1289825,0.0,69.6484375,1,0,0,803,175
1789388302.209113,1289861,1289825,0.0,93.15625,1,0,0,205,83
1789388302.209194,1289863,1289825,0.0,22.65234375,1,0,0,251,42
1789388302.2092712,1289865,1289825,0.0,73.4765625,1,0,0,166,126
1789388302.2093437,1289867,1289825,0.0,67.265625,1,0,0,162,125
1789388303.2191913,1289825,1289823,105.9,2683.640625,79,0,209764352,212,7
1789388303.2193375,1289858,1289825,0.0,69.6484375,1,0,0,803,175
1789388303.2194386,1289861,1289825,0.0,93.15625,1,0,0,205,83
1789388303.2195308,1289863,1289825,0.0,22.65234375,1,0,0,251,42
1789388303.219622,1289865,1289825,0.0,73.4765625,1,0,0,166,126
1789388303.2197044,1289867,1289825,0.0,67.265625,1,0,0,162,125
1789388304.2287738,1289825,1289823,105.0,2683.640625,79,0,209764352,212,7
1789388304.2289214,1289858,1289825,0.0,69.6484375,1,0,0,803,175
1789388304.229019,1289861,1289825,0.0,93.15625,1,0,0,205,83
1789388304.2291036,1289863,1289825,0.0,22.65234375,1,0,0,251,42
1789388304.2291882,1289865,1289825,0.0,73.4765625,1,0,0,166,126
1789388304.2292664,1289867,1289825,0.0,67.265625,1,0,0,162,125
1789388305.2374249,1289825,1289823,103.1,2683.640625,79,0,209764352,212,7
1789388305.2375453,1289858,1289825,0.0,69.6484375,1,0,0,803,175
1789388305.2376263,1289861,1289825,0.0,93.15625,1,0,0,205,83
1789388305.2377017,1289863,1289825,0.0,22.65234375,1,0,0,251,42
1789388305.2377746,1289865,1289825,0.0,73.4765625,1,0,0,166,126
1789388305.23784,1289867,1289825,0.0,67.265625,1,0,0,162,125
1789388306.2458456,1289825,1289823,105.1,2683.640625,79,0,209764352,212,7
1789388306.2459762,1289858,1289825,0.0,69.6484375,1,0,0,803,175
1789388306.246058,1289861,1289825,0.0,93.15625,1,0,0,205,83
1789388306.246129,1289863,1289825,0.0,22.65234375,1,0,0,251,42
1789388306.2461977,1289865,1289825,0.0,73.4765625,1,0,0,166,126
1789388306.2462652,1289867,1289825,0.0,67.265625,1,0,0,162,125
1789388307.254998,1289825,1289823,104.0,2683.640625,79,0,209764352,212,7
1789388307.2551312,1289858,1289825,0.0,69.6484375,1,0,0,803,175
1789388307.2552195,1289861,1289825,0.0,93.15625,1,0,0,205,83
1789388307.255296,1289863,1289825,0.0,22.65234375,1,0,0,251,42
1789388307.2553701,1289865,1289825,0.0,73.4765625,1,0,0,166,126
1789388307.2554421,1289867,1289825,0.0,67.265625,1,0,0,162,125
1789388308.2657962,1289825,1289823,104.9,2683.640625,79,0,209764352,212,7
1789388308.2659528,1289858,1289825,0.0,69.6484375,1,0,0,803,175
1789388308.2660568,1289861,1289825,0.0,93.15625,1,0,0,205,83
1789388308.266148,1289863,1289825,0.0,22.65234375,1,0,0,251,42
1789388308.2662356,1289865,1289825,0.0,73.4765625,1,0,0,166,126
1789388308.2663214,1289867,1289825,0.0,67.265625,1,0,0,162,125
1789388309.2760313,1289825,1289823,103.9,2683.640625,79,0,209764352,212,7
1789388309.276176,1289858,1289825,0.0,69.6484375,1,0,0,803,175
1789388309.2762747,1289861,1289825,0.0,93.15625,1,0,0,205,83
1789388309.2763643,1289863,1289825,0.0,22.65234375,1,0,0,251,42
1789388309.2764504,1289865,1289825,0.0,73.4765625,1,0,0,166,126
1789388309.2765324,1289867,1289825,0.0,67.265625,1,0,0,162,125
1789388310.2857049,1289825,1289823,104.0,2683.640625,79,0,209764352,212,7
1789388310.2858467,1289858,1289825,0.0,69.6484375,1,0,0,803,175
1789388310.2859561,1289861,1289825,0.0,93.15625,1,0,0,205,83
1789388310.2860396,1289863,1289825,0.0,22.65234375,1,0,0,251,42
1789388310.2861202,1289865,1289825,0.0,73.4765625,1,0,0,166,126
1789388310.2861984,1289867,1289825,0.0,67.265625,1,0,0,162,125
1789388311.2943568,1289825,1289823,115.0,2683.640625,79,0,209764352,212,7
1789388311.2944741,1289858,1289825,0.0,69.6484375,1,0,0,803,175
1789388311.2945545,1289861,1289825,0.0,93.15625,1,0,0,205,83
1789388311.2946265,1289863,1289825,0.0,22.65234375,1,0,0,251,42
1789388311.2946956,1289865,1289825,0.0,73.4765625,1,0,0,166,126
1789388311.2947621,1289867,1289825,0.0,67.265625,1,0,0,162,125
1789388312.3029087,1289825,1289823,104.1,2683.640625,79,0,209764352,212,7
1789388312.303032,1289858,1289825,0.0,69.6484375,1,0,0,803,175
1789388312.3031144,1289861,1289825,0.0,93.15625,1,0,0,205,83
1789388312.3031907,1289863,1289825,0.0,22.65234375,1,0,0,251,42
1789388312.3032627,1289865,1289825,0.0,73.4765625,1,0,0,166,126
1789388312.30333,1289867,1289825,0.0,67.265625,1,0,0,162,125
1789388313.3114066,1289825,1289823,104.1,2683.640625,79,0,209764352,212,7
1789388313.3115346,1289858,1289825,0.0,69.6484375,1,0,0,803,175
1789388313.3116212,1289861,1289825,0.0,93.15625,1,0,0,205,83
1789388313.3116982,1289863,1289825,0.0,22.65234375,1,0,0,251,42
1789388313.311772,1289865,1289825,0.0,73.4765625,1,0,0,166,126
1789388313.3118446,1289867,1289825,0.0,67.265625,1,0,0,162,125
1789388314.3232245,1289825,1289823,102.8,2683.640625,79,0,209764352,212,7
1789388314.3233736,1289858,1289825,0.0,69.6484375,1,0,0,803,175
1789388314.3234766,1289861,1289825,0.0,93.15625,1,0,0,205,83
1789388314.32357,1289863,1289825,0.0,22.65234375,1,0,0,251,42
1789388314.3236594,1289865,1289825,0.0,73.4765625,1,0,0,166,126
1789388314.3237474,1289867,1289825,0.0,67.265625,1,0,0,162,125
1789388315.3341887,1289825,1289823,106.8,2683.640625,79,0,209764352,212,7
1789388315.3343573,1289858,1289825,0.0,69.6484375,1,0,0,803,175
1789388315.334476,1289861,1289825,0.0,93.15625,1,0,0,205,83
1789388315.3345826,1289863,1289825,0.0,22.65234375,1,0,0,251,42
1789388315.334685,1289865,1289825,0.0,73.4765625,1,0,0,166,126
1789388315.3347836,1289867,1289825,0.0,67.265625,1,0,0,162,125
1789388316.3462453,1289825,1289823,129.4,2683.640625,79,0,209764352,212,7
1789388316.3463924,1289858,1289825,0.0,69.6484375,1,0,0,803,175
1789388316.3464904,1289861,1289825,0.0,93.15625,1,0,0,205,83
1789388316.346575,1289863,1289825,0.0,22.65234375,1,0,0,251,42
1789388316.346657,1289865,1289825,0.0,73.4765625,1,0,0,166,126
1789388316.346736,1289867,1289825,0.0,67.265625,1,0,0,162,125
1789388317.3553133,1289825,1289823,125.9,2683.640625,79,0,209764352,212,7
1789388317.3554413,1289858,1289825,0.0,69.6484375,1,0,0,803,175
1789388317.355531,1289861,1289825,0.0,93.15625,1,0,0,205,83
1789388317.3556113,1289863,1289825,0.0,22.65234375,1,0,0,251,42
1789388317.3556821,1289865,1289825,0.0,73.4765625,1,0,0,166,126
1789388317.3557522,1289867,1289825,0.0,67.265625,1,0,0,162,125
1789388318.3634453,1289825,1289823,132.9,2683.703125,79,0,209768448,212,7
1789388318.3635674,1289858,1289825,0.0,69.6484375,1,0,0,803,175
1789388318.363653,1289861,1289825,0.0,93.15625,1,0,0,205,83
1789388318.3637316,1289863,1289825,0.0,22.65234375,1,0,0,251,42
1789388318.3638072,1289865,1289825,0.0,73.4765625,1,0,0,166,126
1789388318.36388,1289867,1289825,0.0,67.265625,1,0,0,162,125
1789388319.3709493,1289825,1289823,115.1,2683.703125,79,0,209768448,212,7
1789388319.371062,1289858,1289825,0.0,69.6484375,1,0,0,803,175
1789388319.3711364,1289861,1289825,0.0,93.15625,1,0,0,205,83
1789388319.3712025,1289863,1289825,0.0,22.65234375,1,0,0,251,42
1789388319.3712645,1289865,1289825,0.0,73.4765625,1,0,0,166,126
1789388319.371326,1289867,1289825,0.0,67.265625,1,0,0,162,125
1789388320.3788319,1289825,1289823,110.1,2683.703125,79,0,209768448,212,7
1789388320.378952,1289858,1289825,0.0,69.6484375,1,0,0,803,175
1789388320.3790295,1289861,1289825,0.0,93.15625,1,0,0,205,83
1789388320.3790982,1289863,1289825,0.0,22.65234375,1,0,0,251,42
1789388320.3791637,1289865,1289825,0.0,73.4765625,1,0,0,166,126
1789388320.3792267,1289867,1289825,0.0,67.265625,1,0,0,162,125
1789388321.3875546,1289825,1289823,129.9,2683.703125,79,0,218988544,213,7
1789388321.3876822,1289858,1289825,0.0,69.6484375,1,0,0,803,175
1789388321.3877654,1289861,1289825,0.0,93.15625,1,0,0,205,83
1789388321.3878415,1289863,1289825,17.8,29.90234375,1,0,0,281,44
1789388321.3879218,1289865,1289825,0.0,73.4765625,1,0,0,166,126
1789388321.387992,1289867,1289825,0.0,67.265625,1,0,0,162,125
1789388322.3970695,1289825,1289823,155.5,2683.703125,79,0,218988544,213,7
1789388322.3972137,1289858,1289825,0.0,69.6484375,1,0,0,803,175
1789388322.397315,1289861,1289825,0.0,93.15625,1,0,0,205,83
1789388322.3974047,1289863,1289825,23.8,50.19140625,1,0,0,290,47
1789388322.3974912,1289865,1289825,0.0,73.4765625,1,0,0,166,126
1789388322.3975732,1289867,1289825,0.0,67.265625,1,0,0,162,125
1789388323.408055,1289825,1289823,118.7,2683.703125,79,0,218988544,213,7
1789388323.4082177,1289858,1289825,0.0,69.6484375,1,0,0,803,175
1789388323.4083679,1289861,1289825,0.0,93.15625,1,0,0,205,83
1789388323.4084914,1289863,1289825,0.0,50.19140625,1,0,0,290,47
1789388323.4086223,1289865,1289825,0.0,73.4765625,1,0,0,166,126
1789388323.4087787,1289867,1289825,0.0,67.265625,1,0,0,162,125
1789388324.4190652,1289825,1289823,119.7,2683.703125,79,0,218988544,213,7
1789388324.419213,1289858,1289825,0.0,69.6484375,1,0,0,803,175
1789388324.4193149,1289861,1289825,0.0,93.15625,1,0,0,205,83
1789388324.4194062,1289863,1289825,0.0,50.19140625,1,0,0,290,47
1789388324.4194934,1289865,1289825,0.0,73.4765625,1,0,0,166,126
1789388324.4195788,1289867,1289825,0.0,67.265625,1,0,0,162,125
1789388325.42774,1289825,1289823,112.0,2683.703125,79,0,218988544,213,7
1789388325.4278688,1289858,1289825,0.0,69.6484375,1,0,0,803,175
1789388325.427954,1289861,1289825,0.0,93.15625,1,0,0,205,83
1789388325.4280295,1289863,1289825,0.0,50.19140625,1,0,0,290,47
1789388325.4281013,1289865,1289825,0.0,73.4765625,1,0,0,166,126
1789388325.42817,1289867,1289825,0.0,67.265625,1,0,0,162,125
1789388326.435234,1289825,1289823,116.1,2683.703125,79,0,218988544,213,7
1789388326.4353385,1289858,1289825,0.0,69.6484375,1,0,0,803,175
1789388326.4354093,1289861,1289825,0.0,93.15625,1,0,0,205,83
1789388326.435473,1289863,1289825,0.0,50.19140625,1,0,0,290,47
1789388326.435534,1289865,1289825,0.0,73.4765625,1,0,0,166,126
1789388326.4355922,1289867,1289825,0.0,67.265625,1,0,0,162,125
1789388327.4420133,1289825,1289823,109.3,2683.703125,79,0,218988544,213,7
1789388327.4421105,1289858,1289825,0.0,69.6484375,1,0,0,803,175
1789388327.4421742,1289861,1289825,0.0,93.15625,1,0,0,205,83
1789388327.4422317,1289863,1289825,0.0,50.19140625,1,0,0,290,47
1789388327.442286,1289865,1289825,0.0,73.4765625,1,0,0,166,126
1789388327.4423382,1289867,1289825,0.0,67.265625,1,0,0,162,125
1789388328.4493213,1289825,1289823,129.1,2683.7109375,79,0,218988544,213,7
1789388328.4494321,1289858,1289825,0.0,69.6484375,1,0,0,803,175
1789388328.449506,1289861,1289825,0.0,93.15625,1,0,0,205,83
1789388328.449571,1289863,1289825,0.0,50.19140625,1,0,0,290,47
1789388328.4496338,1289865,1289825,0.0,73.4765625,1,0,0,166,126
1789388328.449694,1289867,1289825,0.0,67.265625,1,0,0,162,125
1789388329.4576566,1289825,1289823,110.1,2683.7109375,79,0,218988544,213,7
1789388329.4577785,1289858,1289825,0.0,69.6484375,1,0,0,803,175
1789388329.4578655,1289861,1289825,0.0,93.15625,1,0,0,205,83
1789388329.457939,1289863,1289825,0.0,50.19140625,1,0,0,290,47
1789388329.4580088,1289865,1289825,0.0,73.4765625,1,0,0,166,126
1789388329.458074,1289867,1289825,0.0,67.265625,1,0,0,162,125
1789388330.4667113,1289825,1289823,103.1,2683.7109375,79,0,218988544,213,7
1789388330.466853,1289858,1289825,0.0,69.6484375,1,0,0,803,175
1789388330.4669425,1289861,1289825,0.0,93.15625,1,0,0,205,83
1789388330.4670234,1289863,1289825,0.0,50.19140625,1,0,0,290,47
1789388330.4671009,1289865,1289825,0.0,73.4765625,1,0,0,166,126
1789388330.4671798,1289867,1289825,0.0,67.265625,1,0,0,162,125
1789388331.4766517,1289825,1289823,103.0,2683.7109375,79,0,218988544,213,7
1789388331.4768486,1289858,1289825,0.0,69.6484375,1,0,0,803,175
1789388331.477019,1289861,1289825,0.0,93.15625,1,0,0,205,83
1789388331.4771702,1289863,1289825,0.0,50.19140625,1,0,0,290,47
1789388331.4772868,1289865,1289825,0.0,73.4765625,1,0,0,166,126
1789388331.477402,1289867,1289825,0.0,67.265625,1,0,0,162,125
1789388332.4867733,1289825,1289823,105.9,2683.7109375,79,0,218988544,213,7
1789388332.4869537,1289858,1289825,0.0,69.6484375,1,0,0,803,175
1789388332.4870727,1289861,1289825,0.0,93.15625,1,0,0,205,83
1789388332.4871771,1289863,1289825,0.0,50.19140625,1,0,0,290,47
1789388332.4872797,1289865,1289825,0.0,73.4765625,1,0,0,166,126
1789388332.4873755,1289867,1289825,0.0,67.265625,1,0,0,162,125
1789388333.4961703,1289825,1289823,105.0,2683.7109375,79,0,218988544,213,7
1789388333.4963245,1289858,1289825,0.0,69.6484375,1,0,0,803,175
1789388333.4964163,1289861,1289825,0.0,93.15625,1,0,0,205,83
1789388333.49652,1289863,1289825,0.0,50.19140625,1,0,0,290,47
1789388333.4966304,1289865,1289825,0.0,73.4765625,1,0,0,166,126
1789388333.4967508,1289867,1289825,0.0,67.265625,1,0,0,162,125
1789388334.5044787,1289825,1289823,107.1,2683.7109375,79,0,218988544,213,7
1789388334.5045972,1289858,1289825,0.0,69.6484375,1,0,0,803,175
1789388334.5046797,1289861,1289825,0.0,93.15625,1,0,0,205,83
1789388334.5047524,1289863,1289825,0.0,50.19140625,1,0,0,290,47
1789388334.5048215,1289865,1289825,0.0,73.4765625,1,0,0,166,126
1789388334.5049024,1289867,1289825,0.0,67.265625,1,0,0,162,125
1789388335.5117733,1289825,1289823,107.2,2683.7109375,79,0,218988544,213,7
1789388335.5118837,1289858,1289825,0.0,69.6484375,1,0,0,803,175
1789388335.5119507,1289861,1289825,0.0,93.15625,1,0,0,205,83
1789388335.5120146,1289863,1289825,0.0,50.19140625,1,0,0,290,47
1789388335.512074,1289865,1289825,0.0,73.4765625,1,0,0,166,126
1789388335.51213,1289867,1289825,0.0,67.265625,1,0,0,162,125
1789388336.519468,1289825,1289823,129.0,2683.7109375,79,0,218988544,213,7
1789388336.5195951,1289858,1289825,0.0,69.6484375,1,0,0,803,175
1789388336.519684,1289861,1289825,0.0,93.15625,1,0,0,205,83
1789388336.5197613,1289863,1289825,0.0,50.19140625,1,0,0,290,47
1789388336.5198393,1289865,1289825,0.0,73.4765625,1,0,0,166,126
1789388336.5199149,1289867,1289825,0.0,67.265625,1,0,0,162,125
1789388337.5279393,1289825,1289823,132.9,2683.72265625,79,0,231432192,214,7
1789388337.5280828,1289858,1289825,74.4,65.6484375,1,0,0,881,254
1789388337.5281813,1289861,1289825,0.0,93.15625,1,0,0,205,83
1789388337.5282695,1289863,1289825,0.0,50.19140625,1,0,0,290,47
1789388337.528352,1289865,1289825,0.0,73.4765625,1,0,0,166,126
1789388337.528436,1289867,1289825,0.0,67.265625,1,0,0,162,125
1789388338.5372305,1289825,1289823,135.7,2684.5625,79,0,231432192,214,7
1789388338.537366,1289858,1289825,58.5,81.1328125,1,0,0,892,266
1789388338.537457,1289861,1289825,0.0,93.15625,1,0,0,205,83
1789388338.537541,1289863,1289825,0.0,50.19140625,1,0,0,290,47
1789388338.5376217,1289865,1289825,0.0,73.4765625,1,0,0,166,126
1789388338.537698,1289867,1289825,0.0,67.265625,1,0,0,162,125
1789388339.5475955,1289825,1289823,110.9,2684.5625,79,0,231432192,214,7
1789388339.5477517,1289858,1289825,0.0,81.1328125,1,0,0,892,266
1789388339.5478709,1289861,1289825,0.0,93.15625,1,0,0,205,83
1789388339.547981,1289863,1289825,0.0,50.19140625,1,0,0,290,47
1789388339.5480742,1289865,1289825,0.0,73.4765625,1,0,0,166,126
1789388339.5481627,1289867,1289825,0.0,67.265625,1,0,0,162,125
1789388340.5564914,1289825,1289823,151.7,2684.5625,79,0,231432192,214,7
1789388340.5566278,1289858,1289825,0.0,81.1328125,1,0,0,892,266
1789388340.5567255,1289861,1289825,0.0,93.15625,1,0,0,205,83
1789388340.556809,1289863,1289825,0.0,50.19140625,1,0,0,290,47
1789388340.5568933,1289865,1289825,0.0,73.4765625,1,0,0,166,126
1789388340.5569723,1289867,1289825,0.0,67.265625,1,0,0,162,125
1789388341.5641725,1289825,1289823,172.7,2684.5625,79,0,231432192,214,7
1789388341.5642862,1289858,1289825,0.0,81.1328125,1,0,0,892,266
1789388341.5643635,1289861,1289825,0.0,93.15625,1,0,0,205,83
1789388341.5644345,1289863,1289825,0.0,50.19140625,1,0,0,290,47
1789388341.5645022,1289865,1289825,0.0,73.4765625,1,0,0,166,126
1789388341.5645664,1289867,1289825,0.0,67.265625,1,0,0,162,125
1789388342.5713778,1289825,1289823,128.1,2684.578125,79,0,231432192,214,7
1789388342.571485,1289858,1289825,0.0,81.1328125,1,0,0,892,266
1789388342.571555,1289861,1289825,0.0,93.15625,1,0,0,205,83
1789388342.5716214,1289863,1289825,0.0,50.19140625,1,0,0,290,47
1789388342.571682,1289865,1289825,0.0,73.4765625,1,0,0,166,126
1789388342.5717392,1289867,1289825,0.0,67.265625,1,0,0,162,125
1789388343.5779922,1289825,1289823,122.2,2684.578125,79,0,237400064,215,7
1789388343.5780904,1289858,1289825,0.0,81.1328125,1,0,0,892,266
1789388343.5781517,1289861,1289825,0.0,93.15625,1,0,0,205,83
1789388343.5782053,1289863,1289825,0.0,50.19140625,1,0,0,290,47
1789388343.5782585,1289865,1289825,0.0,73.4765625,1,0,0,166,126
1789388343.5783088,1289867,1289825,0.0,67.265625,1,0,0,162,125
1789388344.5850582,1289825,1289823,108.2,2684.578125,79,0,237400064,215,7
1789388344.585166,1289858,1289825,0.0,81.1328125,1,0,0,892,266
1789388344.5852377,1289861,1289825,0.0,93.15625,1,0,0,205,83
1789388344.5853033,1289863,1289825,0.0,50.19140625,1,0,0,290,47
1789388344.5853667,1289865,1289825,0.0,73.4765625,1,0,0,166,126
1789388344.585428,1289867,1289825,0.0,67.265625,1,0,0,162,125
1789388345.5930955,1289825,1289823,129.0,2684.578125,79,0,237400064,215,7
1789388345.5932121,1289858,1289825,1.0,81.1328125,1,0,0,893,267
1789388345.593291,1289861,1289825,0.0,93.15625,1,0,0,205,83
1789388345.593362,1289863,1289825,0.0,50.19140625,1,0,0,290,47
1789388345.593431,1289865,1289825,0.0,73.4765625,1,0,0,166,126
1789388345.5934975,1289867,1289825,0.0,67.265625,1,0,0,162,125
1789388346.6009953,1289825,1289823,167.7,2684.578125,79,0,237400064,215,7
1789388346.6011193,1289858,1289825,9.9,81.1328125,1,0,0,898,274
1789388346.601202,1289861,1289825,0.0,93.15625,1,0,0,205,83
1789388346.6012774,1289863,1289825,0.0,50.19140625,1,0,0,290,47
1789388346.6013513,1289865,1289825,0.0,73.4765625,1,0,0,166,126
1789388346.6014185,1289867,1289825,0.0,67.265625,1,0,0,162,125
1789388347.6094306,1289825,1289823,123.0,2684.578125,79,0,237400064,215,7
1789388347.6095574,1289858,1289825,5.0,81.1328125,1,0,0,901,277
1789388347.6096423,1289861,1289825,0.0,93.15625,1,0,0,205,83
1789388347.6097178,1289863,1289825,0.0,50.19140625,1,0,0,290,47
1789388347.609792,1289865,1289825,0.0,73.4765625,1,0,0,166,126
1789388347.609868,1289867,1289825,0.0,67.265625,1,0,0,162,125
1789388348.618282,1289825,1289823,118.9,2684.578125,79,0,237400064,215,7
1789388348.618403,1289858,1289825,0.0,81.1328125,1,0,0,902,277
1789388348.6184866,1289861,1289825,0.0,93.15625,1,0,0,205,83
1789388348.6185591,1289863,1289825,0.0,50.19140625,1,0,0,290,47
1789388348.618631,1289865,1289825,0.0,73.4765625,1,0,0,166,126
1789388348.6187,1289867,1289825,0.0,67.265625,1,0,0,162,125
1789388349.6254842,1289825,1289823,108.2,2684.578125,79,0,237400064,215,7
1789388349.6255891,1289858,1289825,0.0,81.1328125,1,0,0,902,277
1789388349.62566,1289861,1289825,0.0,93.15625,1,0,0,205,83
1789388349.6257238,1289863,1289825,0.0,50.19140625,1,0,0,290,47
1789388349.6257834,1289865,1289825,0.0,73.4765625,1,0,0,166,126
1789388349.6258464,1289867,1289825,0.0,67.265625,1,0,0,162,125
1789388350.6333435,1289825,1289823,105.2,2684.578125,79,0,237400064,215,7
1789388350.6334572,1289858,1289825,0.0,81.1328125,1,0,0,902,277
1789388350.6335351,1289861,1289825,0.0,93.15625,1,0,0,205,83
1789388350.633605,1289863,1289825,0.0,50.19140625,1,0,0,290,47
1789388350.63368,1289865,1289825,0.0,73.4765625,1,0,0,166,126
1789388350.6337492,1289867,1289825,0.0,67.265625,1,0,0,162,125
1789388351.6417718,1289825,1289823,116.0,2684.578125,79,0,237400064,215,7
1789388351.6418998,1289858,1289825,0.0,81.1328125,1,0,0,902,277
1789388351.6419826,1289861,1289825,0.0,93.15625,1,0,0,205,83
1789388351.6420588,1289863,1289825,0.0,50.19140625,1,0,0,290,47
1789388351.642133,1289865,1289825,0.0,73.4765625,1,0,0,166,126
1789388351.6422036,1289867,1289825,0.0,67.265625,1,0,0,162,125
1789388352.65135,1289825,1289823,179.3,2684.578125,79,0,237404160,215,7
1789388352.6515121,1289858,1289825,0.0,81.1328125,1,0,0,902,277
1789388352.6516242,1289861,1289825,0.0,93.15625,1,0,0,205,83
1789388352.6517222,1289863,1289825,0.0,50.19140625,1,0,0,290,47
1789388352.6518054,1289865,1289825,0.0,73.4765625,1,0,0,166,126
1789388352.6518936,1289867,1289825,0.0,67.265625,1,0,0,162,125
1789388353.663555,1289825,1289823,168.0,2684.578125,79,0,237404160,215,7
1789388353.6637204,1289858,1289825,0.0,81.1328125,1,0,0,902,277
1789388353.6638296,1289861,1289825,0.0,93.15625,1,0,0,205,83
1789388353.6639345,1289863,1289825,0.0,50.19140625,1,0,0,290,47
1789388353.664033,1289865,1289825,0.0,73.4765625,1,0,0,166,126
1789388353.6641266,1289867,1289825,0.0,67.265625,1,0,0,162,125
1789388354.6726515,1289825,1289823,184.3,2684.578125,79,0,237404160,215,7
1789388354.672788,1289858,1289825,0.0,81.1328125,1,0,0,902,277
1789388354.6728828,1289861,1289825,0.0,93.15625,1,0,0,205,83
1789388354.6729655,1289863,1289825,0.0,50.19140625,1,0,0,290,47
1789388354.6730487,1289865,1289825,0.0,73.4765625,1,0,0,166,126
1789388354.6731277,1289867,1289825,0.0,67.265625,1,0,0,162,125
1789388355.6809201,1289825,1289823,150.8,2684.578125,79,0,237404160,215,7
1789388355.6810374,1289858,1289825,0.0,81.1328125,1,0,0,902,277
1789388355.6811147,1289861,1289825,0.0,93.15625,1,0,0,205,83
1789388355.681184,1289863,1289825,0.0,50.19140625,1,0,0,290,47
1789388355.6812499,1289865,1289825,0.0,73.4765625,1,0,0,166,126
1789388355.6813147,1289867,1289825,0.0,67.265625,1,0,0,162,125
1789388356.6879802,1289825,1289823,101.3,2684.578125,79,0,237404160,215,7
1789388356.6881151,1289858,1289825,0.0,81.1328125,1,0,0,902,277
1789388356.6882215,1289861,1289825,0.0,93.15625,1,0,0,205,83
1789388356.6883197,1289863,1289825,0.0,50.19140625,1,0,0,290,47
1789388356.6884172,1289865,1289825,0.0,73.4765625,1,0,0,166,126
1789388356.688503,1289867,1289825,0.0,67.265625,1,0,0,162,125
1789388357.6949906,1289825,1289823,100.3,2684.578125,79,0,237404160,215,7
1789388357.6950872,1289858,1289825,0.0,81.1328125,1,0,0,902,277
1789388357.695149,1289861,1289825,0.0,93.15625,1,0,0,205,83
1789388357.6952043,1289863,1289825,0.0,50.19140625,1,0,0,290,47
1789388357.695258,1289865,1289825,0.0,73.4765625,1,0,0,166,126
1789388357.6953106,1289867,1289825,0.0,67.265625,1,0,0,162,125
1789388358.7025163,1289825,1289823,100.2,2684.578125,79,0,237404160,215,7
1789388358.7026265,1289858,1289825,0.0,81.1328125,1,0,0,902,277
1789388358.7026994,1289861,1289825,0.0,93.15625,1,0,0,205,83
1789388358.7027647,1289863,1289825,0.0,50.19140625,1,0,0,290,47
1789388358.7028265,1289865,1289825,0.0,73.4765625,1,0,0,166,126
1789388358.70289,1289867,1289825,0.0,67.265625,1,0,0,162,125
