concurrency,round,file,stage,count,total_ms,max_ms
1,1,2303.18223v16.pdf,DocumentContext,1,16.156275,16.156275
1,1,2303.18223v16.pdf,LayoutInference,144,12494.506793000008,207.624595
1,1,2303.18223v16.pdf,LayoutPostprocess,144,1.8444840000000005,0.037886
1,1,2303.18223v16.pdf,LayoutPreprocess,144,2795.4414269999993,33.894672
1,1,2303.18223v16.pdf,LayoutQueue,144,24083.164765000012,419.971068
1,1,2303.18223v16.pdf,LayoutReadback,144,0.5870179999999999,0.018671
1,1,2303.18223v16.pdf,LinkValidate,1,66.311545,66.311545
1,1,2303.18223v16.pdf,Ocr,16,70796.263157,7983.0348349999995
1,1,2303.18223v16.pdf,OcrDecode,717,2.292777999999999,0.13290200000000002
1,1,2303.18223v16.pdf,OcrDetectionInference,16,2681.243421,201.623343
1,1,2303.18223v16.pdf,OcrDetectionPostprocess,16,259.36985,21.982453999999997
1,1,2303.18223v16.pdf,OcrDetectionPreprocess,16,730.567195,59.803993999999996
1,1,2303.18223v16.pdf,OcrOrientationInference,717,3706.9693719999996,123.833102
1,1,2303.18223v16.pdf,OcrQueue,1466,42645.772363999975,3546.3929080000003
1,1,2303.18223v16.pdf,OcrRecognitionInference,717,19910.556953999996,484.074888
1,1,2303.18223v16.pdf,OcrRecognitionPreprocess,1434,214.72865199999978,2.032375
1,1,2303.18223v16.pdf,ParseTotal,1,23918.320041000003,23918.320041000003
1,1,2303.18223v16.pdf,PdfOpen,1,1.268435,1.268435
1,1,2303.18223v16.pdf,PdfRender,144,1763.9853530000003,88.768263
1,1,2303.18223v16.pdf,TableExternal,1,940.696513,940.696513
1,1,2303.18223v16.pdf,TableFill,1,1.239651,1.239651
1,1,2303.18223v16.pdf,TableRules,24,36.910944,4.415125
1,1,2303.18223v16.pdf,TextExtract,144,1745.3254149999996,25.108396000000003
1,1,2303.18223v16.pdf,TextFinish,288,5514.207865000004,121.08358199999999
1,1,2303.18223v16.pdf,TextPrepare,144,20.393772,0.601415
1,1,2303.18223v16.pdf,TsrInference,5,927.8237660000001,735.873145
1,1,2303.18223v16.pdf,TsrPostprocess,5,0.18205,0.090317
1,1,2303.18223v16.pdf,TsrPreprocess,5,8.044410999999998,2.744945
1,1,2303.18223v16.pdf,TsrQueue,5,0.966467,0.25335
1,1,2403.01632v4.pdf,DocumentContext,1,3.948971,3.948971
1,1,2403.01632v4.pdf,LayoutInference,47,4667.551720000002,275.29722
1,1,2403.01632v4.pdf,LayoutPostprocess,47,0.8246589999999999,0.073176
1,1,2403.01632v4.pdf,LayoutPreprocess,47,921.9301640000003,33.685769
1,1,2403.01632v4.pdf,LayoutQueue,47,9429.387385,461.55162
1,1,2403.01632v4.pdf,LayoutReadback,47,0.2694789999999999,0.013125000000000001
1,1,2403.01632v4.pdf,LinkValidate,1,11.565330000000001,11.565330000000001
1,1,2403.01632v4.pdf,Ocr,13,49587.82369600001,6859.248445
1,1,2403.01632v4.pdf,OcrDecode,417,1.6772799999999997,0.025457999999999998
1,1,2403.01632v4.pdf,OcrDetectionInference,13,2081.8098050000003,202.008309
1,1,2403.01632v4.pdf,OcrDetectionPostprocess,13,144.891574,19.724212
1,1,2403.01632v4.pdf,OcrDetectionPreprocess,13,571.1396840000001,49.824475
1,1,2403.01632v4.pdf,OcrOrientationInference,417,2366.8606389999995,180.472378
1,1,2403.01632v4.pdf,OcrQueue,860,31286.822655999993,4259.6767199999995
1,1,2403.01632v4.pdf,OcrRecognitionInference,417,12450.280891,413.822145
1,1,2403.01632v4.pdf,OcrRecognitionPreprocess,834,254.19206500000018,3.4433279999999997
1,1,2403.01632v4.pdf,ParseTotal,1,14858.148955,14858.148955
1,1,2403.01632v4.pdf,PdfOpen,1,0.483921,0.483921
1,1,2403.01632v4.pdf,PdfRender,47,569.2630189999999,50.642452999999996
1,1,2403.01632v4.pdf,TableRules,7,4.0981060000000005,1.2154019999999999
1,1,2403.01632v4.pdf,TextExtract,47,347.88597400000003,13.080041000000001
1,1,2403.01632v4.pdf,TextFinish,94,666.7628549999998,30.928937
1,1,2403.01632v4.pdf,TextPrepare,47,4.022680000000001,0.197927
1,1,2410.05779v3.pdf,DocumentContext,1,0.95138,0.95138
1,1,2410.05779v3.pdf,LayoutInference,16,1399.078927,154.119686
1,1,2410.05779v3.pdf,LayoutPostprocess,16,0.179208,0.028481
1,1,2410.05779v3.pdf,LayoutPreprocess,16,301.288316,22.367618
1,1,2410.05779v3.pdf,LayoutQueue,16,3364.3456109999997,334.980007
1,1,2410.05779v3.pdf,LayoutReadback,16,0.1203,0.014461
1,1,2410.05779v3.pdf,LinkValidate,1,4.543348,4.543348
1,1,2410.05779v3.pdf,Ocr,5,29288.771604999994,8560.598904999999
1,1,2410.05779v3.pdf,OcrDecode,291,1.6391189999999993,0.14223
1,1,2410.05779v3.pdf,OcrDetectionInference,5,669.84841,163.429293
1,1,2410.05779v3.pdf,OcrDetectionPostprocess,5,57.887007000000004,19.779371
1,1,2410.05779v3.pdf,OcrDetectionPreprocess,5,222.94010099999997,55.495127
1,1,2410.05779v3.pdf,OcrOrientationInference,291,743.2756349999997,59.721573
1,1,2410.05779v3.pdf,OcrQueue,592,17245.51945800003,4347.150845
1,1,2410.05779v3.pdf,OcrRecognitionInference,291,9690.805010000002,445.353485
1,1,2410.05779v3.pdf,OcrRecognitionPreprocess,582,336.88414299999977,4.221813
1,1,2410.05779v3.pdf,ParseTotal,1,10821.666437,10821.666437
1,1,2410.05779v3.pdf,PdfOpen,1,0.291631,0.291631
1,1,2410.05779v3.pdf,PdfRender,16,222.14188499999997,25.414278
1,1,2410.05779v3.pdf,TableRules,6,10.088494,3.185637
1,1,2410.05779v3.pdf,TextExtract,16,132.57819099999998,14.525078
1,1,2410.05779v3.pdf,TextFinish,32,177.13807099999997,33.35012
1,1,2410.05779v3.pdf,TextPrepare,16,1.220097,0.19955099999999998
1,1,2412.05210v1.pdf,DocumentContext,1,36.192636,36.192636
1,1,2412.05210v1.pdf,LayoutInference,12,1259.378754,206.411115
1,1,2412.05210v1.pdf,LayoutPostprocess,12,0.191513,0.06803
1,1,2412.05210v1.pdf,LayoutPreprocess,12,235.314968,21.471563
1,1,2412.05210v1.pdf,LayoutQueue,12,1753.14936,361.807127
1,1,2412.05210v1.pdf,LayoutReadback,12,0.09375299999999999,0.016524999999999998
1,1,2412.05210v1.pdf,LinkValidate,1,13.274256999999999,13.274256999999999
1,1,2412.05210v1.pdf,Ocr,6,28881.098532,7907.8950350000005
1,1,2412.05210v1.pdf,OcrDecode,439,1.818811000000002,0.110498
1,1,2412.05210v1.pdf,OcrDetectionInference,6,1240.876189,437.380447
1,1,2412.05210v1.pdf,OcrDetectionPostprocess,6,92.19849,17.895376000000002
1,1,2412.05210v1.pdf,OcrDetectionPreprocess,6,292.010249,53.442403
1,1,2412.05210v1.pdf,OcrOrientationInference,439,633.2648420000008,48.68322499999999
1,1,2412.05210v1.pdf,OcrQueue,890,16579.345060000007,3789.919422
1,1,2412.05210v1.pdf,OcrRecognitionInference,439,9394.984899999998,299.473435
1,1,2412.05210v1.pdf,OcrRecognitionPreprocess,878,230.34015799999992,2.137679
1,1,2412.05210v1.pdf,ParseTotal,1,10754.10733,10754.10733
1,1,2412.05210v1.pdf,PdfOpen,1,0.241001,0.241001
1,1,2412.05210v1.pdf,PdfRender,12,274.36783499999996,66.74520100000001
1,1,2412.05210v1.pdf,TableRules,4,20.403768000000003,10.214318
1,1,2412.05210v1.pdf,TextExtract,12,170.924834,19.815348
1,1,2412.05210v1.pdf,TextFinish,24,492.05380699999995,225.966464
1,1,2412.05210v1.pdf,TextPrepare,12,1.8734079999999997,0.49017299999999997
1,1,2603.01919v2.pdf,DocumentContext,1,1.756777,1.756777
1,1,2603.01919v2.pdf,LayoutInference,23,2335.8700900000003,210.089323
1,1,2603.01919v2.pdf,LayoutPostprocess,23,0.309426,0.031655
1,1,2603.01919v2.pdf,LayoutPreprocess,23,505.75983799999995,26.2561
1,1,2603.01919v2.pdf,LayoutQueue,23,4289.390396,323.249213
1,1,2603.01919v2.pdf,LayoutReadback,23,0.14732399999999998,0.01405
1,1,2603.01919v2.pdf,LinkValidate,1,12.997615,12.997615
1,1,2603.01919v2.pdf,Ocr,10,49106.073233,9735.873467
1,1,2603.01919v2.pdf,OcrDecode,1101,2.9164769999999947,0.06361
1,1,2603.01919v2.pdf,OcrDetectionInference,10,1514.31585,202.208488
1,1,2603.01919v2.pdf,OcrDetectionPostprocess,10,127.62065100000001,15.786624999999999
1,1,2603.01919v2.pdf,OcrDetectionPreprocess,10,470.387053,50.283694
1,1,2603.01919v2.pdf,OcrOrientationInference,1101,2921.7051479999986,133.406927
1,1,2603.01919v2.pdf,OcrQueue,2222,28637.005590999983,5075.989306
1,1,2603.01919v2.pdf,OcrRecognitionInference,1101,14204.311896999981,440.39117300000004
1,1,2603.01919v2.pdf,OcrRecognitionPreprocess,2202,266.6774770000004,4.449704
1,1,2603.01919v2.pdf,ParseTotal,1,15834.090468999999,15834.090468999999
1,1,2603.01919v2.pdf,PdfOpen,1,0.9351309999999999,0.9351309999999999
1,1,2603.01919v2.pdf,PdfRender,23,659.2131959999999,121.99616400000001
1,1,2603.01919v2.pdf,TableExternal,1,492.76513500000004,492.76513500000004
1,1,2603.01919v2.pdf,TableFill,1,0.271959,0.271959
1,1,2603.01919v2.pdf,TableRules,18,23.976190000000003,4.591531000000001
1,1,2603.01919v2.pdf,TextExtract,23,316.678109,44.643681
1,1,2603.01919v2.pdf,TextFinish,46,552.801875,75.15840299999999
1,1,2603.01919v2.pdf,TextPrepare,23,2.2892720000000004,0.176543
1,1,2603.01919v2.pdf,TsrInference,3,486.943272,382.287352
1,1,2603.01919v2.pdf,TsrPostprocess,3,0.295527,0.194267
1,1,2603.01919v2.pdf,TsrPreprocess,3,4.022783,2.3357970000000003
1,1,2603.01919v2.pdf,TsrQueue,3,0.461877,0.233518
1,1,2604.18583v1.pdf,DocumentContext,1,1.713441,1.713441
1,1,2604.18583v1.pdf,LayoutInference,15,1512.317931,183.882492
1,1,2604.18583v1.pdf,LayoutPostprocess,15,0.264403,0.058663
1,1,2604.18583v1.pdf,LayoutPreprocess,15,323.7141730000001,28.019293
1,1,2604.18583v1.pdf,LayoutQueue,15,1188.62339,255.77782900000003
1,1,2604.18583v1.pdf,LayoutReadback,15,0.10928999999999998,0.021609
1,1,2604.18583v1.pdf,LinkValidate,1,6.187822,6.187822
1,1,2604.18583v1.pdf,Ocr,8,11310.965723000001,2520.381156
1,1,2604.18583v1.pdf,OcrDecode,100,0.339542,0.032785
1,1,2604.18583v1.pdf,OcrDetectionInference,8,1505.8075079999999,526.752934
1,1,2604.18583v1.pdf,OcrDetectionPostprocess,8,121.94091400000002,27.330661
1,1,2604.18583v1.pdf,OcrDetectionPreprocess,8,358.791577,50.7756
1,1,2604.18583v1.pdf,OcrOrientationInference,100,501.86687900000004,120.598859
1,1,2604.18583v1.pdf,OcrQueue,216,6234.373864,1016.4523510000001
1,1,2604.18583v1.pdf,OcrRecognitionInference,100,2451.12345,337.721379
1,1,2604.18583v1.pdf,OcrRecognitionPreprocess,200,38.48577900000001,2.377441
1,1,2604.18583v1.pdf,ParseTotal,1,3739.132495,3739.132495
1,1,2604.18583v1.pdf,PdfOpen,1,0.307465,0.307465
1,1,2604.18583v1.pdf,PdfRender,15,1537.589203,531.5792270000001
1,1,2604.18583v1.pdf,TableRules,2,1.445826,0.823169
1,1,2604.18583v1.pdf,TextExtract,15,164.884574,18.51784
1,1,2604.18583v1.pdf,TextFinish,30,496.64064800000006,179.024977
1,1,2604.18583v1.pdf,TextPrepare,15,2.059632,0.628596
1,1,2604.18584v1.pdf,DocumentContext,1,2.098151,2.098151
1,1,2604.18584v1.pdf,LayoutInference,32,3472.192934,188.93878
1,1,2604.18584v1.pdf,LayoutPostprocess,32,0.39838599999999996,0.034983
1,1,2604.18584v1.pdf,LayoutPreprocess,32,674.15113,32.215342
1,1,2604.18584v1.pdf,LayoutQueue,32,4735.772738000001,338.478259
1,1,2604.18584v1.pdf,LayoutReadback,32,0.22769999999999999,0.015636
1,1,2604.18584v1.pdf,LinkValidate,1,11.495454,11.495454
1,1,2604.18584v1.pdf,Ocr,13,75672.481479,16517.344390000002
1,1,2604.18584v1.pdf,OcrDecode,882,3.7656399999999968,0.093148
1,1,2604.18584v1.pdf,OcrDetectionInference,13,2130.598594,199.051058
1,1,2604.18584v1.pdf,OcrDetectionPostprocess,13,138.469049,18.416141
1,1,2604.18584v1.pdf,OcrDetectionPreprocess,13,628.7175749999999,62.918764
1,1,2604.18584v1.pdf,OcrOrientationInference,882,1691.089740999998,134.121369
1,1,2604.18584v1.pdf,OcrQueue,1790,45392.93516599993,4793.280168
1,1,2604.18584v1.pdf,OcrRecognitionInference,882,24284.12668699999,436.661115
1,1,2604.18584v1.pdf,OcrRecognitionPreprocess,1764,531.3155570000008,3.47584
1,1,2604.18584v1.pdf,ParseTotal,1,26120.273305000002,26120.273305000002
1,1,2604.18584v1.pdf,PdfOpen,1,0.416763,0.416763
1,1,2604.18584v1.pdf,PdfRender,32,503.650995,89.659453
1,1,2604.18584v1.pdf,TableExternal,2,790.8263469999999,419.616184
1,1,2604.18584v1.pdf,TableFill,2,0.15922099999999997,0.14354999999999998
1,1,2604.18584v1.pdf,TableRules,18,29.388341000000004,8.588741
1,1,2604.18584v1.pdf,TextExtract,32,242.47941600000001,25.131559000000003
1,1,2604.18584v1.pdf,TextFinish,64,470.09035300000005,50.511714
1,1,2604.18584v1.pdf,TextPrepare,32,1.999204,0.158614
1,1,2604.18584v1.pdf,TsrInference,2,785.7042200000001,415.519195
1,1,2604.18584v1.pdf,TsrPostprocess,2,0.04972900000000001,0.040380000000000006
1,1,2604.18584v1.pdf,TsrPreprocess,2,4.30546,3.681855
1,1,2604.18584v1.pdf,TsrQueue,2,0.315486,0.204336
1,1,2604.21959v1.pdf,DocumentContext,1,0.422337,0.422337
1,1,2604.21959v1.pdf,LayoutInference,3,234.865073,89.065264
1,1,2604.21959v1.pdf,LayoutPostprocess,3,0.030396,0.011942
1,1,2604.21959v1.pdf,LayoutPreprocess,3,60.747828,21.230822
1,1,2604.21959v1.pdf,LayoutQueue,3,183.40992,120.58434199999999
1,1,2604.21959v1.pdf,LayoutReadback,3,0.018567,0.0073869999999999995
1,1,2604.21959v1.pdf,LinkValidate,1,0.493128,0.493128
1,1,2604.21959v1.pdf,Ocr,2,2543.610715,1850.929265
1,1,2604.21959v1.pdf,OcrDecode,87,0.36265,0.017022000000000002
1,1,2604.21959v1.pdf,OcrDetectionInference,2,271.583172,151.943423
1,1,2604.21959v1.pdf,OcrDetectionPostprocess,2,27.870475000000003,19.228812
1,1,2604.21959v1.pdf,OcrDetectionPreprocess,2,91.990085,49.137691
1,1,2604.21959v1.pdf,OcrOrientationInference,87,188.45529299999993,99.300661
1,1,2604.21959v1.pdf,OcrQueue,178,372.9210810000001,69.118347
1,1,2604.21959v1.pdf,OcrRecognitionInference,87,1436.3418070000005,48.61364
1,1,2604.21959v1.pdf,OcrRecognitionPreprocess,174,60.86883999999999,3.073395
1,1,2604.21959v1.pdf,ParseTotal,1,2144.590431,2144.590431
1,1,2604.21959v1.pdf,PdfOpen,1,0.268194,0.268194
1,1,2604.21959v1.pdf,PdfRender,3,34.750575999999995,11.976696
1,1,2604.21959v1.pdf,TextExtract,3,20.833717,8.810632
1,1,2604.21959v1.pdf,TextFinish,6,23.423859999999998,11.36482
1,1,2604.21959v1.pdf,TextPrepare,3,0.144483,0.066819
1,1,2606.17056v1.pdf,DocumentContext,1,3.920593,3.920593
1,1,2606.17056v1.pdf,LayoutInference,25,2819.0906849999997,263.13579999999996
1,1,2606.17056v1.pdf,LayoutPostprocess,25,0.28842399999999996,0.033662
1,1,2606.17056v1.pdf,LayoutPreprocess,25,481.98307299999993,21.426631
1,1,2606.17056v1.pdf,LayoutQueue,25,3252.518727,371.04028100000005
1,1,2606.17056v1.pdf,LayoutReadback,25,0.14529100000000003,0.00897
1,1,2606.17056v1.pdf,LinkValidate,1,6.053875000000001,6.053875000000001
1,1,2606.17056v1.pdf,Ocr,15,45590.184498,5348.80843
1,1,2606.17056v1.pdf,OcrDecode,831,2.4201439999999996,0.148639
1,1,2606.17056v1.pdf,OcrDetectionInference,15,2702.516572,520.906542
1,1,2606.17056v1.pdf,OcrDetectionPostprocess,15,166.11318599999998,18.394606
1,1,2606.17056v1.pdf,OcrDetectionPreprocess,15,723.2190759999999,67.570786
1,1,2606.17056v1.pdf,OcrOrientationInference,831,2425.942951000001,170.98048599999998
1,1,2606.17056v1.pdf,OcrQueue,1692,27983.163270000005,2608.6655849999997
1,1,2606.17056v1.pdf,OcrRecognitionInference,831,10627.365435,292.90586
1,1,2606.17056v1.pdf,OcrRecognitionPreprocess,1662,223.81235199999983,3.478135
1,1,2606.17056v1.pdf,ParseTotal,1,13179.377422,13179.377422
1,1,2606.17056v1.pdf,PdfOpen,1,0.774114,0.774114
1,1,2606.17056v1.pdf,PdfRender,25,292.528388,19.613577
1,1,2606.17056v1.pdf,TableRules,4,4.161859,1.477803
1,1,2606.17056v1.pdf,TextExtract,25,181.07106199999996,13.251583
1,1,2606.17056v1.pdf,TextFinish,50,236.900091,19.080681
1,1,2606.17056v1.pdf,TextPrepare,25,1.5573510000000002,0.114589
1,1,2609.04180v1.pdf,DocumentContext,1,3.028308,3.028308
1,1,2609.04180v1.pdf,LayoutInference,23,2365.588064,203.113335
1,1,2609.04180v1.pdf,LayoutPostprocess,23,0.269033,0.040513
1,1,2609.04180v1.pdf,LayoutPreprocess,23,511.7740049999999,30.287593
1,1,2609.04180v1.pdf,LayoutQueue,23,3708.284682000001,359.920665
1,1,2609.04180v1.pdf,LayoutReadback,23,0.11266299999999999,0.008173
1,1,2609.04180v1.pdf,LinkValidate,1,8.300790000000001,8.300790000000001
1,1,2609.04180v1.pdf,Ocr,9,40196.101937,9239.508956
1,1,2609.04180v1.pdf,OcrDecode,755,2.335510999999999,0.11178199999999999
1,1,2609.04180v1.pdf,OcrDetectionInference,9,1928.758121,567.940252
1,1,2609.04180v1.pdf,OcrDetectionPostprocess,9,107.140258,15.020285
1,1,2609.04180v1.pdf,OcrDetectionPreprocess,9,421.413706,52.672909
1,1,2609.04180v1.pdf,OcrOrientationInference,755,2004.0626320000013,189.839389
1,1,2609.04180v1.pdf,OcrQueue,1528,24039.975211999972,5818.320067000001
1,1,2609.04180v1.pdf,OcrRecognitionInference,755,10785.082311999997,216.158581
1,1,2609.04180v1.pdf,OcrRecognitionPreprocess,1510,225.69235099999977,3.600322
1,1,2609.04180v1.pdf,ParseTotal,1,12891.96253,12891.96253
1,1,2609.04180v1.pdf,PdfOpen,1,0.840363,0.840363
1,1,2609.04180v1.pdf,PdfRender,23,392.270916,43.087812
1,1,2609.04180v1.pdf,TableRules,12,5.6251,1.027954
1,1,2609.04180v1.pdf,TextExtract,23,231.11043800000007,25.535075
1,1,2609.04180v1.pdf,TextFinish,46,406.5200869999999,33.88593
1,1,2609.04180v1.pdf,TextPrepare,23,2.3016010000000002,0.32663400000000004
1,1,2609.04184v1.pdf,DocumentContext,1,1.113663,1.113663
1,1,2609.04184v1.pdf,LayoutInference,8,807.2175430000001,222.775439
1,1,2609.04184v1.pdf,LayoutPostprocess,8,0.08530700000000001,0.015021000000000001
1,1,2609.04184v1.pdf,LayoutPreprocess,8,177.02989699999998,25.832249
1,1,2609.04184v1.pdf,LayoutQueue,8,1304.7139769999999,258.23339899999996
1,1,2609.04184v1.pdf,LayoutReadback,8,0.036585,0.006601
1,1,2609.04184v1.pdf,LinkValidate,1,4.004867,4.004867
1,1,2609.04184v1.pdf,Ocr,5,17359.807275,4562.201804
1,1,2609.04184v1.pdf,OcrDecode,239,0.8029210000000002,0.016204
1,1,2609.04184v1.pdf,OcrDetectionInference,5,1047.7423840000001,509.55663100000004
1,1,2609.04184v1.pdf,OcrDetectionPostprocess,5,72.269689,17.270246
1,1,2609.04184v1.pdf,OcrDetectionPreprocess,5,237.548912,55.27567500000001
1,1,2609.04184v1.pdf,OcrOrientationInference,239,550.9728560000002,170.652868
1,1,2609.04184v1.pdf,OcrQueue,488,10875.923290999983,3611.655897
1,1,2609.04184v1.pdf,OcrRecognitionInference,239,4284.355737999998,163.609455
1,1,2609.04184v1.pdf,OcrRecognitionPreprocess,478,72.83086499999999,1.224758
1,1,2609.04184v1.pdf,ParseTotal,1,5397.301918,5397.301918
1,1,2609.04184v1.pdf,PdfOpen,1,0.869209,0.869209
1,1,2609.04184v1.pdf,PdfRender,8,164.312077,29.133554
1,1,2609.04184v1.pdf,TableExternal,1,52.527280000000005,52.527280000000005
1,1,2609.04184v1.pdf,TableFill,1,0.62245,0.62245
1,1,2609.04184v1.pdf,TableRules,7,2.480711,0.6470990000000001
1,1,2609.04184v1.pdf,TextExtract,8,116.26348200000001,19.30096
1,1,2609.04184v1.pdf,TextFinish,16,266.62138600000003,68.119834
1,1,2609.04184v1.pdf,TextPrepare,8,0.9844740000000001,0.183416
1,1,2609.04184v1.pdf,TsrInference,1,50.229746999999996,50.229746999999996
1,1,2609.04184v1.pdf,TsrPostprocess,1,0.043153,0.043153
1,1,2609.04184v1.pdf,TsrPreprocess,1,1.768068,1.768068
1,1,2609.04184v1.pdf,TsrQueue,1,0.12553,0.12553
1,1,2609.04203v1.pdf,DocumentContext,1,2.9277349999999998,2.9277349999999998
1,1,2609.04203v1.pdf,LayoutInference,20,2154.7346480000006,256.228825
1,1,2609.04203v1.pdf,LayoutPostprocess,20,0.27019200000000004,0.023181999999999998
1,1,2609.04203v1.pdf,LayoutPreprocess,20,405.28562600000004,24.850672
1,1,2609.04203v1.pdf,LayoutQueue,20,2647.9799799999996,307.308967
1,1,2609.04203v1.pdf,LayoutReadback,20,0.102044,0.010994
1,1,2609.04203v1.pdf,LinkValidate,1,9.922985,9.922985
1,1,2609.04203v1.pdf,Ocr,9,19005.157438000002,3633.7238960000004
1,1,2609.04203v1.pdf,OcrDecode,287,0.8012160000000005,0.011627
1,1,2609.04203v1.pdf,OcrDetectionInference,9,1422.933465,200.797474
1,1,2609.04203v1.pdf,OcrDetectionPostprocess,9,138.962409,22.847237
1,1,2609.04203v1.pdf,OcrDetectionPreprocess,9,415.2400090000001,53.449616999999996
1,1,2609.04203v1.pdf,OcrOrientationInference,287,1247.6966590000006,163.012585
1,1,2609.04203v1.pdf,OcrQueue,592,10916.021257000011,1863.147411
1,1,2609.04203v1.pdf,OcrRecognitionInference,287,4527.322077000003,300.155479
1,1,2609.04203v1.pdf,OcrRecognitionPreprocess,574,72.319514,1.4848299999999999
1,1,2609.04203v1.pdf,ParseTotal,1,6343.413142,6343.413142
1,1,2609.04203v1.pdf,PdfOpen,1,1.3287399999999998,1.3287399999999998
1,1,2609.04203v1.pdf,PdfRender,20,672.538977,212.339059
1,1,2609.04203v1.pdf,TableExternal,1,314.61728999999997,314.61728999999997
1,1,2609.04203v1.pdf,TableFill,1,4.116142,4.116142
1,1,2609.04203v1.pdf,TableRules,19,9.318101,1.38199
1,1,2609.04203v1.pdf,TextExtract,20,385.60507499999983,115.890147
1,1,2609.04203v1.pdf,TextFinish,40,609.4269810000001,66.21573599999999
1,1,2609.04203v1.pdf,TextPrepare,20,2.2941350000000003,0.161382
1,1,2609.04203v1.pdf,TsrInference,1,311.510817,311.510817
1,1,2609.04203v1.pdf,TsrPostprocess,1,0.146996,0.146996
1,1,2609.04203v1.pdf,TsrPreprocess,1,2.383564,2.383564
1,1,2609.04203v1.pdf,TsrQueue,1,0.20746,0.20746
1,2,2303.18223v16.pdf,DocumentContext,1,17.575158000000002,17.575158000000002
1,2,2303.18223v16.pdf,LayoutInference,144,12595.423134999995,283.417482
1,2,2303.18223v16.pdf,LayoutPostprocess,144,1.8754379999999993,0.042822
1,2,2303.18223v16.pdf,LayoutPreprocess,144,3039.334737999999,30.82393
1,2,2303.18223v16.pdf,LayoutQueue,144,25312.264891999992,445.400933
1,2,2303.18223v16.pdf,LayoutReadback,144,0.6185770000000007,0.00992
1,2,2303.18223v16.pdf,LinkValidate,1,66.475995,66.475995
1,2,2303.18223v16.pdf,Ocr,16,72661.194791,7738.184007
1,2,2303.18223v16.pdf,OcrDecode,717,2.200188999999999,0.094192
1,2,2303.18223v16.pdf,OcrDetectionInference,16,2749.446089,209.87068200000002
1,2,2303.18223v16.pdf,OcrDetectionPostprocess,16,277.263532,25.280449
1,2,2303.18223v16.pdf,OcrDetectionPreprocess,16,746.8370370000001,56.546448
1,2,2303.18223v16.pdf,OcrOrientationInference,717,3177.4873900000007,170.31683999999998
1,2,2303.18223v16.pdf,OcrQueue,1466,44202.30423600006,3735.687117
1,2,2303.18223v16.pdf,OcrRecognitionInference,717,20611.410883000004,489.377954
1,2,2303.18223v16.pdf,OcrRecognitionPreprocess,1434,231.14651200000014,2.3561189999999996
1,2,2303.18223v16.pdf,ParseTotal,1,24810.172469,24810.172469
1,2,2303.18223v16.pdf,PdfOpen,1,0.8593430000000001,0.8593430000000001
1,2,2303.18223v16.pdf,PdfRender,144,1876.2637789999999,106.520093
1,2,2303.18223v16.pdf,TableExternal,1,991.302098,991.302098
1,2,2303.18223v16.pdf,TableFill,1,1.48061,1.48061
1,2,2303.18223v16.pdf,TableRules,24,38.421298,4.622312
1,2,2303.18223v16.pdf,TextExtract,144,1890.4044409999995,16.893722999999998
1,2,2303.18223v16.pdf,TextFinish,288,5925.348604000004,130.94972299999998
1,2,2303.18223v16.pdf,TextPrepare,144,21.249893999999998,0.662908
1,2,2303.18223v16.pdf,TsrInference,5,981.440025,752.667865
1,2,2303.18223v16.pdf,TsrPostprocess,5,0.269628,0.105336
1,2,2303.18223v16.pdf,TsrPreprocess,5,5.299423000000001,2.191776
1,2,2303.18223v16.pdf,TsrQueue,5,0.907868,0.27525200000000005
1,2,2403.01632v4.pdf,DocumentContext,1,4.230267,4.230267
1,2,2403.01632v4.pdf,LayoutInference,47,4672.773575000001,257.66465500000004
1,2,2403.01632v4.pdf,LayoutPostprocess,47,0.627206,0.039557
1,2,2403.01632v4.pdf,LayoutPreprocess,47,1002.148333,33.565131
1,2,2403.01632v4.pdf,LayoutQueue,47,9029.369603,432.990017
1,2,2403.01632v4.pdf,LayoutReadback,47,0.30644000000000005,0.012428
1,2,2403.01632v4.pdf,LinkValidate,1,11.741649,11.741649
1,2,2403.01632v4.pdf,Ocr,13,51279.319951,7221.209496
1,2,2403.01632v4.pdf,OcrDecode,417,1.567864,0.020916
1,2,2403.01632v4.pdf,OcrDetectionInference,13,2049.688232,209.74863499999998
1,2,2403.01632v4.pdf,OcrDetectionPostprocess,13,149.060563,20.049704000000002
1,2,2403.01632v4.pdf,OcrDetectionPreprocess,13,626.3505630000001,59.604909
1,2,2403.01632v4.pdf,OcrOrientationInference,417,2016.374446,160.007747
1,2,2403.01632v4.pdf,OcrQueue,860,32586.826435999992,4501.256436000001
1,2,2403.01632v4.pdf,OcrRecognitionInference,417,13145.427204999995,433.98220399999997
1,2,2403.01632v4.pdf,OcrRecognitionPreprocess,834,274.63949199999985,3.683093
1,2,2403.01632v4.pdf,ParseTotal,1,15365.390585000001,15365.390585000001
1,2,2403.01632v4.pdf,PdfOpen,1,0.62219,0.62219
1,2,2403.01632v4.pdf,PdfRender,47,553.6023970000001,53.77382
1,2,2403.01632v4.pdf,TableRules,7,4.6501019999999995,1.6248809999999998
1,2,2403.01632v4.pdf,TextExtract,47,403.486245,12.960572
1,2,2403.01632v4.pdf,TextFinish,94,698.3160750000005,28.322647999999997
1,2,2403.01632v4.pdf,TextPrepare,47,3.812727,0.210195
1,2,2410.05779v3.pdf,DocumentContext,1,0.987749,0.987749
1,2,2410.05779v3.pdf,LayoutInference,16,1429.5023679999997,154.65034699999998
1,2,2410.05779v3.pdf,LayoutPostprocess,16,0.189535,0.034803
1,2,2410.05779v3.pdf,LayoutPreprocess,16,336.685679,26.694384000000003
1,2,2410.05779v3.pdf,LayoutQueue,16,3471.5104100000003,335.647492
1,2,2410.05779v3.pdf,LayoutReadback,16,0.14469600000000002,0.027037
1,2,2410.05779v3.pdf,LinkValidate,1,3.72334,3.72334
1,2,2410.05779v3.pdf,Ocr,5,30608.769308,8991.059033
1,2,2410.05779v3.pdf,OcrDecode,291,1.5412020000000006,0.023641
1,2,2410.05779v3.pdf,OcrDetectionInference,5,695.5922460000002,166.844564
1,2,2410.05779v3.pdf,OcrDetectionPostprocess,5,56.203898,13.874677
1,2,2410.05779v3.pdf,OcrDetectionPreprocess,5,239.467759,50.767349
1,2,2410.05779v3.pdf,OcrOrientationInference,291,623.1839069999996,112.913477
1,2,2410.05779v3.pdf,OcrQueue,592,18012.082561999967,4623.504519
1,2,2410.05779v3.pdf,OcrRecognitionInference,291,10301.937553000002,435.97359800000004
1,2,2410.05779v3.pdf,OcrRecognitionPreprocess,582,344.87565699999993,4.644849000000001
1,2,2410.05779v3.pdf,ParseTotal,1,11367.393961,11367.393961
1,2,2410.05779v3.pdf,PdfOpen,1,0.33769,0.33769
1,2,2410.05779v3.pdf,PdfRender,16,233.658715,24.105906
1,2,2410.05779v3.pdf,TableRules,6,10.960635000000002,3.65748
1,2,2410.05779v3.pdf,TextExtract,16,146.815206,27.219109
1,2,2410.05779v3.pdf,TextFinish,32,175.535836,26.527258
1,2,2410.05779v3.pdf,TextPrepare,16,0.9981340000000001,0.12015600000000001
1,2,2412.05210v1.pdf,DocumentContext,1,31.275381,31.275381
1,2,2412.05210v1.pdf,LayoutInference,12,1184.8122180000003,169.49984400000002
1,2,2412.05210v1.pdf,LayoutPostprocess,12,0.16705,0.025696
1,2,2412.05210v1.pdf,LayoutPreprocess,12,262.75390400000003,25.469592
1,2,2412.05210v1.pdf,LayoutQueue,12,1738.432476,327.306381
1,2,2412.05210v1.pdf,LayoutReadback,12,0.08918399999999999,0.010206
1,2,2412.05210v1.pdf,LinkValidate,1,7.887135999999999,7.887135999999999
1,2,2412.05210v1.pdf,Ocr,6,29401.727362999998,8102.766283999999
1,2,2412.05210v1.pdf,OcrDecode,439,1.664344999999999,0.053075000000000004
1,2,2412.05210v1.pdf,OcrDetectionInference,6,1311.2748100000001,546.3868699999999
1,2,2412.05210v1.pdf,OcrDetectionPostprocess,6,91.31057799999999,16.795227
1,2,2412.05210v1.pdf,OcrDetectionPreprocess,6,279.64722099999994,49.866736
1,2,2412.05210v1.pdf,OcrOrientationInference,439,766.3306530000002,127.789748
1,2,2412.05210v1.pdf,OcrQueue,890,16868.24750999997,3933.3276929999997
1,2,2412.05210v1.pdf,OcrRecognitionInference,439,9446.919587999999,219.31564
1,2,2412.05210v1.pdf,OcrRecognitionPreprocess,878,223.53507999999997,2.160681
1,2,2412.05210v1.pdf,ParseTotal,1,10960.783743,10960.783743
1,2,2412.05210v1.pdf,PdfOpen,1,0.24286,0.24286
1,2,2412.05210v1.pdf,PdfRender,12,277.563562,71.54677099999999
1,2,2412.05210v1.pdf,TableRules,4,19.983835,10.319168
1,2,2412.05210v1.pdf,TextExtract,12,149.92664900000003,16.794023000000003
1,2,2412.05210v1.pdf,TextFinish,24,520.638495,260.063621
1,2,2412.05210v1.pdf,TextPrepare,12,1.682999,0.327701
1,2,2603.01919v2.pdf,DocumentContext,1,2.977751,2.977751
1,2,2603.01919v2.pdf,LayoutInference,23,2324.845773,201.795501
1,2,2603.01919v2.pdf,LayoutPostprocess,23,0.3374,0.052455
1,2,2603.01919v2.pdf,LayoutPreprocess,23,534.8227880000001,34.076260999999995
1,2,2603.01919v2.pdf,LayoutQueue,23,4200.561491,337.48231699999997
1,2,2603.01919v2.pdf,LayoutReadback,23,0.159767,0.00903
1,2,2603.01919v2.pdf,LinkValidate,1,19.042458000000003,19.042458000000003
1,2,2603.01919v2.pdf,Ocr,10,50978.959932,10206.980349
1,2,2603.01919v2.pdf,OcrDecode,1101,3.0378649999999947,0.015336
1,2,2603.01919v2.pdf,OcrDetectionInference,10,1534.909826,224.319176
1,2,2603.01919v2.pdf,OcrDetectionPostprocess,10,135.58801300000002,22.812391
1,2,2603.01919v2.pdf,OcrDetectionPreprocess,10,471.07720399999994,56.824912
1,2,2603.01919v2.pdf,OcrOrientationInference,1101,2849.025766000001,77.603219
1,2,2603.01919v2.pdf,OcrQueue,2222,29798.32156900004,5325.757194000001
1,2,2603.01919v2.pdf,OcrRecognitionInference,1101,14943.618904000004,506.90544800000004
1,2,2603.01919v2.pdf,OcrRecognitionPreprocess,2202,288.7121800000004,4.507149999999999
1,2,2603.01919v2.pdf,ParseTotal,1,16406.400855,16406.400855
1,2,2603.01919v2.pdf,PdfOpen,1,0.841107,0.841107
1,2,2603.01919v2.pdf,PdfRender,23,690.9891979999999,124.648994
1,2,2603.01919v2.pdf,TableExternal,1,539.890614,539.890614
1,2,2603.01919v2.pdf,TableFill,1,0.227306,0.227306
1,2,2603.01919v2.pdf,TableRules,18,25.590936000000003,5.127669
1,2,2603.01919v2.pdf,TextExtract,23,331.568456,46.670811
1,2,2603.01919v2.pdf,TextFinish,46,567.783264,78.016347
1,2,2603.01919v2.pdf,TextPrepare,23,2.7151929999999997,0.241592
1,2,2603.01919v2.pdf,TsrInference,3,532.631332,407.869579
1,2,2603.01919v2.pdf,TsrPostprocess,3,0.310854,0.20727399999999999
1,2,2603.01919v2.pdf,TsrPreprocess,3,5.043971,2.473049
1,2,2603.01919v2.pdf,TsrQueue,3,0.739179,0.313396
1,2,2604.18583v1.pdf,DocumentContext,1,1.651238,1.651238
1,2,2604.18583v1.pdf,LayoutInference,15,1488.5902659999997,150.99194
1,2,2604.18583v1.pdf,LayoutPostprocess,15,0.24991799999999997,0.03119
1,2,2604.18583v1.pdf,LayoutPreprocess,15,340.340029,28.869136
1,2,2604.18583v1.pdf,LayoutQueue,15,1009.544371,228.083213
1,2,2604.18583v1.pdf,LayoutReadback,15,0.0959,0.009165
1,2,2604.18583v1.pdf,LinkValidate,1,7.715199,7.715199
1,2,2604.18583v1.pdf,Ocr,8,11581.994567999998,2573.7764159999997
1,2,2604.18583v1.pdf,OcrDecode,100,0.335537,0.014142
1,2,2604.18583v1.pdf,OcrDetectionInference,8,1518.5620719999997,530.077407
1,2,2604.18583v1.pdf,OcrDetectionPostprocess,8,108.382169,18.069664999999997
1,2,2604.18583v1.pdf,OcrDetectionPreprocess,8,371.443182,53.4974
1,2,2604.18583v1.pdf,OcrOrientationInference,100,437.8495760000001,121.780084
1,2,2604.18583v1.pdf,OcrQueue,216,6488.513265000001,1092.559604
1,2,2604.18583v1.pdf,OcrRecognitionInference,100,2516.2024690000007,381.304733
1,2,2604.18583v1.pdf,OcrRecognitionPreprocess,200,39.62229400000002,3.790236
1,2,2604.18583v1.pdf,ParseTotal,1,3828.482427,3828.482427
1,2,2604.18583v1.pdf,PdfOpen,1,0.575213,0.575213
1,2,2604.18583v1.pdf,PdfRender,15,1660.193977,640.413385
1,2,2604.18583v1.pdf,TableRules,2,1.8395739999999998,1.1886329999999998
1,2,2604.18583v1.pdf,TextExtract,15,179.63445199999998,19.232702
1,2,2604.18583v1.pdf,TextFinish,30,523.870134,197.445238
1,2,2604.18583v1.pdf,TextPrepare,15,1.999625,0.289332
1,2,2604.18584v1.pdf,DocumentContext,1,2.2785729999999997,2.2785729999999997
1,2,2604.18584v1.pdf,LayoutInference,32,3505.8626910000003,210.393666
1,2,2604.18584v1.pdf,LayoutPostprocess,32,0.37650899999999987,0.028093
1,2,2604.18584v1.pdf,LayoutPreprocess,32,619.668017,21.963696000000002
1,2,2604.18584v1.pdf,LayoutQueue,32,4682.764776000001,332.95673999999997
1,2,2604.18584v1.pdf,LayoutReadback,32,0.214056,0.012287
1,2,2604.18584v1.pdf,LinkValidate,1,15.176458,15.176458
1,2,2604.18584v1.pdf,Ocr,13,78520.851493,16906.708781999998
1,2,2604.18584v1.pdf,OcrDecode,882,3.7453889999999967,0.11089399999999999
1,2,2604.18584v1.pdf,OcrDetectionInference,13,2183.1235429999997,212.166973
1,2,2604.18584v1.pdf,OcrDetectionPostprocess,13,131.585528,12.968546
1,2,2604.18584v1.pdf,OcrDetectionPreprocess,13,590.538903,50.570862
1,2,2604.18584v1.pdf,OcrOrientationInference,882,1616.655986000004,125.545173
1,2,2604.18584v1.pdf,OcrQueue,1790,47614.212847999916,5212.399171999999
1,2,2604.18584v1.pdf,OcrRecognitionInference,882,24988.693037999998,559.464912
1,2,2604.18584v1.pdf,OcrRecognitionPreprocess,1764,518.7031130000003,3.217623
1,2,2604.18584v1.pdf,ParseTotal,1,26707.240691,26707.240691
1,2,2604.18584v1.pdf,PdfOpen,1,0.48228000000000004,0.48228000000000004
1,2,2604.18584v1.pdf,PdfRender,32,503.18480000000005,90.840478
1,2,2604.18584v1.pdf,TableExternal,2,752.708714,454.006154
1,2,2604.18584v1.pdf,TableFill,2,0.189967,0.165757
1,2,2604.18584v1.pdf,TableRules,18,28.264636,5.477598
1,2,2604.18584v1.pdf,TextExtract,32,211.79783999999998,17.423381000000003
1,2,2604.18584v1.pdf,TextFinish,64,453.459488,56.052409999999995
1,2,2604.18584v1.pdf,TextPrepare,32,2.2641490000000006,0.160662
1,2,2604.18584v1.pdf,TsrInference,2,747.069893,449.62099
1,2,2604.18584v1.pdf,TsrPostprocess,2,0.06448100000000001,0.051409
1,2,2604.18584v1.pdf,TsrPreprocess,2,4.448967,3.79183
1,2,2604.18584v1.pdf,TsrQueue,2,0.301879,0.173437
1,2,2604.21959v1.pdf,DocumentContext,1,0.532221,0.532221
1,2,2604.21959v1.pdf,LayoutInference,3,229.925254,87.380973
1,2,2604.21959v1.pdf,LayoutPostprocess,3,0.055148,0.039347
1,2,2604.21959v1.pdf,LayoutPreprocess,3,90.831952,37.270571000000004
1,2,2604.21959v1.pdf,LayoutQueue,3,170.548837,115.910753
1,2,2604.21959v1.pdf,LayoutReadback,3,0.027596,0.011845999999999999
1,2,2604.21959v1.pdf,LinkValidate,1,0.502637,0.502637
1,2,2604.21959v1.pdf,Ocr,2,2512.81007,1839.684737
1,2,2604.21959v1.pdf,OcrDecode,87,0.467185,0.11383599999999999
1,2,2604.21959v1.pdf,OcrDetectionInference,2,275.968293,153.073381
1,2,2604.21959v1.pdf,OcrDetectionPostprocess,2,20.601819,11.038565
1,2,2604.21959v1.pdf,OcrDetectionPreprocess,2,92.690686,47.468507
1,2,2604.21959v1.pdf,OcrOrientationInference,87,200.65217100000007,110.854298
1,2,2604.21959v1.pdf,OcrQueue,178,345.01039099999997,63.45139700000001
1,2,2604.21959v1.pdf,OcrRecognitionInference,87,1427.311598,50.647998
1,2,2604.21959v1.pdf,OcrRecognitionPreprocess,174,59.654579000000005,3.147097
1,2,2604.21959v1.pdf,ParseTotal,1,2144.136504,2144.136504
1,2,2604.21959v1.pdf,PdfOpen,1,0.37294900000000003,0.37294900000000003
1,2,2604.21959v1.pdf,PdfRender,3,51.818996,26.042932
1,2,2604.21959v1.pdf,TextExtract,3,19.808071,7.874914
1,2,2604.21959v1.pdf,TextFinish,6,19.931359999999998,10.219634
1,2,2604.21959v1.pdf,TextPrepare,3,0.13845,0.065319
1,2,2606.17056v1.pdf,DocumentContext,1,3.855519,3.855519
1,2,2606.17056v1.pdf,LayoutInference,25,2830.24136,238.51525700000002
1,2,2606.17056v1.pdf,LayoutPostprocess,25,0.25597,0.021892
1,2,2606.17056v1.pdf,LayoutPreprocess,25,532.7649849999999,33.890249
1,2,2606.17056v1.pdf,LayoutQueue,25,3543.8024750000004,408.954412
1,2,2606.17056v1.pdf,LayoutReadback,25,0.125856,0.008732
1,2,2606.17056v1.pdf,LinkValidate,1,5.4303930000000005,5.4303930000000005
1,2,2606.17056v1.pdf,Ocr,15,45228.857563000005,5156.302028
1,2,2606.17056v1.pdf,OcrDecode,831,2.149586999999997,0.017797
1,2,2606.17056v1.pdf,OcrDetectionInference,15,2667.8829410000003,473.21486699999997
1,2,2606.17056v1.pdf,OcrDetectionPostprocess,15,158.877345,16.714919000000002
1,2,2606.17056v1.pdf,OcrDetectionPreprocess,15,766.7388650000001,69.53587
1,2,2606.17056v1.pdf,OcrOrientationInference,831,2657.7008229999983,183.99594199999999
1,2,2606.17056v1.pdf,OcrQueue,1692,27428.659629000005,2482.468429
1,2,2606.17056v1.pdf,OcrRecognitionInference,831,10593.342337000002,290.54981200000003
1,2,2606.17056v1.pdf,OcrRecognitionPreprocess,1662,220.6142840000001,3.699904
1,2,2606.17056v1.pdf,ParseTotal,1,13151.440972999999,13151.440972999999
1,2,2606.17056v1.pdf,PdfOpen,1,0.594934,0.594934
1,2,2606.17056v1.pdf,PdfRender,25,301.775444,19.399089
1,2,2606.17056v1.pdf,TableRules,4,3.9014059999999997,1.441066
1,2,2606.17056v1.pdf,TextExtract,25,201.428585,20.267148
1,2,2606.17056v1.pdf,TextFinish,50,242.31922999999995,24.990179
1,2,2606.17056v1.pdf,TextPrepare,25,1.51313,0.0997
1,2,2609.04180v1.pdf,DocumentContext,1,2.5746469999999997,2.5746469999999997
1,2,2609.04180v1.pdf,LayoutInference,23,2305.5078569999996,216.669741
1,2,2609.04180v1.pdf,LayoutPostprocess,23,0.3059760000000001,0.039746000000000004
1,2,2609.04180v1.pdf,LayoutPreprocess,23,524.363137,34.068359
1,2,2609.04180v1.pdf,LayoutQueue,23,3552.2521790000005,341.402533
1,2,2609.04180v1.pdf,LayoutReadback,23,0.14899099999999998,0.01102
1,2,2609.04180v1.pdf,LinkValidate,1,8.501392,8.501392
1,2,2609.04180v1.pdf,Ocr,9,41203.63875,9394.948315000001
1,2,2609.04180v1.pdf,OcrDecode,755,2.188775999999998,0.052318
1,2,2609.04180v1.pdf,OcrDetectionInference,9,1993.039636,627.2927000000001
1,2,2609.04180v1.pdf,OcrDetectionPostprocess,9,110.123679,17.362133
1,2,2609.04180v1.pdf,OcrDetectionPreprocess,9,490.439306,81.37463100000001
1,2,2609.04180v1.pdf,OcrOrientationInference,755,1821.9728849999992,171.493766
1,2,2609.04180v1.pdf,OcrQueue,1528,24916.500098999997,5967.051315
1,2,2609.04180v1.pdf,OcrRecognitionInference,755,10955.289007000005,231.485045
1,2,2609.04180v1.pdf,OcrRecognitionPreprocess,1510,228.3390779999999,3.847185
1,2,2609.04180v1.pdf,ParseTotal,1,13103.686529,13103.686529
1,2,2609.04180v1.pdf,PdfOpen,1,0.7199450000000001,0.7199450000000001
1,2,2609.04180v1.pdf,PdfRender,23,421.20185799999996,46.341843
1,2,2609.04180v1.pdf,TableRules,12,6.290070999999999,1.137877
1,2,2609.04180v1.pdf,TextExtract,23,259.764556,23.488968
1,2,2609.04180v1.pdf,TextFinish,46,390.69512800000007,32.188036000000004
1,2,2609.04180v1.pdf,TextPrepare,23,1.9762830000000002,0.137162
1,2,2609.04184v1.pdf,DocumentContext,1,0.986991,0.986991
1,2,2609.04184v1.pdf,LayoutInference,8,819.566495,218.071869
1,2,2609.04184v1.pdf,LayoutPostprocess,8,0.08695,0.015976999999999998
1,2,2609.04184v1.pdf,LayoutPreprocess,8,177.40099599999996,27.007167
1,2,2609.04184v1.pdf,LayoutQueue,8,1350.002533,265.763913
1,2,2609.04184v1.pdf,LayoutReadback,8,0.06445000000000001,0.010407999999999999
1,2,2609.04184v1.pdf,LinkValidate,1,4.856648,4.856648
1,2,2609.04184v1.pdf,Ocr,5,18545.376202,4852.101322
1,2,2609.04184v1.pdf,OcrDecode,239,0.9394080000000005,0.10987899999999999
1,2,2609.04184v1.pdf,OcrDetectionInference,5,1053.577966,525.68672
1,2,2609.04184v1.pdf,OcrDetectionPostprocess,5,75.100228,16.080156000000002
1,2,2609.04184v1.pdf,OcrDetectionPreprocess,5,231.249127,53.812068999999994
1,2,2609.04184v1.pdf,OcrOrientationInference,239,585.0563649999999,166.797403
1,2,2609.04184v1.pdf,OcrQueue,488,11723.756529,3895.9436910000004
1,2,2609.04184v1.pdf,OcrRecognitionInference,239,4582.045192000006,158.635026
1,2,2609.04184v1.pdf,OcrRecognitionPreprocess,478,72.42327999999998,1.0927669999999998
1,2,2609.04184v1.pdf,ParseTotal,1,5696.015357,5696.015357
1,2,2609.04184v1.pdf,PdfOpen,1,1.092578,1.092578
1,2,2609.04184v1.pdf,PdfRender,8,153.42692399999999,30.469931
1,2,2609.04184v1.pdf,TableExternal,1,72.486778,72.486778
1,2,2609.04184v1.pdf,TableFill,1,0.916822,0.916822
1,2,2609.04184v1.pdf,TableRules,7,2.773061,0.682546
1,2,2609.04184v1.pdf,TextExtract,8,108.33959899999999,23.98952
1,2,2609.04184v1.pdf,TextFinish,16,266.951752,76.35367699999999
1,2,2609.04184v1.pdf,TextPrepare,8,0.969114,0.23167000000000001
1,2,2609.04184v1.pdf,TsrInference,1,69.68375400000001,69.68375400000001
1,2,2609.04184v1.pdf,TsrPostprocess,1,0.049587,0.049587
1,2,2609.04184v1.pdf,TsrPreprocess,1,2.3785070000000004,2.3785070000000004
1,2,2609.04184v1.pdf,TsrQueue,1,0.14686500000000002,0.14686500000000002
1,2,2609.04203v1.pdf,DocumentContext,1,2.688646,2.688646
1,2,2609.04203v1.pdf,LayoutInference,20,2287.9065399999995,305.427404
1,2,2609.04203v1.pdf,LayoutPostprocess,20,0.324427,0.033288
1,2,2609.04203v1.pdf,LayoutPreprocess,20,425.472527,25.841208
1,2,2609.04203v1.pdf,LayoutQueue,20,3105.7252810000005,336.260964
1,2,2609.04203v1.pdf,LayoutReadback,20,0.13125199999999995,0.024307
1,2,2609.04203v1.pdf,LinkValidate,1,16.131201,16.131201
1,2,2609.04203v1.pdf,Ocr,9,19061.894372999996,3651.438212
1,2,2609.04203v1.pdf,OcrDecode,287,1.0069839999999999,0.11767799999999999
1,2,2609.04203v1.pdf,OcrDetectionInference,9,1391.400118,191.395114
1,2,2609.04203v1.pdf,OcrDetectionPostprocess,9,146.37132300000002,21.925324999999997
1,2,2609.04203v1.pdf,OcrDetectionPreprocess,9,410.04762700000003,49.824585
1,2,2609.04203v1.pdf,OcrOrientationInference,287,1246.3455439999996,170.287664
1,2,2609.04203v1.pdf,OcrQueue,592,11042.365693000002,1892.76873
1,2,2609.04203v1.pdf,OcrRecognitionInference,287,4497.656984000004,353.693303
1,2,2609.04203v1.pdf,OcrRecognitionPreprocess,574,73.99447599999995,1.616616
1,2,2609.04203v1.pdf,ParseTotal,1,6392.441876000001,6392.441876000001
1,2,2609.04203v1.pdf,PdfOpen,1,0.7782359999999999,0.7782359999999999
1,2,2609.04203v1.pdf,PdfRender,20,662.5908069999999,204.821318
1,2,2609.04203v1.pdf,TableExternal,1,323.92646,323.92646
1,2,2609.04203v1.pdf,TableFill,1,6.717209,6.717209
1,2,2609.04203v1.pdf,TableRules,19,9.205555,1.493274
1,2,2609.04203v1.pdf,TextExtract,20,369.72773099999995,114.668092
1,2,2609.04203v1.pdf,TextFinish,40,614.6577570000001,66.06333000000001
1,2,2609.04203v1.pdf,TextPrepare,20,2.529589,0.28000600000000003
1,2,2609.04203v1.pdf,TsrInference,1,320.171942,320.171942
1,2,2609.04203v1.pdf,TsrPostprocess,1,0.165465,0.165465
1,2,2609.04203v1.pdf,TsrPreprocess,1,3.171796,3.171796
1,2,2609.04203v1.pdf,TsrQueue,1,0.20099699999999998,0.20099699999999998
2,1,2303.18223v16.pdf,DocumentContext,1,14.330743,14.330743
2,1,2303.18223v16.pdf,LayoutInference,144,12677.363994999996,208.694266
2,1,2303.18223v16.pdf,LayoutPostprocess,144,1.8994530000000005,0.134295
2,1,2303.18223v16.pdf,LayoutPreprocess,144,3122.9223699999993,36.281241
2,1,2303.18223v16.pdf,LayoutQueue,144,27876.113133000006,428.753065
2,1,2303.18223v16.pdf,LayoutReadback,144,0.5711999999999998,0.008872999999999999
2,1,2303.18223v16.pdf,LinkValidate,1,75.664381,75.664381
2,1,2303.18223v16.pdf,Ocr,16,74746.33342,9214.833294
2,1,2303.18223v16.pdf,OcrDecode,717,2.250626999999999,0.08563899999999999
2,1,2303.18223v16.pdf,OcrDetectionInference,16,2842.2736210000003,214.997136
2,1,2303.18223v16.pdf,OcrDetectionPostprocess,16,281.34295899999995,25.319039
2,1,2303.18223v16.pdf,OcrDetectionPreprocess,16,758.616774,55.417477
2,1,2303.18223v16.pdf,OcrOrientationInference,717,3106.3271620000005,184.446112
2,1,2303.18223v16.pdf,OcrQueue,1466,44797.32221799995,3609.017686
2,1,2303.18223v16.pdf,OcrRecognitionInference,717,22059.367665000005,505.910792
2,1,2303.18223v16.pdf,OcrRecognitionPreprocess,1434,235.46955699999995,4.4950909999999995
2,1,2303.18223v16.pdf,ParseTotal,1,26409.702198000003,26409.702198000003
2,1,2303.18223v16.pdf,PdfOpen,1,1.262802,1.262802
2,1,2303.18223v16.pdf,PdfRender,144,1967.565639,95.06030899999999
2,1,2303.18223v16.pdf,TableExternal,1,1001.6772629999999,1001.6772629999999
2,1,2303.18223v16.pdf,TableFill,1,1.571129,1.571129
2,1,2303.18223v16.pdf,TableRules,24,42.434572,5.744826
2,1,2303.18223v16.pdf,TextExtract,144,2126.877514,22.702395
2,1,2303.18223v16.pdf,TextFinish,288,6158.043872999999,146.984026
2,1,2303.18223v16.pdf,TextPrepare,144,21.852643000000004,1.116622
2,1,2303.18223v16.pdf,TsrInference,5,990.6927550000001,769.8242600000001
2,1,2303.18223v16.pdf,TsrPostprocess,5,0.24745899999999998,0.111133
2,1,2303.18223v16.pdf,TsrPreprocess,5,6.889735000000002,2.307029
2,1,2303.18223v16.pdf,TsrQueue,5,0.531497,0.134381
2,1,2403.01632v4.pdf,DocumentContext,1,3.190785,3.190785
2,1,2403.01632v4.pdf,LayoutInference,47,4468.215078999999,250.285329
2,1,2403.01632v4.pdf,LayoutPostprocess,47,0.5830409999999998,0.047663000000000004
2,1,2403.01632v4.pdf,LayoutPreprocess,47,1033.6692770000002,32.823742
2,1,2403.01632v4.pdf,LayoutQueue,47,8319.314045,432.430295
2,1,2403.01632v4.pdf,LayoutReadback,47,0.18772900000000003,0.00653
2,1,2403.01632v4.pdf,LinkValidate,1,20.525528,20.525528
2,1,2403.01632v4.pdf,Ocr,13,72603.87730299999,10737.801215
2,1,2403.01632v4.pdf,OcrDecode,417,1.6475970000000009,0.037354000000000005
2,1,2403.01632v4.pdf,OcrDetectionInference,13,2079.2833010000004,204.100409
2,1,2403.01632v4.pdf,OcrDetectionPostprocess,13,145.476937,21.666639
2,1,2403.01632v4.pdf,OcrDetectionPreprocess,13,651.1718270000001,62.53339
2,1,2403.01632v4.pdf,OcrOrientationInference,417,2134.037350000001,155.987025
2,1,2403.01632v4.pdf,OcrQueue,860,52994.837337999925,10418.270034000001
2,1,2403.01632v4.pdf,OcrRecognitionInference,417,13868.926905999995,437.414685
2,1,2403.01632v4.pdf,OcrRecognitionPreprocess,834,286.68628300000006,3.5150569999999997
2,1,2403.01632v4.pdf,ParseTotal,1,48971.500284999995,48971.500284999995
2,1,2403.01632v4.pdf,PdfOpen,1,23039.935139,23039.935139
2,1,2403.01632v4.pdf,PdfRender,47,586.5704489999998,52.263042000000006
2,1,2403.01632v4.pdf,TableRules,7,3.600216,1.00517
2,1,2403.01632v4.pdf,TextExtract,47,464.8445830000002,13.422833
2,1,2403.01632v4.pdf,TextFinish,94,700.3383220000003,35.118521
2,1,2403.01632v4.pdf,TextPrepare,47,3.854372,0.168109
2,1,2410.05779v3.pdf,DocumentContext,1,1.177883,1.177883
2,1,2410.05779v3.pdf,LayoutInference,16,1143.441276,81.501321
2,1,2410.05779v3.pdf,LayoutPostprocess,16,0.165296,0.032035
2,1,2410.05779v3.pdf,LayoutPreprocess,16,338.486708,35.666117
2,1,2410.05779v3.pdf,LayoutQueue,16,3907.7232249999993,496.579264
2,1,2410.05779v3.pdf,LayoutReadback,16,0.057206999999999994,0.005116
2,1,2410.05779v3.pdf,LinkValidate,1,4.061994,4.061994
2,1,2410.05779v3.pdf,Ocr,5,47182.812972,12368.98552
2,1,2410.05779v3.pdf,OcrDecode,291,1.5826719999999987,0.023103
2,1,2410.05779v3.pdf,OcrDetectionInference,5,604.5429909999999,129.994207
2,1,2410.05779v3.pdf,OcrDetectionPostprocess,5,56.728702999999996,17.902645
2,1,2410.05779v3.pdf,OcrDetectionPreprocess,5,234.86068200000003,53.696041
2,1,2410.05779v3.pdf,OcrOrientationInference,291,409.11403099999984,50.546931
2,1,2410.05779v3.pdf,OcrQueue,592,34403.54531100001,6902.353336
2,1,2410.05779v3.pdf,OcrRecognitionInference,291,10780.886059999999,352.42825
2,1,2410.05779v3.pdf,OcrRecognitionPreprocess,582,366.3972500000001,4.2740800000000005
2,1,2410.05779v3.pdf,ParseTotal,1,26783.296745,26783.296745
2,1,2410.05779v3.pdf,PdfOpen,1,9400.706717000001,9400.706717000001
2,1,2410.05779v3.pdf,PdfRender,16,255.86371,42.455438
2,1,2410.05779v3.pdf,TableRules,6,10.297181,2.934269
2,1,2410.05779v3.pdf,TextExtract,16,157.06866499999998,24.931599
2,1,2410.05779v3.pdf,TextFinish,32,186.977828,40.740195
2,1,2410.05779v3.pdf,TextPrepare,16,1.0368870000000001,0.12034
2,1,2412.05210v1.pdf,DocumentContext,1,39.116139000000004,39.116139000000004
2,1,2412.05210v1.pdf,LayoutInference,12,1021.5897819999999,206.396611
2,1,2412.05210v1.pdf,LayoutPostprocess,12,0.163194,0.031977000000000005
2,1,2412.05210v1.pdf,LayoutPreprocess,12,260.33004700000004,28.02519
2,1,2412.05210v1.pdf,LayoutQueue,12,1319.5145940000002,207.685471
2,1,2412.05210v1.pdf,LayoutReadback,12,0.05938,0.008195000000000001
2,1,2412.05210v1.pdf,LinkValidate,1,8.053329,8.053329
2,1,2412.05210v1.pdf,Ocr,6,49901.14325,11469.561893
2,1,2412.05210v1.pdf,OcrDecode,439,1.6321920000000003,0.014304
2,1,2412.05210v1.pdf,OcrDetectionInference,6,869.851925,167.428531
2,1,2412.05210v1.pdf,OcrDetectionPostprocess,6,103.78547,24.676714
2,1,2412.05210v1.pdf,OcrDetectionPreprocess,6,309.550831,60.22491
2,1,2412.05210v1.pdf,OcrOrientationInference,439,1070.228212,130.47045400000002
2,1,2412.05210v1.pdf,OcrQueue,890,36492.16437099995,11016.817951
2,1,2412.05210v1.pdf,OcrRecognitionInference,439,10393.175794999996,555.672741
2,1,2412.05210v1.pdf,OcrRecognitionPreprocess,878,233.92354900000004,1.998611
2,1,2412.05210v1.pdf,ParseTotal,1,17730.482903,17730.482903
2,1,2412.05210v1.pdf,PdfOpen,1,0.309184,0.309184
2,1,2412.05210v1.pdf,PdfRender,12,299.8920110000001,75.726943
2,1,2412.05210v1.pdf,TableRules,4,22.63476,12.417865
2,1,2412.05210v1.pdf,TextExtract,12,165.07721500000002,19.486541
2,1,2412.05210v1.pdf,TextFinish,24,549.7361710000001,278.41623500000003
2,1,2412.05210v1.pdf,TextPrepare,12,1.5481459999999998,0.235029
2,1,2603.01919v2.pdf,DocumentContext,1,2.4946780000000004,2.4946780000000004
2,1,2603.01919v2.pdf,LayoutInference,23,2029.9733659999997,205.26288300000002
2,1,2603.01919v2.pdf,LayoutPostprocess,23,0.272488,0.024431
2,1,2603.01919v2.pdf,LayoutPreprocess,23,495.65415800000005,23.818994
2,1,2603.01919v2.pdf,LayoutQueue,23,3426.971126,238.900904
2,1,2603.01919v2.pdf,LayoutReadback,23,0.09178399999999998,0.005624
2,1,2603.01919v2.pdf,LinkValidate,1,13.847491999999999,13.847491999999999
2,1,2603.01919v2.pdf,Ocr,10,88987.47231499999,12221.056835000001
2,1,2603.01919v2.pdf,OcrDecode,1101,3.1149390000000046,0.100966
2,1,2603.01919v2.pdf,OcrDetectionInference,10,1402.049497,175.005009
2,1,2603.01919v2.pdf,OcrDetectionPostprocess,10,128.099048,18.356297
2,1,2603.01919v2.pdf,OcrDetectionPreprocess,10,519.980031,70.322243
2,1,2603.01919v2.pdf,OcrOrientationInference,1101,2851.8763969999927,131.730603
2,1,2603.01919v2.pdf,OcrQueue,2222,67820.25763800014,10052.155137
2,1,2603.01919v2.pdf,OcrRecognitionInference,1101,15012.55169299998,364.813176
2,1,2603.01919v2.pdf,OcrRecognitionPreprocess,2202,289.3969679999997,4.208918
2,1,2603.01919v2.pdf,ParseTotal,1,26820.354387,26820.354387
2,1,2603.01919v2.pdf,PdfOpen,1,206.595839,206.595839
2,1,2603.01919v2.pdf,PdfRender,23,689.2129610000001,128.199024
2,1,2603.01919v2.pdf,TableExternal,1,521.368632,521.368632
2,1,2603.01919v2.pdf,TableFill,1,0.20332099999999997,0.20332099999999997
2,1,2603.01919v2.pdf,TableRules,18,26.543410999999995,5.317660999999999
2,1,2603.01919v2.pdf,TextExtract,23,370.20958999999993,56.274144
2,1,2603.01919v2.pdf,TextFinish,46,568.0137990000002,74.540126
2,1,2603.01919v2.pdf,TextPrepare,23,2.355061,0.257434
2,1,2603.01919v2.pdf,TsrInference,3,515.079573,399.32651400000003
2,1,2603.01919v2.pdf,TsrPostprocess,3,0.201786,0.130791
2,1,2603.01919v2.pdf,TsrPreprocess,3,4.443011,2.3236009999999996
2,1,2603.01919v2.pdf,TsrQueue,3,0.44826699999999997,0.174821
2,1,2604.18583v1.pdf,DocumentContext,1,2.5564519999999997,2.5564519999999997
2,1,2604.18583v1.pdf,LayoutInference,15,1362.0370850000002,202.19346199999998
2,1,2604.18583v1.pdf,LayoutPostprocess,15,0.301784,0.046211999999999996
2,1,2604.18583v1.pdf,LayoutPreprocess,15,318.696826,26.560493
2,1,2604.18583v1.pdf,LayoutQueue,15,439.40631300000007,128.91405699999999
2,1,2604.18583v1.pdf,LayoutReadback,15,0.06900300000000001,0.006174
2,1,2604.18583v1.pdf,LinkValidate,1,6.128695,6.128695
2,1,2604.18583v1.pdf,Ocr,8,57209.63497,8206.277025000001
2,1,2604.18583v1.pdf,OcrDecode,100,0.345015,0.016183
2,1,2604.18583v1.pdf,OcrDetectionInference,8,1176.113998,193.866105
2,1,2604.18583v1.pdf,OcrDetectionPostprocess,8,112.77257800000001,20.298108
2,1,2604.18583v1.pdf,OcrDetectionPreprocess,8,378.381659,49.770493
2,1,2604.18583v1.pdf,OcrOrientationInference,100,480.10546600000004,120.083729
2,1,2604.18583v1.pdf,OcrQueue,216,51747.37284999999,7000.852296999999
2,1,2604.18583v1.pdf,OcrRecognitionInference,100,3171.586740000001,340.99308
2,1,2604.18583v1.pdf,OcrRecognitionPreprocess,200,40.016521000000004,1.9978159999999998
2,1,2604.18583v1.pdf,ParseTotal,1,15569.394342000001,15569.394342000001
2,1,2604.18583v1.pdf,PdfOpen,1,0.389167,0.389167
2,1,2604.18583v1.pdf,PdfRender,15,1594.6475050000001,535.6392
2,1,2604.18583v1.pdf,TableRules,2,1.93998,1.158659
2,1,2604.18583v1.pdf,TextExtract,15,193.13078999999996,20.260874
2,1,2604.18583v1.pdf,TextFinish,30,510.64839300000006,191.762663
2,1,2604.18583v1.pdf,TextPrepare,15,2.012983,0.43870699999999996
2,1,2604.21959v1.pdf,DocumentContext,1,0.252754,0.252754
2,1,2604.21959v1.pdf,LayoutInference,3,412.191833,192.030112
2,1,2604.21959v1.pdf,LayoutPostprocess,3,0.041639999999999996,0.025282
2,1,2604.21959v1.pdf,LayoutPreprocess,3,66.17605,23.057581
2,1,2604.21959v1.pdf,LayoutQueue,3,682.264492,390.862287
2,1,2604.21959v1.pdf,LayoutReadback,3,0.013101,0.005086
2,1,2604.21959v1.pdf,LinkValidate,1,0.48360200000000003,0.48360200000000003
2,1,2604.21959v1.pdf,Ocr,2,25509.621656,14912.908879999999
2,1,2604.21959v1.pdf,OcrDecode,87,0.2991410000000001,0.011509
2,1,2604.21959v1.pdf,OcrDetectionInference,2,302.346949,184.166761
2,1,2604.21959v1.pdf,OcrDetectionPostprocess,2,19.134216000000002,10.901053000000001
2,1,2604.21959v1.pdf,OcrDetectionPreprocess,2,98.108924,51.331022
2,1,2604.21959v1.pdf,OcrOrientationInference,87,88.38760900000001,3.029005
2,1,2604.21959v1.pdf,OcrQueue,178,22346.741725,10525.224506
2,1,2604.21959v1.pdf,OcrRecognitionInference,87,2498.0693899999987,43.682006
2,1,2604.21959v1.pdf,OcrRecognitionPreprocess,174,61.896755000000006,3.326249
2,1,2604.21959v1.pdf,ParseTotal,1,23573.680107,23573.680107
2,1,2604.21959v1.pdf,PdfOpen,1,8107.950417999999,8107.950417999999
2,1,2604.21959v1.pdf,PdfRender,3,39.168488,15.475641999999999
2,1,2604.21959v1.pdf,TextExtract,3,23.887681,14.378238
2,1,2604.21959v1.pdf,TextFinish,6,22.607699,12.700078
2,1,2604.21959v1.pdf,TextPrepare,3,0.15581599999999998,0.081426
2,1,2604.18584v1.pdf,DocumentContext,1,2.498384,2.498384
2,1,2604.18584v1.pdf,LayoutInference,32,3100.3833779999995,203.747458
2,1,2604.18584v1.pdf,LayoutPostprocess,32,0.41624400000000006,0.033967000000000004
2,1,2604.18584v1.pdf,LayoutPreprocess,32,672.2310560000002,28.716233
2,1,2604.18584v1.pdf,LayoutQueue,32,4347.947286,285.30989800000003
2,1,2604.18584v1.pdf,LayoutReadback,32,0.127986,0.0057610000000000005
2,1,2604.18584v1.pdf,LinkValidate,1,12.595369,12.595369
2,1,2604.18584v1.pdf,Ocr,13,92031.260408,22330.271464999998
2,1,2604.18584v1.pdf,OcrDecode,882,3.8396329999999974,0.051539999999999996
2,1,2604.18584v1.pdf,OcrDetectionInference,13,2040.244844,183.449311
2,1,2604.18584v1.pdf,OcrDetectionPostprocess,13,134.16946800000002,16.081053
2,1,2604.18584v1.pdf,OcrDetectionPreprocess,13,616.5766399999999,56.254168
2,1,2604.18584v1.pdf,OcrOrientationInference,882,1781.6085609999982,111.35542
2,1,2604.18584v1.pdf,OcrQueue,1790,60725.59281999996,10412.109368
2,1,2604.18584v1.pdf,OcrRecognitionInference,882,25321.768746000005,489.278496
2,1,2604.18584v1.pdf,OcrRecognitionPreprocess,1764,554.8851060000006,4.968563
2,1,2604.18584v1.pdf,ParseTotal,1,32466.551197,32466.551197
2,1,2604.18584v1.pdf,PdfOpen,1,0.437371,0.437371
2,1,2604.18584v1.pdf,PdfRender,32,512.6097859999999,91.347436
2,1,2604.18584v1.pdf,TableExternal,2,672.4054470000001,392.61532500000004
2,1,2604.18584v1.pdf,TableFill,2,0.123451,0.103423
2,1,2604.18584v1.pdf,TableRules,18,29.082322000000005,7.822766
2,1,2604.18584v1.pdf,TextExtract,32,232.84667100000001,15.602308
2,1,2604.18584v1.pdf,TextFinish,64,476.97436099999993,55.456398
2,1,2604.18584v1.pdf,TextPrepare,32,2.115454,0.19947399999999998
2,1,2604.18584v1.pdf,TsrInference,2,666.972994,388.271665
2,1,2604.18584v1.pdf,TsrPostprocess,2,0.059585,0.046716
2,1,2604.18584v1.pdf,TsrPreprocess,2,4.465222,3.873627
2,1,2604.18584v1.pdf,TsrQueue,2,0.30117700000000003,0.166024
2,1,2606.17056v1.pdf,DocumentContext,1,4.452666,4.452666
2,1,2606.17056v1.pdf,LayoutInference,25,2604.0871909999996,203.74237200000002
2,1,2606.17056v1.pdf,LayoutPostprocess,25,0.27102,0.021501
2,1,2606.17056v1.pdf,LayoutPreprocess,25,507.15205399999996,22.600219000000003
2,1,2606.17056v1.pdf,LayoutQueue,25,2646.5358150000006,324.12704399999996
2,1,2606.17056v1.pdf,LayoutReadback,25,0.108283,0.006828
2,1,2606.17056v1.pdf,LinkValidate,1,9.423816,9.423816
2,1,2606.17056v1.pdf,Ocr,15,70322.391058,8603.048801
2,1,2606.17056v1.pdf,OcrDecode,831,2.300885,0.130624
2,1,2606.17056v1.pdf,OcrDetectionInference,15,2524.5491500000003,262.693576
2,1,2606.17056v1.pdf,OcrDetectionPostprocess,15,169.30388000000002,13.371288
2,1,2606.17056v1.pdf,OcrDetectionPreprocess,15,690.234757,54.612156
2,1,2606.17056v1.pdf,OcrOrientationInference,831,2660.631512000003,129.205026
2,1,2606.17056v1.pdf,OcrQueue,1692,51003.134971999985,5495.479418000001
2,1,2606.17056v1.pdf,OcrRecognitionInference,831,12298.579647000017,352.30059800000004
2,1,2606.17056v1.pdf,OcrRecognitionPreprocess,1662,239.8334730000001,3.5572690000000002
2,1,2606.17056v1.pdf,ParseTotal,1,20476.995684999998,20476.995684999998
2,1,2606.17056v1.pdf,PdfOpen,1,0.51125,0.51125
2,1,2606.17056v1.pdf,PdfRender,25,307.14217499999995,20.103514
2,1,2606.17056v1.pdf,TableRules,4,3.472973,1.4585240000000002
2,1,2606.17056v1.pdf,TextExtract,25,206.57762700000004,15.0938
2,1,2606.17056v1.pdf,TextFinish,50,241.33798399999998,20.739649999999997
2,1,2606.17056v1.pdf,TextPrepare,25,1.6560089999999996,0.10793
2,1,2609.04180v1.pdf,DocumentContext,1,2.7265560000000004,2.7265560000000004
2,1,2609.04180v1.pdf,LayoutInference,23,2259.3704820000003,200.370301
2,1,2609.04180v1.pdf,LayoutPostprocess,23,0.24925699999999998,0.038392
2,1,2609.04180v1.pdf,LayoutPreprocess,23,521.0532939999999,29.604865
2,1,2609.04180v1.pdf,LayoutQueue,23,3399.0306259999998,285.167338
2,1,2609.04180v1.pdf,LayoutReadback,23,0.096492,0.0063999999999999994
2,1,2609.04180v1.pdf,LinkValidate,1,9.10257,9.10257
2,1,2609.04180v1.pdf,Ocr,9,63214.842907000006,14232.697019
2,1,2609.04180v1.pdf,OcrDecode,755,2.0812049999999993,0.017070000000000002
2,1,2609.04180v1.pdf,OcrDetectionInference,9,1474.7677580000002,191.76399999999998
2,1,2609.04180v1.pdf,OcrDetectionPostprocess,9,111.91745399999999,16.918005
2,1,2609.04180v1.pdf,OcrDetectionPreprocess,9,429.19340600000004,52.399292
2,1,2609.04180v1.pdf,OcrOrientationInference,755,1747.2362349999999,131.05122799999998
2,1,2609.04180v1.pdf,OcrQueue,1528,46723.353075999985,7422.290363
2,1,2609.04180v1.pdf,OcrRecognitionInference,755,11817.500522999986,314.233161
2,1,2609.04180v1.pdf,OcrRecognitionPreprocess,1510,238.3870759999997,3.550041
2,1,2609.04180v1.pdf,ParseTotal,1,25942.322319,25942.322319
2,1,2609.04180v1.pdf,PdfOpen,1,4860.02931,4860.02931
2,1,2609.04180v1.pdf,PdfRender,23,400.41194800000005,41.934617
2,1,2609.04180v1.pdf,TableRules,12,6.11583,1.182371
2,1,2609.04180v1.pdf,TextExtract,23,272.354391,29.185439
2,1,2609.04180v1.pdf,TextFinish,46,404.6550589999999,29.10835
2,1,2609.04180v1.pdf,TextPrepare,23,2.0281040000000004,0.222496
2,1,2609.04184v1.pdf,DocumentContext,1,1.2465810000000002,1.2465810000000002
2,1,2609.04184v1.pdf,LayoutInference,8,565.599449,76.241227
2,1,2609.04184v1.pdf,LayoutPostprocess,8,0.09402699999999999,0.02228
2,1,2609.04184v1.pdf,LayoutPreprocess,8,185.68288900000002,26.949475
2,1,2609.04184v1.pdf,LayoutQueue,8,1063.124918,202.475753
2,1,2609.04184v1.pdf,LayoutReadback,8,0.030853,0.005403
2,1,2609.04184v1.pdf,LinkValidate,1,5.646161,5.646161
2,1,2609.04184v1.pdf,Ocr,5,53249.222392,13790.98746
2,1,2609.04184v1.pdf,OcrDecode,239,1.0850820000000003,0.27614700000000003
2,1,2609.04184v1.pdf,OcrDetectionInference,5,672.031518,180.05163800000003
2,1,2609.04184v1.pdf,OcrDetectionPostprocess,5,87.66426299999999,22.661551
2,1,2609.04184v1.pdf,OcrDetectionPreprocess,5,229.60998700000002,48.824429
2,1,2609.04184v1.pdf,OcrOrientationInference,239,749.6738560000002,60.970814999999995
2,1,2609.04184v1.pdf,OcrQueue,488,47111.21925699998,11743.162327
2,1,2609.04184v1.pdf,OcrRecognitionInference,239,4106.755111999997,163.42315299999999
2,1,2609.04184v1.pdf,OcrRecognitionPreprocess,478,76.66212599999994,1.1102029999999998
2,1,2609.04184v1.pdf,ParseTotal,1,15071.515782,15071.515782
2,1,2609.04184v1.pdf,PdfOpen,1,1.070566,1.070566
2,1,2609.04184v1.pdf,PdfRender,8,154.006414,32.918827
2,1,2609.04184v1.pdf,TableExternal,1,185.87347100000002,185.87347100000002
2,1,2609.04184v1.pdf,TableFill,1,0.8916,0.8916
2,1,2609.04184v1.pdf,TableRules,7,2.851986,0.830583
2,1,2609.04184v1.pdf,TextExtract,8,101.08505699999999,17.270023
2,1,2609.04184v1.pdf,TextFinish,16,261.11163200000004,68.936518
2,1,2609.04184v1.pdf,TextPrepare,8,0.851435,0.138181
2,1,2609.04184v1.pdf,TsrInference,1,182.76023999999998,182.76023999999998
2,1,2609.04184v1.pdf,TsrPostprocess,1,0.057139999999999996,0.057139999999999996
2,1,2609.04184v1.pdf,TsrPreprocess,1,2.35862,2.35862
2,1,2609.04184v1.pdf,TsrQueue,1,0.253915,0.253915
2,1,2609.04203v1.pdf,DocumentContext,1,2.691141,2.691141
2,1,2609.04203v1.pdf,LayoutInference,20,2217.346973,382.341992
2,1,2609.04203v1.pdf,LayoutPostprocess,20,0.28007600000000005,0.047923
2,1,2609.04203v1.pdf,LayoutPreprocess,20,436.61648499999995,25.993520999999998
2,1,2609.04203v1.pdf,LayoutQueue,20,2943.4322890000003,380.37667600000003
2,1,2609.04203v1.pdf,LayoutReadback,20,0.074001,0.005804
2,1,2609.04203v1.pdf,LinkValidate,1,8.809757,8.809757
2,1,2609.04203v1.pdf,Ocr,9,22977.114879,4909.1529390000005
2,1,2609.04203v1.pdf,OcrDecode,287,0.7920049999999998,0.01819
2,1,2609.04203v1.pdf,OcrDetectionInference,9,1365.3491899999997,203.075495
2,1,2609.04203v1.pdf,OcrDetectionPostprocess,9,140.68177300000002,21.027507
2,1,2609.04203v1.pdf,OcrDetectionPreprocess,9,459.38663299999996,64.98480099999999
2,1,2609.04203v1.pdf,OcrOrientationInference,287,1052.1943550000021,179.90386999999998
2,1,2609.04203v1.pdf,OcrQueue,592,15676.081008000003,2870.8963120000003
2,1,2609.04203v1.pdf,OcrRecognitionInference,287,3947.8014010000015,538.943545
2,1,2609.04203v1.pdf,OcrRecognitionPreprocess,574,75.59954899999997,1.3094949999999999
2,1,2609.04203v1.pdf,ParseTotal,1,7409.099279,7409.099279
2,1,2609.04203v1.pdf,PdfOpen,1,0.664466,0.664466
2,1,2609.04203v1.pdf,PdfRender,20,679.843695,208.183117
2,1,2609.04203v1.pdf,TableExternal,1,801.703401,801.703401
2,1,2609.04203v1.pdf,TableFill,1,3.818188,3.818188
2,1,2609.04203v1.pdf,TableRules,19,9.277634,1.475058
2,1,2609.04203v1.pdf,TextExtract,20,380.7387069999999,111.754411
2,1,2609.04203v1.pdf,TextFinish,40,650.6143089999999,69.140871
2,1,2609.04203v1.pdf,TextPrepare,20,2.123819,0.17303500000000002
2,1,2609.04203v1.pdf,TsrInference,1,797.860192,797.860192
2,1,2609.04203v1.pdf,TsrPostprocess,1,0.112678,0.112678
2,1,2609.04203v1.pdf,TsrPreprocess,1,3.300552,3.300552
2,1,2609.04203v1.pdf,TsrQueue,1,0.1147,0.1147
2,2,2403.01632v4.pdf,DocumentContext,1,3.26741,3.26741
2,2,2403.01632v4.pdf,LayoutInference,47,4557.869243,258.602386
2,2,2403.01632v4.pdf,LayoutPostprocess,47,0.728371,0.06921400000000001
2,2,2403.01632v4.pdf,LayoutPreprocess,47,968.3533409999999,26.413638
2,2,2403.01632v4.pdf,LayoutQueue,47,8588.192268,431.671803
2,2,2403.01632v4.pdf,LayoutReadback,47,0.21076499999999998,0.014785
2,2,2403.01632v4.pdf,LinkValidate,1,12.840558999999999,12.840558999999999
2,2,2403.01632v4.pdf,Ocr,13,57895.88381500001,8044.048026
2,2,2403.01632v4.pdf,OcrDecode,417,1.7244670000000017,0.020009000000000002
2,2,2403.01632v4.pdf,OcrDetectionInference,13,2173.513612,208.613447
2,2,2403.01632v4.pdf,OcrDetectionPostprocess,13,139.575064,15.977611
2,2,2403.01632v4.pdf,OcrDetectionPreprocess,13,663.173429,71.382881
2,2,2403.01632v4.pdf,OcrOrientationInference,417,2246.913309999999,162.299576
2,2,2403.01632v4.pdf,OcrQueue,860,37686.114262000025,4380.25339
2,2,2403.01632v4.pdf,OcrRecognitionInference,417,14280.757907999996,413.00702900000005
2,2,2403.01632v4.pdf,OcrRecognitionPreprocess,834,271.84001799999965,3.044556
2,2,2403.01632v4.pdf,ParseTotal,1,17169.485158,17169.485158
2,2,2403.01632v4.pdf,PdfOpen,1,0.365022,0.365022
2,2,2403.01632v4.pdf,PdfRender,47,635.0392669999999,58.954576
2,2,2403.01632v4.pdf,TableRules,7,5.011878000000001,1.873081
2,2,2403.01632v4.pdf,TextExtract,47,400.656492,16.754222
2,2,2403.01632v4.pdf,TextFinish,94,712.3785879999999,30.684471000000002
2,2,2403.01632v4.pdf,TextPrepare,47,4.268864,0.242227
2,2,2303.18223v16.pdf,DocumentContext,1,16.340931,16.340931
2,2,2303.18223v16.pdf,LayoutInference,144,12154.681079000004,271.793445
2,2,2303.18223v16.pdf,LayoutPostprocess,144,1.9802180000000003,0.04595
2,2,2303.18223v16.pdf,LayoutPreprocess,144,3291.2592910000017,44.306205
2,2,2303.18223v16.pdf,LayoutQueue,144,23933.348462000013,435.68685800000003
2,2,2303.18223v16.pdf,LayoutReadback,144,0.6713199999999994,0.098124
2,2,2303.18223v16.pdf,LinkValidate,1,79.169899,79.169899
2,2,2303.18223v16.pdf,Ocr,16,84647.604853,9138.866351
2,2,2303.18223v16.pdf,OcrDecode,717,2.158851000000001,0.024496999999999998
2,2,2303.18223v16.pdf,OcrDetectionInference,16,2580.079563,192.06299800000002
2,2,2303.18223v16.pdf,OcrDetectionPostprocess,16,282.731405,26.189932
2,2,2303.18223v16.pdf,OcrDetectionPreprocess,16,798.2015759999999,76.66144
2,2,2303.18223v16.pdf,OcrOrientationInference,717,2768.1555800000006,168.070223
2,2,2303.18223v16.pdf,OcrQueue,1466,55797.23098899995,5358.888862
2,2,2303.18223v16.pdf,OcrRecognitionInference,717,21507.45019600001,479.805291
2,2,2303.18223v16.pdf,OcrRecognitionPreprocess,1434,252.22941999999975,2.693962
2,2,2303.18223v16.pdf,ParseTotal,1,39717.979458,39717.979458
2,2,2303.18223v16.pdf,PdfOpen,1,11141.687584,11141.687584
2,2,2303.18223v16.pdf,PdfRender,144,2005.6562550000003,98.522384
2,2,2303.18223v16.pdf,TableExternal,1,977.5920070000001,977.5920070000001
2,2,2303.18223v16.pdf,TableFill,1,1.559844,1.559844
2,2,2303.18223v16.pdf,TableRules,24,42.344647,5.145327
2,2,2303.18223v16.pdf,TextExtract,144,2051.5713529999994,20.980823
2,2,2303.18223v16.pdf,TextFinish,288,6226.134134,138.084649
2,2,2303.18223v16.pdf,TextPrepare,144,20.935034999999996,0.5197189999999999
2,2,2303.18223v16.pdf,TsrInference,5,965.778794,736.644988
2,2,2303.18223v16.pdf,TsrPostprocess,5,0.207988,0.114214
2,2,2303.18223v16.pdf,TsrPreprocess,5,7.886076000000001,3.276055
2,2,2303.18223v16.pdf,TsrQueue,5,0.6015469999999999,0.178039
2,2,2410.05779v3.pdf,DocumentContext,1,1.174793,1.174793
2,2,2410.05779v3.pdf,LayoutInference,16,1186.1574080000003,84.576549
2,2,2410.05779v3.pdf,LayoutPostprocess,16,0.156341,0.015933000000000003
2,2,2410.05779v3.pdf,LayoutPreprocess,16,334.554042,25.764547
2,2,2410.05779v3.pdf,LayoutQueue,16,3726.6040310000003,404.80316
2,2,2410.05779v3.pdf,LayoutReadback,16,0.071112,0.006014
2,2,2410.05779v3.pdf,LinkValidate,1,6.997368000000001,6.997368000000001
2,2,2410.05779v3.pdf,Ocr,5,47885.130479,16016.355220000001
2,2,2410.05779v3.pdf,OcrDecode,291,1.6604980000000007,0.021696
2,2,2410.05779v3.pdf,OcrDetectionInference,5,636.731724,166.65818099999998
2,2,2410.05779v3.pdf,OcrDetectionPostprocess,5,50.1631,13.495501
2,2,2410.05779v3.pdf,OcrDetectionPreprocess,5,233.233071,56.646568
2,2,2410.05779v3.pdf,OcrOrientationInference,291,441.962974,81.79146399999999
2,2,2410.05779v3.pdf,OcrQueue,592,35091.307290999954,11678.511644
2,2,2410.05779v3.pdf,OcrRecognitionInference,291,10744.132561000004,287.60450399999996
2,2,2410.05779v3.pdf,OcrRecognitionPreprocess,582,350.3110799999999,4.583524000000001
2,2,2410.05779v3.pdf,ParseTotal,1,40453.339956,40453.339956
2,2,2410.05779v3.pdf,PdfOpen,1,18984.166163,18984.166163
2,2,2410.05779v3.pdf,PdfRender,16,241.11832199999998,26.127686
2,2,2410.05779v3.pdf,TableRules,6,11.136112,3.385752
2,2,2410.05779v3.pdf,TextExtract,16,144.830934,16.326571
2,2,2410.05779v3.pdf,TextFinish,32,177.97307299999997,26.044299
2,2,2410.05779v3.pdf,TextPrepare,16,1.167438,0.122779
2,2,2412.05210v1.pdf,DocumentContext,1,34.377632999999996,34.377632999999996
2,2,2412.05210v1.pdf,LayoutInference,12,927.736798,135.10078000000001
2,2,2412.05210v1.pdf,LayoutPostprocess,12,0.20953999999999998,0.033376
2,2,2412.05210v1.pdf,LayoutPreprocess,12,276.501457,29.473010000000002
2,2,2412.05210v1.pdf,LayoutQueue,12,1267.2067780000002,196.993553
2,2,2412.05210v1.pdf,LayoutReadback,12,0.047725000000000004,0.005947999999999999
2,2,2412.05210v1.pdf,LinkValidate,1,9.262932,9.262932
2,2,2412.05210v1.pdf,Ocr,6,66967.18855,13945.694704
2,2,2412.05210v1.pdf,OcrDecode,439,1.6754730000000007,0.093239
2,2,2412.05210v1.pdf,OcrDetectionInference,6,903.457478,192.58158
2,2,2412.05210v1.pdf,OcrDetectionPostprocess,6,106.17047100000002,21.325592
2,2,2412.05210v1.pdf,OcrDetectionPreprocess,6,284.757885,50.386238
2,2,2412.05210v1.pdf,OcrOrientationInference,439,899.8838619999997,116.879219
2,2,2412.05210v1.pdf,OcrQueue,890,53557.604090999994,9812.893598
2,2,2412.05210v1.pdf,OcrRecognitionInference,439,10567.731371000002,469.656348
2,2,2412.05210v1.pdf,OcrRecognitionPreprocess,878,219.53080100000022,2.032492
2,2,2412.05210v1.pdf,ParseTotal,1,23358.474242,23358.474242
2,2,2412.05210v1.pdf,PdfOpen,1,0.378849,0.378849
2,2,2412.05210v1.pdf,PdfRender,12,300.92906,74.62276499999999
2,2,2412.05210v1.pdf,TableRules,4,23.609955,13.298808000000001
2,2,2412.05210v1.pdf,TextExtract,12,149.07065999999998,18.309514999999998
2,2,2412.05210v1.pdf,TextFinish,24,518.3304720000001,251.91131900000002
2,2,2412.05210v1.pdf,TextPrepare,12,1.449794,0.25711
2,2,2604.18583v1.pdf,DocumentContext,1,1.786789,1.786789
2,2,2604.18583v1.pdf,LayoutInference,15,1361.7507320000002,201.120732
2,2,2604.18583v1.pdf,LayoutPostprocess,15,0.27305199999999996,0.0298
2,2,2604.18583v1.pdf,LayoutPreprocess,15,341.36574200000007,30.229668
2,2,2604.18583v1.pdf,LayoutQueue,15,1774.080105,214.973045
2,2,2604.18583v1.pdf,LayoutReadback,15,0.059931000000000005,0.00488
2,2,2604.18583v1.pdf,LinkValidate,1,7.476242999999999,7.476242999999999
2,2,2604.18583v1.pdf,Ocr,8,49378.769223,8304.740899
2,2,2604.18583v1.pdf,OcrDecode,100,0.3011669999999998,0.011842
2,2,2604.18583v1.pdf,OcrDetectionInference,8,1092.98913,189.522716
2,2,2604.18583v1.pdf,OcrDetectionPostprocess,8,125.93251899999998,25.060026
2,2,2604.18583v1.pdf,OcrDetectionPreprocess,8,404.7570089999999,73.345968
2,2,2604.18583v1.pdf,OcrOrientationInference,100,188.4487,19.515948
2,2,2604.18583v1.pdf,OcrQueue,216,45786.23228599999,7939.671300999999
2,2,2604.18583v1.pdf,OcrRecognitionInference,100,1640.1210879999994,61.329936000000004
2,2,2604.18583v1.pdf,OcrRecognitionPreprocess,200,43.023887999999985,3.205187
2,2,2604.18583v1.pdf,ParseTotal,1,15463.687417,15463.687417
2,2,2604.18583v1.pdf,PdfOpen,1,1673.8216430000002,1673.8216430000002
2,2,2604.18583v1.pdf,PdfRender,15,1528.692376,567.648643
2,2,2604.18583v1.pdf,TableRules,2,1.643176,0.865166
2,2,2604.18583v1.pdf,TextExtract,15,173.03929800000003,17.295383
2,2,2604.18583v1.pdf,TextFinish,30,534.458633,195.99103100000002
2,2,2604.18583v1.pdf,TextPrepare,15,1.9446530000000004,0.32922
2,2,2603.01919v2.pdf,DocumentContext,1,2.276789,2.276789
2,2,2603.01919v2.pdf,LayoutInference,23,2273.259725,310.43771399999997
2,2,2603.01919v2.pdf,LayoutPostprocess,23,0.317982,0.057196
2,2,2603.01919v2.pdf,LayoutPreprocess,23,527.069856,30.096546
2,2,2603.01919v2.pdf,LayoutQueue,23,3707.018485,294.98821
2,2,2603.01919v2.pdf,LayoutReadback,23,0.09139900000000001,0.006975
2,2,2603.01919v2.pdf,LinkValidate,1,13.506447,13.506447
2,2,2603.01919v2.pdf,Ocr,10,73097.704205,13988.320936
2,2,2603.01919v2.pdf,OcrDecode,1101,3.0896459999999997,0.101369
2,2,2603.01919v2.pdf,OcrDetectionInference,10,1433.909925,176.832762
2,2,2603.01919v2.pdf,OcrDetectionPostprocess,10,143.24418400000002,21.224822
2,2,2603.01919v2.pdf,OcrDetectionPreprocess,10,529.582716,64.640382
2,2,2603.01919v2.pdf,OcrOrientationInference,1101,3197.282581000003,166.812074
2,2,2603.01919v2.pdf,OcrQueue,2222,49933.55914,7491.495327
2,2,2603.01919v2.pdf,OcrRecognitionInference,1101,16613.147490000003,324.86534500000005
2,2,2603.01919v2.pdf,OcrRecognitionPreprocess,2202,274.29941299999996,5.317973
2,2,2603.01919v2.pdf,ParseTotal,1,24648.116454,24648.116454
2,2,2603.01919v2.pdf,PdfOpen,1,0.616675,0.616675
2,2,2603.01919v2.pdf,PdfRender,23,693.3017719999999,117.943192
2,2,2603.01919v2.pdf,TableExternal,1,539.801299,539.801299
2,2,2603.01919v2.pdf,TableFill,1,0.292628,0.292628
2,2,2603.01919v2.pdf,TableRules,18,28.663749,5.070111000000001
2,2,2603.01919v2.pdf,TextExtract,23,333.53254499999997,51.763424
2,2,2603.01919v2.pdf,TextFinish,46,567.8330900000001,90.053172
2,2,2603.01919v2.pdf,TextPrepare,23,2.4872959999999997,0.282587
2,2,2603.01919v2.pdf,TsrInference,3,533.0745900000001,405.15774500000003
2,2,2603.01919v2.pdf,TsrPostprocess,3,0.287176,0.180907
2,2,2603.01919v2.pdf,TsrPreprocess,3,4.856616,2.437046
2,2,2603.01919v2.pdf,TsrQueue,3,0.579742,0.217565
2,2,2604.21959v1.pdf,DocumentContext,1,0.244704,0.244704
2,2,2604.21959v1.pdf,LayoutInference,3,395.120127,187.694911
2,2,2604.21959v1.pdf,LayoutPostprocess,3,0.027711,0.013415
2,2,2604.21959v1.pdf,LayoutPreprocess,3,64.561579,21.875329
2,2,2604.21959v1.pdf,LayoutQueue,3,684.046159,385.587718
2,2,2604.21959v1.pdf,LayoutReadback,3,0.01099,0.004104
2,2,2604.21959v1.pdf,LinkValidate,1,0.783231,0.783231
2,2,2604.21959v1.pdf,Ocr,2,25302.999218,14725.052081
2,2,2604.21959v1.pdf,OcrDecode,87,0.34299000000000013,0.012295
2,2,2604.21959v1.pdf,OcrDetectionInference,2,301.663436,174.730799
2,2,2604.21959v1.pdf,OcrDetectionPostprocess,2,19.614300999999998,11.552843
2,2,2604.21959v1.pdf,OcrDetectionPreprocess,2,100.528692,51.499504
2,2,2604.21959v1.pdf,OcrOrientationInference,87,83.247478,4.553962
2,2,2604.21959v1.pdf,OcrQueue,178,22106.349317000007,10507.60901
2,2,2604.21959v1.pdf,OcrRecognitionInference,87,2546.9900109999994,51.503339000000004
2,2,2604.21959v1.pdf,OcrRecognitionPreprocess,174,53.080454,3.033449
2,2,2604.21959v1.pdf,ParseTotal,1,23264.937303,23264.937303
2,2,2604.21959v1.pdf,PdfOpen,1,7996.531636000001,7996.531636000001
2,2,2604.21959v1.pdf,PdfRender,3,40.050138000000004,13.726488
2,2,2604.21959v1.pdf,TextExtract,3,18.183260999999998,9.009046
2,2,2604.21959v1.pdf,TextFinish,6,25.693217,15.393550000000001
2,2,2604.21959v1.pdf,TextPrepare,3,0.14693399999999998,0.07689199999999999
2,2,2604.18584v1.pdf,DocumentContext,1,2.1051509999999998,2.1051509999999998
2,2,2604.18584v1.pdf,LayoutInference,32,3308.0848180000003,287.35305900000003
2,2,2604.18584v1.pdf,LayoutPostprocess,32,0.37684599999999996,0.024533
2,2,2604.18584v1.pdf,LayoutPreprocess,32,723.3089129999998,31.246478
2,2,2604.18584v1.pdf,LayoutQueue,32,4495.220613000001,312.916024
2,2,2604.18584v1.pdf,LayoutReadback,32,0.134519,0.007258
2,2,2604.18584v1.pdf,LinkValidate,1,13.571958,13.571958
2,2,2604.18584v1.pdf,Ocr,13,95555.738732,21254.357061
2,2,2604.18584v1.pdf,OcrDecode,882,3.985510999999996,0.14053000000000002
2,2,2604.18584v1.pdf,OcrDetectionInference,13,2163.3160270000003,203.354321
2,2,2604.18584v1.pdf,OcrDetectionPostprocess,13,134.730644,14.528686
2,2,2604.18584v1.pdf,OcrDetectionPreprocess,13,642.585257,63.744407
2,2,2604.18584v1.pdf,OcrOrientationInference,882,1955.5308759999991,161.010123
2,2,2604.18584v1.pdf,OcrQueue,1790,63550.736365000084,11320.919538
2,2,2604.18584v1.pdf,OcrRecognitionInference,882,25738.30033699997,398.544904
2,2,2604.18584v1.pdf,OcrRecognitionPreprocess,1764,517.7977329999992,3.262327
2,2,2604.18584v1.pdf,ParseTotal,1,32764.859592999997,32764.859592999997
2,2,2604.18584v1.pdf,PdfOpen,1,0.38094,0.38094
2,2,2604.18584v1.pdf,PdfRender,32,537.585683,98.335392
2,2,2604.18584v1.pdf,TableExternal,2,475.741343,462.86294
2,2,2604.18584v1.pdf,TableFill,2,0.17806100000000002,0.154513
2,2,2604.18584v1.pdf,TableRules,18,29.615184999999997,7.901113
2,2,2604.18584v1.pdf,TextExtract,32,265.431189,18.81677
2,2,2604.18584v1.pdf,TextFinish,64,490.7488020000001,54.125185
2,2,2604.18584v1.pdf,TextPrepare,32,2.6571049999999987,0.196236
2,2,2604.18584v1.pdf,TsrInference,2,470.611068,458.692853
2,2,2604.18584v1.pdf,TsrPostprocess,2,0.06513100000000001,0.052346000000000004
2,2,2604.18584v1.pdf,TsrPreprocess,2,4.288562,3.7369719999999997
2,2,2604.18584v1.pdf,TsrQueue,2,0.274564,0.183993
2,2,2606.17056v1.pdf,DocumentContext,1,4.468509,4.468509
2,2,2606.17056v1.pdf,LayoutInference,25,2601.3464589999994,194.161576
2,2,2606.17056v1.pdf,LayoutPostprocess,25,0.30164199999999997,0.030414
2,2,2606.17056v1.pdf,LayoutPreprocess,25,545.684633,29.983972
2,2,2606.17056v1.pdf,LayoutQueue,25,2513.7872849999994,297.146358
2,2,2606.17056v1.pdf,LayoutReadback,25,0.10635300000000002,0.006428
2,2,2606.17056v1.pdf,LinkValidate,1,8.372546999999999,8.372546999999999
2,2,2606.17056v1.pdf,Ocr,15,70283.968524,8580.089006
2,2,2606.17056v1.pdf,OcrDecode,831,2.4332240000000027,0.145263
2,2,2606.17056v1.pdf,OcrDetectionInference,15,2489.4218650000003,241.356256
2,2,2606.17056v1.pdf,OcrDetectionPostprocess,15,164.98924199999996,14.729447
2,2,2606.17056v1.pdf,OcrDetectionPreprocess,15,731.069211,63.374388
2,2,2606.17056v1.pdf,OcrOrientationInference,831,2308.460854,128.47907899999998
2,2,2606.17056v1.pdf,OcrQueue,1692,50496.9717279999,5371.724072
2,2,2606.17056v1.pdf,OcrRecognitionInference,831,13149.136799000016,355.576473
2,2,2606.17056v1.pdf,OcrRecognitionPreprocess,1662,222.9797220000001,3.344887
2,2,2606.17056v1.pdf,ParseTotal,1,20716.523488,20716.523488
2,2,2606.17056v1.pdf,PdfOpen,1,0.391304,0.391304
2,2,2606.17056v1.pdf,PdfRender,25,308.677851,21.549397000000003
2,2,2606.17056v1.pdf,TableRules,4,3.377465,1.2318470000000001
2,2,2606.17056v1.pdf,TextExtract,25,197.85123599999994,14.605851
2,2,2606.17056v1.pdf,TextFinish,50,241.53080799999992,19.752791
2,2,2606.17056v1.pdf,TextPrepare,25,1.4539209999999996,0.090665
2,2,2609.04180v1.pdf,DocumentContext,1,3.135124,3.135124
2,2,2609.04180v1.pdf,LayoutInference,23,2247.4761089999997,197.511518
2,2,2609.04180v1.pdf,LayoutPostprocess,23,0.36881899999999995,0.122848
2,2,2609.04180v1.pdf,LayoutPreprocess,23,544.3222830000001,34.114838
2,2,2609.04180v1.pdf,LayoutQueue,23,3580.96956,348.548827
2,2,2609.04180v1.pdf,LayoutReadback,23,0.089923,0.0073089999999999995
2,2,2609.04180v1.pdf,LinkValidate,1,9.954439,9.954439
2,2,2609.04180v1.pdf,Ocr,9,64871.524455999985,14743.988614999998
2,2,2609.04180v1.pdf,OcrDecode,755,2.2662220000000026,0.022521
2,2,2609.04180v1.pdf,OcrDetectionInference,9,1424.647195,203.556427
2,2,2609.04180v1.pdf,OcrDetectionPostprocess,9,109.048872,16.103721
2,2,2609.04180v1.pdf,OcrDetectionPreprocess,9,470.42785,67.85784
2,2,2609.04180v1.pdf,OcrOrientationInference,755,1546.7044759999994,52.167847
2,2,2609.04180v1.pdf,OcrQueue,1528,47991.79041599998,7701.77685
2,2,2609.04180v1.pdf,OcrRecognitionInference,755,12432.843849999981,343.017781
2,2,2609.04180v1.pdf,OcrRecognitionPreprocess,1510,206.2925379999996,3.424528
2,2,2609.04180v1.pdf,ParseTotal,1,27248.835745,27248.835745
2,2,2609.04180v1.pdf,PdfOpen,1,5657.879901,5657.879901
2,2,2609.04180v1.pdf,PdfRender,23,420.030435,44.643433
2,2,2609.04180v1.pdf,TableRules,12,6.146042,1.138401
2,2,2609.04180v1.pdf,TextExtract,23,244.22178300000004,20.760034
2,2,2609.04180v1.pdf,TextFinish,46,410.76636099999996,28.703434
2,2,2609.04180v1.pdf,TextPrepare,23,1.883835,0.13501
2,2,2609.04184v1.pdf,DocumentContext,1,1.0261129999999998,1.0261129999999998
2,2,2609.04184v1.pdf,LayoutInference,8,562.057325,71.70891999999999
2,2,2609.04184v1.pdf,LayoutPostprocess,8,0.12345,0.032022
2,2,2609.04184v1.pdf,LayoutPreprocess,8,170.832842,24.817211
2,2,2609.04184v1.pdf,LayoutQueue,8,1039.0367,190.199118
2,2,2609.04184v1.pdf,LayoutReadback,8,0.04661,0.00959
2,2,2609.04184v1.pdf,LinkValidate,1,6.303681999999999,6.303681999999999
2,2,2609.04184v1.pdf,Ocr,5,53929.587177,14155.463923
2,2,2609.04184v1.pdf,OcrDecode,239,0.9938610000000001,0.131146
2,2,2609.04184v1.pdf,OcrDetectionInference,5,660.744545,189.232226
2,2,2609.04184v1.pdf,OcrDetectionPostprocess,5,83.483146,19.136975
2,2,2609.04184v1.pdf,OcrDetectionPreprocess,5,245.833511,54.58493
2,2,2609.04184v1.pdf,OcrOrientationInference,239,707.6406570000005,129.669738
2,2,2609.04184v1.pdf,OcrQueue,488,47921.36405800001,11948.338466
2,2,2609.04184v1.pdf,OcrRecognitionInference,239,4021.6708489999983,271.983252
2,2,2609.04184v1.pdf,OcrRecognitionPreprocess,478,72.42694799999995,1.176743
2,2,2609.04184v1.pdf,ParseTotal,1,15063.83979,15063.83979
2,2,2609.04184v1.pdf,PdfOpen,1,0.95697,0.95697
2,2,2609.04184v1.pdf,PdfRender,8,159.754492,34.054879
2,2,2609.04184v1.pdf,TableExternal,1,183.121605,183.121605
2,2,2609.04184v1.pdf,TableFill,1,0.922677,0.922677
2,2,2609.04184v1.pdf,TableRules,7,3.04131,0.77788
2,2,2609.04184v1.pdf,TextExtract,8,106.158046,18.591641
2,2,2609.04184v1.pdf,TextFinish,16,271.892714,74.470667
2,2,2609.04184v1.pdf,TextPrepare,8,0.8045439999999999,0.144601
2,2,2609.04184v1.pdf,TsrInference,1,180.819265,180.819265
2,2,2609.04184v1.pdf,TsrPostprocess,1,0.057433,0.057433
2,2,2609.04184v1.pdf,TsrPreprocess,1,1.639269,1.639269
2,2,2609.04184v1.pdf,TsrQueue,1,0.250555,0.250555
2,2,2609.04203v1.pdf,DocumentContext,1,2.769043,2.769043
2,2,2609.04203v1.pdf,LayoutInference,20,2024.5992340000003,249.123923
2,2,2609.04203v1.pdf,LayoutPostprocess,20,0.292347,0.023256
2,2,2609.04203v1.pdf,LayoutPreprocess,20,453.68596899999994,29.187295
2,2,2609.04203v1.pdf,LayoutQueue,20,2486.8868320000006,375.559643
2,2,2609.04203v1.pdf,LayoutReadback,20,0.103887,0.009212
2,2,2609.04203v1.pdf,LinkValidate,1,9.012321,9.012321
2,2,2609.04203v1.pdf,Ocr,9,23492.640202,4918.363271
2,2,2609.04203v1.pdf,OcrDecode,287,0.8492969999999996,0.016028999999999998
2,2,2609.04203v1.pdf,OcrDetectionInference,9,1355.5761120000002,173.97258
2,2,2609.04203v1.pdf,OcrDetectionPostprocess,9,157.356161,22.010043
2,2,2609.04203v1.pdf,OcrDetectionPreprocess,9,445.16438400000004,60.690766
2,2,2609.04203v1.pdf,OcrOrientationInference,287,1098.916014,109.141926
2,2,2609.04203v1.pdf,OcrQueue,592,16012.666231999992,2387.050564
2,2,2609.04203v1.pdf,OcrRecognitionInference,287,4088.4758789999996,356.690167
2,2,2609.04203v1.pdf,OcrRecognitionPreprocess,574,75.012966,1.373922
2,2,2609.04203v1.pdf,ParseTotal,1,7457.2793710000005,7457.2793710000005
2,2,2609.04203v1.pdf,PdfOpen,1,0.7176,0.7176
2,2,2609.04203v1.pdf,PdfRender,20,682.4482889999999,216.5197
2,2,2609.04203v1.pdf,TableExternal,1,591.3158109999999,591.3158109999999
2,2,2609.04203v1.pdf,TableFill,1,5.209778,5.209778
2,2,2609.04203v1.pdf,TableRules,19,10.825348999999997,1.2198470000000001
2,2,2609.04203v1.pdf,TextExtract,20,379.04549199999997,107.338235
2,2,2609.04203v1.pdf,TextFinish,40,640.172184,66.025182
2,2,2609.04203v1.pdf,TextPrepare,20,2.5084489999999997,0.311114
2,2,2609.04203v1.pdf,TsrInference,1,587.673481,587.673481
2,2,2609.04203v1.pdf,TsrPostprocess,1,0.205106,0.205106
2,2,2609.04203v1.pdf,TsrPreprocess,1,3.010367,3.010367
2,2,2609.04203v1.pdf,TsrQueue,1,0.156882,0.156882
4,1,2303.18223v16.pdf,DocumentContext,1,14.883301,14.883301
4,1,2303.18223v16.pdf,LayoutInference,144,12285.876745000003,261.30683300000004
4,1,2303.18223v16.pdf,LayoutPostprocess,144,1.8024789999999997,0.037555000000000005
4,1,2303.18223v16.pdf,LayoutPreprocess,144,3128.9036029999993,34.416677
4,1,2303.18223v16.pdf,LayoutQueue,144,24665.809155000003,418.571219
4,1,2303.18223v16.pdf,LayoutReadback,144,0.594574,0.010178
4,1,2303.18223v16.pdf,LinkValidate,1,71.453609,71.453609
4,1,2303.18223v16.pdf,Ocr,16,74603.394283,8651.172965000002
4,1,2303.18223v16.pdf,OcrDecode,717,2.119445,0.014987
4,1,2303.18223v16.pdf,OcrDetectionInference,16,2683.222784,206.128967
4,1,2303.18223v16.pdf,OcrDetectionPostprocess,16,297.56069600000006,28.346311999999998
4,1,2303.18223v16.pdf,OcrDetectionPreprocess,16,766.4660410000001,57.687739
4,1,2303.18223v16.pdf,OcrOrientationInference,717,3725.2125270000042,178.855442
4,1,2303.18223v16.pdf,OcrQueue,1466,44939.70222899999,3806.066
4,1,2303.18223v16.pdf,OcrRecognitionInference,717,21266.891369000004,484.910025
4,1,2303.18223v16.pdf,OcrRecognitionPreprocess,1434,249.84191700000042,2.7633520000000003
4,1,2303.18223v16.pdf,ParseTotal,1,26143.080536999998,26143.080536999998
4,1,2303.18223v16.pdf,PdfOpen,1,1.390463,1.390463
4,1,2303.18223v16.pdf,PdfRender,144,1949.4245579999993,113.144573
4,1,2303.18223v16.pdf,TableExternal,1,968.409992,968.409992
4,1,2303.18223v16.pdf,TableFill,1,1.25171,1.25171
4,1,2303.18223v16.pdf,TableRules,24,37.99721400000001,4.8364899999999995
4,1,2303.18223v16.pdf,TextExtract,144,2137.3012199999994,21.355387999999998
4,1,2303.18223v16.pdf,TextFinish,288,6127.534772000001,138.013665
4,1,2303.18223v16.pdf,TextPrepare,144,22.522192999999998,0.763308
4,1,2303.18223v16.pdf,TsrInference,5,957.7335820000002,725.979769
4,1,2303.18223v16.pdf,TsrPostprocess,5,0.200898,0.106894
4,1,2303.18223v16.pdf,TsrPreprocess,5,6.21976,2.205108
4,1,2303.18223v16.pdf,TsrQueue,5,0.7725059999999999,0.262665
4,1,2412.05210v1.pdf,DocumentContext,1,36.432811,36.432811
4,1,2412.05210v1.pdf,LayoutInference,12,1195.312844,264.657406
4,1,2412.05210v1.pdf,LayoutPostprocess,12,0.124424,0.026992
4,1,2412.05210v1.pdf,LayoutPreprocess,12,292.0946,36.841029
4,1,2412.05210v1.pdf,LayoutQueue,12,2736.522632,359.559557
4,1,2412.05210v1.pdf,LayoutReadback,12,0.048456,0.0056289999999999995
4,1,2412.05210v1.pdf,LinkValidate,1,8.363804,8.363804
4,1,2412.05210v1.pdf,Ocr,6,44153.670784999995,13500.768139
4,1,2412.05210v1.pdf,OcrDecode,439,1.636429999999999,0.026879
4,1,2412.05210v1.pdf,OcrDetectionInference,6,886.353019,188.474433
4,1,2412.05210v1.pdf,OcrDetectionPostprocess,6,99.443683,18.733610000000002
4,1,2412.05210v1.pdf,OcrDetectionPreprocess,6,304.158002,59.588504
4,1,2412.05210v1.pdf,OcrOrientationInference,439,1213.421273,112.496463
4,1,2412.05210v1.pdf,OcrQueue,890,29335.537247,4961.802176
4,1,2412.05210v1.pdf,OcrRecognitionInference,439,11659.895064,477.900509
4,1,2412.05210v1.pdf,OcrRecognitionPreprocess,878,230.170781,2.07116
4,1,2412.05210v1.pdf,ParseTotal,1,41157.165069,41157.165069
4,1,2412.05210v1.pdf,PdfOpen,1,23070.085338999997,23070.085338999997
4,1,2412.05210v1.pdf,PdfRender,12,311.39570999999995,76.66150200000001
4,1,2412.05210v1.pdf,TableRules,4,22.198474000000004,10.261147
4,1,2412.05210v1.pdf,TextExtract,12,160.995724,18.581450999999998
4,1,2412.05210v1.pdf,TextFinish,24,563.6226490000001,272.75052500000004
4,1,2412.05210v1.pdf,TextPrepare,12,1.675486,0.35097
4,1,2403.01632v4.pdf,DocumentContext,1,3.443315,3.443315
4,1,2403.01632v4.pdf,LayoutInference,47,4303.647072,209.19569099999998
4,1,2403.01632v4.pdf,LayoutPostprocess,47,0.648005,0.054790000000000005
4,1,2403.01632v4.pdf,LayoutPreprocess,47,997.868422,30.60703
4,1,2403.01632v4.pdf,LayoutQueue,47,7955.940114000004,478.228084
4,1,2403.01632v4.pdf,LayoutReadback,47,0.18417900000000004,0.007834
4,1,2403.01632v4.pdf,LinkValidate,1,13.955425,13.955425
4,1,2403.01632v4.pdf,Ocr,13,106509.946967,14635.553774
4,1,2403.01632v4.pdf,OcrDecode,417,1.8125180000000003,0.100013
4,1,2403.01632v4.pdf,OcrDetectionInference,13,2655.0122520000004,692.208327
4,1,2403.01632v4.pdf,OcrDetectionPostprocess,13,139.034178,14.603681
4,1,2403.01632v4.pdf,OcrDetectionPreprocess,13,643.3759339999999,62.671698
4,1,2403.01632v4.pdf,OcrOrientationInference,417,1145.3189219999992,121.247573
4,1,2403.01632v4.pdf,OcrQueue,860,86811.34743099999,13629.00434
4,1,2403.01632v4.pdf,OcrRecognitionInference,417,14390.493772999991,380.38106500000004
4,1,2403.01632v4.pdf,OcrRecognitionPreprocess,834,289.7088349999999,3.692754
4,1,2403.01632v4.pdf,ParseTotal,1,64579.385182,64579.385182
4,1,2403.01632v4.pdf,PdfOpen,1,27521.106034,27521.106034
4,1,2403.01632v4.pdf,PdfRender,47,568.7106610000002,53.352997
4,1,2403.01632v4.pdf,TableRules,7,4.773994999999999,1.2941070000000001
4,1,2403.01632v4.pdf,TextExtract,47,428.67617499999994,16.43702
4,1,2403.01632v4.pdf,TextFinish,94,714.7006289999997,31.655442999999998
4,1,2403.01632v4.pdf,TextPrepare,47,3.5249289999999993,0.133167
4,1,2410.05779v3.pdf,DocumentContext,1,1.1187420000000001,1.1187420000000001
4,1,2410.05779v3.pdf,LayoutInference,16,1197.7298929999997,84.503004
4,1,2410.05779v3.pdf,LayoutPostprocess,16,0.16042299999999998,0.025354
4,1,2410.05779v3.pdf,LayoutPreprocess,16,338.753235,30.689587
4,1,2410.05779v3.pdf,LayoutQueue,16,4117.823953,441.246315
4,1,2410.05779v3.pdf,LayoutReadback,16,0.06665700000000001,0.0060669999999999995
4,1,2410.05779v3.pdf,LinkValidate,1,4.279920000000001,4.279920000000001
4,1,2410.05779v3.pdf,Ocr,5,51644.70761699999,13114.83652
4,1,2410.05779v3.pdf,OcrDecode,291,1.6144299999999994,0.030742
4,1,2410.05779v3.pdf,OcrDetectionInference,5,645.079617,158.621826
4,1,2410.05779v3.pdf,OcrDetectionPostprocess,5,55.151033999999996,15.338334
4,1,2410.05779v3.pdf,OcrDetectionPreprocess,5,243.19918500000003,58.442154
4,1,2410.05779v3.pdf,OcrOrientationInference,291,475.44642999999996,47.101296
4,1,2410.05779v3.pdf,OcrQueue,592,39816.17176800001,9141.507153999999
4,1,2410.05779v3.pdf,OcrRecognitionInference,291,9736.346581000007,155.655715
4,1,2410.05779v3.pdf,OcrRecognitionPreprocess,582,341.77638500000023,4.166746
4,1,2410.05779v3.pdf,ParseTotal,1,68545.966836,68545.966836
4,1,2410.05779v3.pdf,PdfOpen,1,47331.813517999995,47331.813517999995
4,1,2410.05779v3.pdf,PdfRender,16,227.283205,24.733642
4,1,2410.05779v3.pdf,TableRules,6,9.554478,2.626428
4,1,2410.05779v3.pdf,TextExtract,16,124.288768,14.179007
4,1,2410.05779v3.pdf,TextFinish,32,170.366086,24.845019999999998
4,1,2410.05779v3.pdf,TextPrepare,16,1.0266089999999999,0.10579999999999999
4,1,2603.01919v2.pdf,DocumentContext,1,2.594723,2.594723
4,1,2603.01919v2.pdf,LayoutInference,23,1938.0590490000002,145.19858499999998
4,1,2603.01919v2.pdf,LayoutPostprocess,23,0.24968,0.024858
4,1,2603.01919v2.pdf,LayoutPreprocess,23,521.736752,27.571878
4,1,2603.01919v2.pdf,LayoutQueue,23,3461.0913130000004,264.937871
4,1,2603.01919v2.pdf,LayoutReadback,23,0.097738,0.012788
4,1,2603.01919v2.pdf,LinkValidate,1,19.289559,19.289559
4,1,2603.01919v2.pdf,Ocr,10,121558.28517999999,16362.990475
4,1,2603.01919v2.pdf,OcrDecode,1101,3.129898000000002,0.087435
4,1,2603.01919v2.pdf,OcrDetectionInference,10,1512.99006,186.715988
4,1,2603.01919v2.pdf,OcrDetectionPostprocess,10,139.11908599999998,18.635036
4,1,2603.01919v2.pdf,OcrDetectionPreprocess,10,489.33812500000005,56.321076
4,1,2603.01919v2.pdf,OcrOrientationInference,1101,3134.1164880000038,116.336478
4,1,2603.01919v2.pdf,OcrQueue,2222,98229.25821399981,13422.599454000001
4,1,2603.01919v2.pdf,OcrRecognitionInference,1101,16767.054867,432.083194
4,1,2603.01919v2.pdf,OcrRecognitionPreprocess,2202,294.9476280000001,4.3799
4,1,2603.01919v2.pdf,ParseTotal,1,57606.561233,57606.561233
4,1,2603.01919v2.pdf,PdfOpen,1,22093.741325,22093.741325
4,1,2603.01919v2.pdf,PdfRender,23,677.3776870000002,121.940269
4,1,2603.01919v2.pdf,TableExternal,1,674.580386,674.580386
4,1,2603.01919v2.pdf,TableFill,1,0.27993,0.27993
4,1,2603.01919v2.pdf,TableRules,18,30.475897000000003,6.252161
4,1,2603.01919v2.pdf,TextExtract,23,349.596731,52.950039
4,1,2603.01919v2.pdf,TextFinish,46,551.195794,79.489719
4,1,2603.01919v2.pdf,TextPrepare,23,2.5292080000000006,0.290168
4,1,2603.01919v2.pdf,TsrInference,3,668.617796,443.949572
4,1,2603.01919v2.pdf,TsrPostprocess,3,0.379148,0.255942
4,1,2603.01919v2.pdf,TsrPreprocess,3,4.1115770000000005,2.569923
4,1,2603.01919v2.pdf,TsrQueue,3,0.245525,0.156046
4,1,2604.18583v1.pdf,DocumentContext,1,1.7347599999999999,1.7347599999999999
4,1,2604.18583v1.pdf,LayoutInference,15,1372.4309099999996,190.15939500000002
4,1,2604.18583v1.pdf,LayoutPostprocess,15,0.26078799999999996,0.059971
4,1,2604.18583v1.pdf,LayoutPreprocess,15,329.07537399999995,26.726613999999998
4,1,2604.18583v1.pdf,LayoutQueue,15,1456.5802690000003,213.37473300000002
4,1,2604.18583v1.pdf,LayoutReadback,15,0.063504,0.006503
4,1,2604.18583v1.pdf,LinkValidate,1,6.624825,6.624825
4,1,2604.18583v1.pdf,Ocr,8,85416.461166,13744.621306
4,1,2604.18583v1.pdf,OcrDecode,100,0.4050019999999999,0.074989
4,1,2604.18583v1.pdf,OcrDetectionInference,8,1176.2631069999998,178.489383
4,1,2604.18583v1.pdf,OcrDetectionPostprocess,8,112.95868200000001,19.245922
4,1,2604.18583v1.pdf,OcrDetectionPreprocess,8,401.37108800000004,66.377258
4,1,2604.18583v1.pdf,OcrOrientationInference,100,561.8339299999999,64.478953
4,1,2604.18583v1.pdf,OcrQueue,216,81086.21309100001,13260.082392999999
4,1,2604.18583v1.pdf,OcrRecognitionInference,100,1928.6486149999996,295.429986
4,1,2604.18583v1.pdf,OcrRecognitionPreprocess,200,45.541888,3.679589
4,1,2604.18583v1.pdf,ParseTotal,1,46209.425257,46209.425257
4,1,2604.18583v1.pdf,PdfOpen,1,22393.469130999998,22393.469130999998
4,1,2604.18583v1.pdf,PdfRender,15,1633.6436919999999,625.0240679999999
4,1,2604.18583v1.pdf,TableRules,2,2.194271,1.187918
4,1,2604.18583v1.pdf,TextExtract,15,168.745752,18.866972
4,1,2604.18583v1.pdf,TextFinish,30,524.536749,188.641448
4,1,2604.18583v1.pdf,TextPrepare,15,1.8263160000000003,0.39544
4,1,2604.21959v1.pdf,DocumentContext,1,0.263208,0.263208
4,1,2604.21959v1.pdf,LayoutInference,3,401.298321,185.191163
4,1,2604.21959v1.pdf,LayoutPostprocess,3,0.028790000000000003,0.009949999999999999
4,1,2604.21959v1.pdf,LayoutPreprocess,3,64.042312,22.291709
4,1,2604.21959v1.pdf,LayoutQueue,3,647.4352349999999,371.710304
4,1,2604.21959v1.pdf,LayoutReadback,3,0.012750999999999998,0.005075
4,1,2604.21959v1.pdf,LinkValidate,1,0.8057570000000001,0.8057570000000001
4,1,2604.21959v1.pdf,Ocr,2,25803.166119,15098.700419
4,1,2604.21959v1.pdf,OcrDecode,87,0.3238569999999999,0.01291
4,1,2604.21959v1.pdf,OcrDetectionInference,2,294.198048,166.865187
4,1,2604.21959v1.pdf,OcrDetectionPostprocess,2,22.577509,12.827944
4,1,2604.21959v1.pdf,OcrDetectionPreprocess,2,89.948569,45.229083
4,1,2604.21959v1.pdf,OcrOrientationInference,87,86.90970300000001,3.327411
4,1,2604.21959v1.pdf,OcrQueue,178,22601.73174799999,10624.126903
4,1,2604.21959v1.pdf,OcrRecognitionInference,87,2547.887528,52.398652
4,1,2604.21959v1.pdf,OcrRecognitionPreprocess,174,68.23869100000002,3.332394
4,1,2604.21959v1.pdf,ParseTotal,1,38505.236796,38505.236796
4,1,2604.21959v1.pdf,PdfOpen,1,22870.952738,22870.952738
4,1,2604.21959v1.pdf,PdfRender,3,37.484576000000004,13.067354
4,1,2604.21959v1.pdf,TextExtract,3,17.344049,9.301594999999999
4,1,2604.21959v1.pdf,TextFinish,6,22.878859000000002,12.678491
4,1,2604.21959v1.pdf,TextPrepare,3,0.150023,0.075102
4,1,2604.18584v1.pdf,DocumentContext,1,1.9810679999999998,1.9810679999999998
4,1,2604.18584v1.pdf,LayoutInference,32,3111.2122830000008,248.629886
4,1,2604.18584v1.pdf,LayoutPostprocess,32,0.3690830000000001,0.023796
4,1,2604.18584v1.pdf,LayoutPreprocess,32,701.4919160000003,35.703936
4,1,2604.18584v1.pdf,LayoutQueue,32,4270.993353999998,275.987059
4,1,2604.18584v1.pdf,LayoutReadback,32,0.14645300000000003,0.010622
4,1,2604.18584v1.pdf,LinkValidate,1,11.824655,11.824655
4,1,2604.18584v1.pdf,Ocr,13,141679.023685,22143.983443
4,1,2604.18584v1.pdf,OcrDecode,882,3.7681919999999995,0.101678
4,1,2604.18584v1.pdf,OcrDetectionInference,13,1880.7895450000003,178.37114400000002
4,1,2604.18584v1.pdf,OcrDetectionPostprocess,13,148.143232,20.598238000000002
4,1,2604.18584v1.pdf,OcrDetectionPreprocess,13,657.2562379999999,80.051889
4,1,2604.18584v1.pdf,OcrOrientationInference,882,1661.5348979999972,117.440742
4,1,2604.18584v1.pdf,OcrQueue,1790,110908.21175799992,16629.787360000002
4,1,2604.18584v1.pdf,OcrRecognitionInference,882,25014.102547999995,716.3004480000001
4,1,2604.18584v1.pdf,OcrRecognitionPreprocess,1764,517.0499549999997,3.137865
4,1,2604.18584v1.pdf,ParseTotal,1,49971.217015999995,49971.217015999995
4,1,2604.18584v1.pdf,PdfOpen,1,5703.519303,5703.519303
4,1,2604.18584v1.pdf,PdfRender,32,509.940584,89.50001400000001
4,1,2604.18584v1.pdf,TableExternal,2,705.323618,432.560736
4,1,2604.18584v1.pdf,TableFill,2,0.164881,0.133112
4,1,2604.18584v1.pdf,TableRules,18,31.169683000000003,5.986232
4,1,2604.18584v1.pdf,TextExtract,32,210.36015300000003,15.979993000000002
4,1,2604.18584v1.pdf,TextFinish,64,471.77721300000013,56.981700000000004
4,1,2604.18584v1.pdf,TextPrepare,32,2.324902,0.162874
4,1,2604.18584v1.pdf,TsrInference,2,699.3109059999999,427.78027499999996
4,1,2604.18584v1.pdf,TsrPostprocess,2,0.089535,0.058869000000000005
4,1,2604.18584v1.pdf,TsrPreprocess,2,5.056124,4.305084
4,1,2604.18584v1.pdf,TsrQueue,2,0.22214899999999999,0.139409
4,1,2606.17056v1.pdf,DocumentContext,1,5.208228,5.208228
4,1,2606.17056v1.pdf,LayoutInference,25,2486.6498220000008,188.643332
4,1,2606.17056v1.pdf,LayoutPostprocess,25,0.30794400000000005,0.027707000000000002
4,1,2606.17056v1.pdf,LayoutPreprocess,25,525.357028,27.071189
4,1,2606.17056v1.pdf,LayoutQueue,25,3748.0478319999997,473.05008599999996
4,1,2606.17056v1.pdf,LayoutReadback,25,0.10613999999999998,0.006285
4,1,2606.17056v1.pdf,LinkValidate,1,5.920713999999999,5.920713999999999
4,1,2606.17056v1.pdf,Ocr,15,133648.666239,23087.719099
4,1,2606.17056v1.pdf,OcrDecode,831,2.2647709999999996,0.061489999999999996
4,1,2606.17056v1.pdf,OcrDetectionInference,15,2521.9299109999997,235.26434700000001
4,1,2606.17056v1.pdf,OcrDetectionPostprocess,15,167.849686,17.60073
4,1,2606.17056v1.pdf,OcrDetectionPreprocess,15,725.935012,64.428894
4,1,2606.17056v1.pdf,OcrOrientationInference,831,2369.0780369999998,118.684697
4,1,2606.17056v1.pdf,OcrQueue,1692,112776.74000800031,19245.975858
4,1,2606.17056v1.pdf,OcrRecognitionInference,831,14103.341436000012,457.557941
4,1,2606.17056v1.pdf,OcrRecognitionPreprocess,1662,234.23868900000002,3.275351
4,1,2606.17056v1.pdf,ParseTotal,1,45881.113279,45881.113279
4,1,2606.17056v1.pdf,PdfOpen,1,7366.958065000001,7366.958065000001
4,1,2606.17056v1.pdf,PdfRender,25,309.56312999999994,23.332231
4,1,2606.17056v1.pdf,TableRules,4,4.6768849999999995,1.772632
4,1,2606.17056v1.pdf,TextExtract,25,190.75893900000003,14.252222999999999
4,1,2606.17056v1.pdf,TextFinish,50,250.030244,21.920201
4,1,2606.17056v1.pdf,TextPrepare,25,1.7181259999999998,0.247045
4,1,2609.04184v1.pdf,DocumentContext,1,1.191128,1.191128
4,1,2609.04184v1.pdf,LayoutInference,8,699.7429390000001,118.146276
4,1,2609.04184v1.pdf,LayoutPostprocess,8,0.092857,0.023059
4,1,2609.04184v1.pdf,LayoutPreprocess,8,186.074715,29.647573
4,1,2609.04184v1.pdf,LayoutQueue,8,1744.4505280000003,298.46639200000004
4,1,2609.04184v1.pdf,LayoutReadback,8,0.033743999999999996,0.006278
4,1,2609.04184v1.pdf,LinkValidate,1,3.871044,3.871044
4,1,2609.04184v1.pdf,Ocr,5,62055.485358000005,15062.589713
4,1,2609.04184v1.pdf,OcrDecode,239,0.8797830000000005,0.116189
4,1,2609.04184v1.pdf,OcrDetectionInference,5,802.5351569999999,252.429001
4,1,2609.04184v1.pdf,OcrDetectionPostprocess,5,79.91660000000002,16.823518
4,1,2609.04184v1.pdf,OcrDetectionPreprocess,5,251.31323,59.759921
4,1,2609.04184v1.pdf,OcrOrientationInference,239,431.003172,3.8298609999999997
4,1,2609.04184v1.pdf,OcrQueue,488,57150.81102300004,14259.391178
4,1,2609.04184v1.pdf,OcrRecognitionInference,239,3038.9095810000003,40.337717000000005
4,1,2609.04184v1.pdf,OcrRecognitionPreprocess,478,78.39215900000008,1.2328510000000001
4,1,2609.04184v1.pdf,ParseTotal,1,38855.650076000005,38855.650076000005
4,1,2609.04184v1.pdf,PdfOpen,1,18761.778673999997,18761.778673999997
4,1,2609.04184v1.pdf,PdfRender,8,172.20462399999997,35.683207
4,1,2609.04184v1.pdf,TableExternal,1,237.736906,237.736906
4,1,2609.04184v1.pdf,TableFill,1,0.9685600000000001,0.9685600000000001
4,1,2609.04184v1.pdf,TableRules,7,2.605811,0.646086
4,1,2609.04184v1.pdf,TextExtract,8,117.37342999999998,22.79043
4,1,2609.04184v1.pdf,TextFinish,16,264.497711,67.177268
4,1,2609.04184v1.pdf,TextPrepare,8,0.988796,0.173767
4,1,2609.04184v1.pdf,TsrInference,1,234.535111,234.535111
4,1,2609.04184v1.pdf,TsrPostprocess,1,0.053578,0.053578
4,1,2609.04184v1.pdf,TsrPreprocess,1,2.6273210000000002,2.6273210000000002
4,1,2609.04184v1.pdf,TsrQueue,1,0.216095,0.216095
4,1,2609.04180v1.pdf,DocumentContext,1,2.767951,2.767951
4,1,2609.04180v1.pdf,LayoutInference,23,2326.180364,232.6721
4,1,2609.04180v1.pdf,LayoutPostprocess,23,0.23827599999999996,0.025421
4,1,2609.04180v1.pdf,LayoutPreprocess,23,556.1154899999999,38.861108
4,1,2609.04180v1.pdf,LayoutQueue,23,3461.9901689999992,297.07945800000005
4,1,2609.04180v1.pdf,LayoutReadback,23,0.09022699999999996,0.005485
4,1,2609.04180v1.pdf,LinkValidate,1,7.996932,7.996932
4,1,2609.04180v1.pdf,Ocr,9,79391.620958,18534.882145
4,1,2609.04180v1.pdf,OcrDecode,755,2.4514759999999995,0.119646
4,1,2609.04180v1.pdf,OcrDetectionInference,9,2060.8397010000003,796.638944
4,1,2609.04180v1.pdf,OcrDetectionPostprocess,9,133.322685,22.994055
4,1,2609.04180v1.pdf,OcrDetectionPreprocess,9,465.686672,63.688069999999996
4,1,2609.04180v1.pdf,OcrOrientationInference,755,1852.5943839999993,112.08098299999999
4,1,2609.04180v1.pdf,OcrQueue,1528,61172.04379899999,15916.382455
4,1,2609.04180v1.pdf,OcrRecognitionInference,755,12762.483185000006,163.600561
4,1,2609.04180v1.pdf,OcrRecognitionPreprocess,1510,238.00858599999992,3.55233
4,1,2609.04180v1.pdf,ParseTotal,1,59365.394514,59365.394514
4,1,2609.04180v1.pdf,PdfOpen,1,31402.544728999997,31402.544728999997
4,1,2609.04180v1.pdf,PdfRender,23,409.510945,43.298112
4,1,2609.04180v1.pdf,TableRules,12,6.246821000000001,1.1326100000000001
4,1,2609.04180v1.pdf,TextExtract,23,262.64207899999997,27.259281
4,1,2609.04180v1.pdf,TextFinish,46,422.8022010000001,29.107471999999998
4,1,2609.04180v1.pdf,TextPrepare,23,1.9353800000000003,0.124003
4,1,2609.04203v1.pdf,DocumentContext,1,2.816276,2.816276
4,1,2609.04203v1.pdf,LayoutInference,20,1806.1504479999999,305.965218
4,1,2609.04203v1.pdf,LayoutPostprocess,20,0.278398,0.038763
4,1,2609.04203v1.pdf,LayoutPreprocess,20,441.178055,33.043039
4,1,2609.04203v1.pdf,LayoutQueue,20,2472.2349650000006,367.616624
4,1,2609.04203v1.pdf,LayoutReadback,20,0.081762,0.010214
4,1,2609.04203v1.pdf,LinkValidate,1,11.229108,11.229108
4,1,2609.04203v1.pdf,Ocr,9,82228.50578099999,17512.637316
4,1,2609.04203v1.pdf,OcrDecode,287,0.862652,0.019042000000000003
4,1,2609.04203v1.pdf,OcrDetectionInference,9,1197.285871,187.107137
4,1,2609.04203v1.pdf,OcrDetectionPostprocess,9,139.28736,21.070736999999998
4,1,2609.04203v1.pdf,OcrDetectionPreprocess,9,460.178937,60.423893
4,1,2609.04203v1.pdf,OcrOrientationInference,287,1026.0922370000003,163.38828999999998
4,1,2609.04203v1.pdf,OcrQueue,592,75191.79010399994,15635.255462
4,1,2609.04203v1.pdf,OcrRecognitionInference,287,3871.075386000003,395.96671100000003
4,1,2609.04203v1.pdf,OcrRecognitionPreprocess,574,75.77168499999996,1.4250479999999999
4,1,2609.04203v1.pdf,ParseTotal,1,33722.868735,33722.868735
4,1,2609.04203v1.pdf,PdfOpen,1,11633.57029,11633.57029
4,1,2609.04203v1.pdf,PdfRender,20,689.5418230000001,210.104504
4,1,2609.04203v1.pdf,TableExternal,1,476.973476,476.973476
4,1,2609.04203v1.pdf,TableFill,1,5.400282,5.400282
4,1,2609.04203v1.pdf,TableRules,19,10.689483000000001,1.342943
4,1,2609.04203v1.pdf,TextExtract,20,400.438783,118.642501
4,1,2609.04203v1.pdf,TextFinish,40,640.5845339999998,67.49756699999999
4,1,2609.04203v1.pdf,TextPrepare,20,2.366754,0.165749
4,1,2609.04203v1.pdf,TsrInference,1,473.659334,473.659334
4,1,2609.04203v1.pdf,TsrPostprocess,1,0.16459100000000002,0.16459100000000002
4,1,2609.04203v1.pdf,TsrPreprocess,1,2.6824510000000004,2.6824510000000004
4,1,2609.04203v1.pdf,TsrQueue,1,0.166104,0.166104
4,2,2303.18223v16.pdf,DocumentContext,1,19.30298,19.30298
4,2,2303.18223v16.pdf,LayoutInference,144,12242.117886999999,267.437004
4,2,2303.18223v16.pdf,LayoutPostprocess,144,1.925708,0.03807
4,2,2303.18223v16.pdf,LayoutPreprocess,144,3202.4832790000023,43.385958
4,2,2303.18223v16.pdf,LayoutQueue,144,24167.823215,434.393625
4,2,2303.18223v16.pdf,LayoutReadback,144,0.5930100000000001,0.008226
4,2,2303.18223v16.pdf,LinkValidate,1,71.36581699999999,71.36581699999999
4,2,2303.18223v16.pdf,Ocr,16,75821.13857400001,8772.449718
4,2,2303.18223v16.pdf,OcrDecode,717,2.297366999999999,0.018579
4,2,2303.18223v16.pdf,OcrDetectionInference,16,2664.067018,191.56989299999998
4,2,2303.18223v16.pdf,OcrDetectionPostprocess,16,282.23003900000003,21.828447
4,2,2303.18223v16.pdf,OcrDetectionPreprocess,16,786.039192,57.958899
4,2,2303.18223v16.pdf,OcrOrientationInference,717,3891.142594000001,163.741733
4,2,2303.18223v16.pdf,OcrQueue,1466,45774.24448000007,3915.328895
4,2,2303.18223v16.pdf,OcrRecognitionInference,717,21504.056668000012,485.461335
4,2,2303.18223v16.pdf,OcrRecognitionPreprocess,1434,238.71727000000055,2.473832
4,2,2303.18223v16.pdf,ParseTotal,1,26287.474896,26287.474896
4,2,2303.18223v16.pdf,PdfOpen,1,1.39862,1.39862
4,2,2303.18223v16.pdf,PdfRender,144,1972.1699610000012,102.88995200000001
4,2,2303.18223v16.pdf,TableExternal,1,1011.553044,1011.553044
4,2,2303.18223v16.pdf,TableFill,1,1.73689,1.73689
4,2,2303.18223v16.pdf,TableRules,24,37.801375,4.601735
4,2,2303.18223v16.pdf,TextExtract,144,2013.2308509999993,17.738484
4,2,2303.18223v16.pdf,TextFinish,288,6123.398058999999,139.25711800000002
4,2,2303.18223v16.pdf,TextPrepare,144,20.747787999999996,0.330697
4,2,2303.18223v16.pdf,TsrInference,5,1000.008545,792.27919
4,2,2303.18223v16.pdf,TsrPostprocess,5,0.251041,0.12194899999999999
4,2,2303.18223v16.pdf,TsrPreprocess,5,6.782667,2.014536
4,2,2303.18223v16.pdf,TsrQueue,5,0.9552099999999999,0.210588
4,2,2403.01632v4.pdf,DocumentContext,1,4.11776,4.11776
4,2,2403.01632v4.pdf,LayoutInference,47,4390.423171,250.812345
4,2,2403.01632v4.pdf,LayoutPostprocess,47,0.6175320000000001,0.033989000000000005
4,2,2403.01632v4.pdf,LayoutPreprocess,47,1053.749314,32.192757
4,2,2403.01632v4.pdf,LayoutQueue,47,8372.995425,500.63083500000005
4,2,2403.01632v4.pdf,LayoutReadback,47,0.20196,0.0068000000000000005
4,2,2403.01632v4.pdf,LinkValidate,1,17.677709,17.677709
4,2,2403.01632v4.pdf,Ocr,13,81559.69840899999,18100.836875999998
4,2,2403.01632v4.pdf,OcrDecode,417,1.6357430000000004,0.027195
4,2,2403.01632v4.pdf,OcrDetectionInference,13,2093.505965,201.63926099999998
4,2,2403.01632v4.pdf,OcrDetectionPostprocess,13,150.24438800000001,16.630663000000002
4,2,2403.01632v4.pdf,OcrDetectionPreprocess,13,641.269572,59.282696
4,2,2403.01632v4.pdf,OcrOrientationInference,417,1720.4693090000014,158.261809
4,2,2403.01632v4.pdf,OcrQueue,860,61296.58766999997,17643.900168999997
4,2,2403.01632v4.pdf,OcrRecognitionInference,417,14951.884233000008,544.7986649999999
4,2,2403.01632v4.pdf,OcrRecognitionPreprocess,834,266.663112,3.331439
4,2,2403.01632v4.pdf,ParseTotal,1,56784.435971,56784.435971
4,2,2403.01632v4.pdf,PdfOpen,1,23162.269498,23162.269498
4,2,2403.01632v4.pdf,PdfRender,47,627.4945620000001,55.773463
4,2,2403.01632v4.pdf,TableRules,7,3.968334,1.284213
4,2,2403.01632v4.pdf,TextExtract,47,432.4033890000001,15.936428
4,2,2403.01632v4.pdf,TextFinish,94,737.3764899999999,36.973369
4,2,2403.01632v4.pdf,TextPrepare,47,4.032341999999999,0.26659299999999997
4,2,2410.05779v3.pdf,DocumentContext,1,1.2111509999999999,1.2111509999999999
4,2,2410.05779v3.pdf,LayoutInference,16,1212.188251,82.181039
4,2,2410.05779v3.pdf,LayoutPostprocess,16,0.192444,0.027699
4,2,2410.05779v3.pdf,LayoutPreprocess,16,342.15637000000004,23.824199
4,2,2410.05779v3.pdf,LayoutQueue,16,4148.213039,431.606422
4,2,2410.05779v3.pdf,LayoutReadback,16,0.064321,0.0062439999999999996
4,2,2410.05779v3.pdf,LinkValidate,1,5.898137,5.898137
4,2,2410.05779v3.pdf,Ocr,5,56607.970740000004,17235.649502
4,2,2410.05779v3.pdf,OcrDecode,291,1.5582660000000002,0.020857999999999998
4,2,2410.05779v3.pdf,OcrDetectionInference,5,597.56993,127.62811299999998
4,2,2410.05779v3.pdf,OcrDetectionPostprocess,5,50.643866,13.647786
4,2,2410.05779v3.pdf,OcrDetectionPreprocess,5,237.01443799999998,50.052472
4,2,2410.05779v3.pdf,OcrOrientationInference,291,409.32572400000026,45.575736
4,2,2410.05779v3.pdf,OcrQueue,592,44174.992099999974,12696.482601
4,2,2410.05779v3.pdf,OcrRecognitionInference,291,10453.938589,147.822292
4,2,2410.05779v3.pdf,OcrRecognitionPreprocess,582,348.6619309999998,4.459492
4,2,2410.05779v3.pdf,ParseTotal,1,61034.303565999995,61034.303565999995
4,2,2410.05779v3.pdf,PdfOpen,1,35950.375825999996,35950.375825999996
4,2,2410.05779v3.pdf,PdfRender,16,236.98295900000002,28.407398999999998
4,2,2410.05779v3.pdf,TableRules,6,10.000363,2.8868750000000003
4,2,2410.05779v3.pdf,TextExtract,16,132.41304300000002,15.211593
4,2,2410.05779v3.pdf,TextFinish,32,205.62397999999996,33.998897
4,2,2410.05779v3.pdf,TextPrepare,16,1.0578660000000002,0.147136
4,2,2412.05210v1.pdf,DocumentContext,1,37.417058000000004,37.417058000000004
4,2,2412.05210v1.pdf,LayoutInference,12,1093.562264,239.568367
4,2,2412.05210v1.pdf,LayoutPostprocess,12,0.13501600000000002,0.022733
4,2,2412.05210v1.pdf,LayoutPreprocess,12,298.972661,37.394418
4,2,2412.05210v1.pdf,LayoutQueue,12,2567.272382,358.82226099999997
4,2,2412.05210v1.pdf,LayoutReadback,12,0.05569299999999999,0.007801999999999999
4,2,2412.05210v1.pdf,LinkValidate,1,8.110225,8.110225
4,2,2412.05210v1.pdf,Ocr,6,87595.03559799999,18538.766742
4,2,2412.05210v1.pdf,OcrDecode,439,1.7574480000000008,0.026131
4,2,2412.05210v1.pdf,OcrDetectionInference,6,952.469652,202.623509
4,2,2412.05210v1.pdf,OcrDetectionPostprocess,6,108.36105600000002,21.964935
4,2,2412.05210v1.pdf,OcrDetectionPreprocess,6,306.069457,55.217960000000005
4,2,2412.05210v1.pdf,OcrOrientationInference,439,908.5217799999999,112.8068
4,2,2412.05210v1.pdf,OcrQueue,890,73878.1073290001,13500.968757999999
4,2,2412.05210v1.pdf,OcrRecognitionInference,439,10794.764338999994,542.967633
4,2,2412.05210v1.pdf,OcrRecognitionPreprocess,878,213.14961300000016,2.3618200000000003
4,2,2412.05210v1.pdf,ParseTotal,1,65311.726493999995,65311.726493999995
4,2,2412.05210v1.pdf,PdfOpen,1,37214.865914999995,37214.865914999995
4,2,2412.05210v1.pdf,PdfRender,12,308.1150180000001,78.858389
4,2,2412.05210v1.pdf,TableRules,4,20.890434,9.955185
4,2,2412.05210v1.pdf,TextExtract,12,161.31543499999998,18.10359
4,2,2412.05210v1.pdf,TextFinish,24,580.5317150000001,276.98665700000004
4,2,2412.05210v1.pdf,TextPrepare,12,1.681177,0.321388
4,2,2603.01919v2.pdf,DocumentContext,1,2.2407820000000003,2.2407820000000003
4,2,2603.01919v2.pdf,LayoutInference,23,1925.5841440000004,192.033522
4,2,2603.01919v2.pdf,LayoutPostprocess,23,0.31731799999999993,0.036163
4,2,2603.01919v2.pdf,LayoutPreprocess,23,520.216011,32.505101
4,2,2603.01919v2.pdf,LayoutQueue,23,3416.3510189999997,257.29652600000003
4,2,2603.01919v2.pdf,LayoutReadback,23,0.099548,0.006129
4,2,2603.01919v2.pdf,LinkValidate,1,12.471265,12.471265
4,2,2603.01919v2.pdf,Ocr,10,109437.136459,15700.408919000001
4,2,2603.01919v2.pdf,OcrDecode,1101,3.3060940000000003,0.123328
4,2,2603.01919v2.pdf,OcrDetectionInference,10,1727.579645,304.592545
4,2,2603.01919v2.pdf,OcrDetectionPostprocess,10,139.973629,20.544245
4,2,2603.01919v2.pdf,OcrDetectionPreprocess,10,500.682774,68.74868500000001
4,2,2603.01919v2.pdf,OcrOrientationInference,1101,3481.4952149999954,111.410145
4,2,2603.01919v2.pdf,OcrQueue,2222,85864.9971530001,13220.305269
4,2,2603.01919v2.pdf,OcrRecognitionInference,1101,16421.68206199999,353.05904599999997
4,2,2603.01919v2.pdf,OcrRecognitionPreprocess,2202,290.4256320000002,2.797166
4,2,2603.01919v2.pdf,ParseTotal,1,57490.641853,57490.641853
4,2,2603.01919v2.pdf,PdfOpen,1,24850.435505,24850.435505
4,2,2603.01919v2.pdf,PdfRender,23,706.8710500000001,130.052102
4,2,2603.01919v2.pdf,TableExternal,1,546.819612,546.819612
4,2,2603.01919v2.pdf,TableFill,1,0.302556,0.302556
4,2,2603.01919v2.pdf,TableRules,18,28.644858,7.109518
4,2,2603.01919v2.pdf,TextExtract,23,367.207948,55.234246
4,2,2603.01919v2.pdf,TextFinish,46,566.7189480000002,82.102587
4,2,2603.01919v2.pdf,TextPrepare,23,2.481651,0.28602
4,2,2603.01919v2.pdf,TsrInference,3,540.760189,410.833235
4,2,2603.01919v2.pdf,TsrPostprocess,3,0.318882,0.210465
4,2,2603.01919v2.pdf,TsrPreprocess,3,4.198623,1.56253
4,2,2603.01919v2.pdf,TsrQueue,3,0.37664600000000004,0.18374200000000002
4,2,2604.18583v1.pdf,DocumentContext,1,2.142751,2.142751
4,2,2604.18583v1.pdf,LayoutInference,15,1299.6776559999998,135.945322
4,2,2604.18583v1.pdf,LayoutPostprocess,15,0.326149,0.09015
4,2,2604.18583v1.pdf,LayoutPreprocess,15,337.32312,28.998838
4,2,2604.18583v1.pdf,LayoutQueue,15,1406.797182,256.161544
4,2,2604.18583v1.pdf,LayoutReadback,15,0.071691,0.011147
4,2,2604.18583v1.pdf,LinkValidate,1,6.594418999999999,6.594418999999999
4,2,2604.18583v1.pdf,Ocr,8,70786.632807,12957.578331
4,2,2604.18583v1.pdf,OcrDecode,100,0.3114870000000001,0.010172
4,2,2604.18583v1.pdf,OcrDetectionInference,8,1215.422988,193.42974299999997
4,2,2604.18583v1.pdf,OcrDetectionPostprocess,8,106.945997,18.045193
4,2,2604.18583v1.pdf,OcrDetectionPreprocess,8,378.291756,49.293042
4,2,2604.18583v1.pdf,OcrOrientationInference,100,383.7250179999999,59.121241999999995
4,2,2604.18583v1.pdf,OcrQueue,216,66556.94856899999,12035.889777999999
4,2,2604.18583v1.pdf,OcrRecognitionInference,100,2004.1132049999997,344.570621
4,2,2604.18583v1.pdf,OcrRecognitionPreprocess,200,39.66373500000002,2.511138
4,2,2604.18583v1.pdf,ParseTotal,1,30775.044836,30775.044836
4,2,2604.18583v1.pdf,PdfOpen,1,10465.925584,10465.925584
4,2,2604.18583v1.pdf,PdfRender,15,1614.641772,570.879967
4,2,2604.18583v1.pdf,TableRules,2,1.801354,1.176183
4,2,2604.18583v1.pdf,TextExtract,15,174.48657099999997,17.387165
4,2,2604.18583v1.pdf,TextFinish,30,554.193724,211.123094
4,2,2604.18583v1.pdf,TextPrepare,15,2.080922,0.508347
4,2,2604.21959v1.pdf,DocumentContext,1,0.302052,0.302052
4,2,2604.21959v1.pdf,LayoutInference,3,402.347494,148.58237699999998
4,2,2604.21959v1.pdf,LayoutPostprocess,3,0.032135,0.014091
4,2,2604.21959v1.pdf,LayoutPreprocess,3,62.90342,22.097783
4,2,2604.21959v1.pdf,LayoutQueue,3,579.679077,306.286993
4,2,2604.21959v1.pdf,LayoutReadback,3,0.013877,0.006385
4,2,2604.21959v1.pdf,LinkValidate,1,0.811309,0.811309
4,2,2604.21959v1.pdf,Ocr,2,28405.306034999998,16473.116969
4,2,2604.21959v1.pdf,OcrDecode,87,0.34225199999999995,0.015390999999999998
4,2,2604.21959v1.pdf,OcrDetectionInference,2,297.340637,176.708536
4,2,2604.21959v1.pdf,OcrDetectionPostprocess,2,27.460248,18.984845
4,2,2604.21959v1.pdf,OcrDetectionPreprocess,2,111.17744100000002,60.000944000000004
4,2,2604.21959v1.pdf,OcrOrientationInference,87,92.28269900000002,3.319895
4,2,2604.21959v1.pdf,OcrQueue,178,24980.424469999994,11791.147862999998
4,2,2604.21959v1.pdf,OcrRecognitionInference,87,2745.609570999999,47.932108
4,2,2604.21959v1.pdf,OcrRecognitionPreprocess,174,56.83241700000003,2.450222
4,2,2604.21959v1.pdf,ParseTotal,1,43392.233844,43392.233844
4,2,2604.21959v1.pdf,PdfOpen,1,26392.354218,26392.354218
4,2,2604.21959v1.pdf,PdfRender,3,36.481982,12.661875
4,2,2604.21959v1.pdf,TextExtract,3,16.990409,7.933547000000001
4,2,2604.21959v1.pdf,TextFinish,6,21.498693999999997,12.641691999999999
4,2,2604.21959v1.pdf,TextPrepare,3,0.16402799999999998,0.087544
4,2,2604.18584v1.pdf,DocumentContext,1,2.472215,2.472215
4,2,2604.18584v1.pdf,LayoutInference,32,3055.1217110000002,204.152824
4,2,2604.18584v1.pdf,LayoutPostprocess,32,0.467712,0.041347999999999996
4,2,2604.18584v1.pdf,LayoutPreprocess,32,702.5947540000002,28.452576
4,2,2604.18584v1.pdf,LayoutQueue,32,4119.12861,271.17185
4,2,2604.18584v1.pdf,LayoutReadback,32,0.15117899999999998,0.011632
4,2,2604.18584v1.pdf,LinkValidate,1,12.134506,12.134506
4,2,2604.18584v1.pdf,Ocr,13,144344.156079,23539.935701000002
4,2,2604.18584v1.pdf,OcrDecode,882,4.359499000000002,0.138992
4,2,2604.18584v1.pdf,OcrDetectionInference,13,2012.3443689999997,199.73894
4,2,2604.18584v1.pdf,OcrDetectionPostprocess,13,133.351011,16.327298
4,2,2604.18584v1.pdf,OcrDetectionPreprocess,13,650.196421,59.174113
4,2,2604.18584v1.pdf,OcrOrientationInference,882,1561.3458639999994,139.88102999999998
4,2,2604.18584v1.pdf,OcrQueue,1790,112144.8124920004,17450.620739
4,2,2604.18584v1.pdf,OcrRecognitionInference,882,26438.891736000027,378.64421
4,2,2604.18584v1.pdf,OcrRecognitionPreprocess,1764,522.22981,3.587117
4,2,2604.18584v1.pdf,ParseTotal,1,55396.006166,55396.006166
4,2,2604.18584v1.pdf,PdfOpen,1,10244.448064,10244.448064
4,2,2604.18584v1.pdf,PdfRender,32,510.95321599999994,89.09025399999999
4,2,2604.18584v1.pdf,TableExternal,2,681.337532,404.098032
4,2,2604.18584v1.pdf,TableFill,2,0.176056,0.147978
4,2,2604.18584v1.pdf,TableRules,18,34.970707000000004,10.114599
4,2,2604.18584v1.pdf,TextExtract,32,222.23543800000004,15.898428
4,2,2604.18584v1.pdf,TextFinish,64,478.7133080000001,58.907522
4,2,2604.18584v1.pdf,TextPrepare,32,2.652568,0.34707
4,2,2604.18584v1.pdf,TsrInference,2,676.346235,399.774276
4,2,2604.18584v1.pdf,TsrPostprocess,2,0.065547,0.052406
4,2,2604.18584v1.pdf,TsrPreprocess,2,4.207776,3.861055
4,2,2604.18584v1.pdf,TsrQueue,2,0.279607,0.18498399999999998
4,2,2606.17056v1.pdf,DocumentContext,1,4.696442,4.696442
4,2,2606.17056v1.pdf,LayoutInference,25,2632.170382,216.966622
4,2,2606.17056v1.pdf,LayoutPostprocess,25,0.44625800000000004,0.094997
4,2,2606.17056v1.pdf,LayoutPreprocess,25,546.564804,39.032354999999995
4,2,2606.17056v1.pdf,LayoutQueue,25,3843.373862,477.841789
4,2,2606.17056v1.pdf,LayoutReadback,25,0.099611,0.006766
4,2,2606.17056v1.pdf,LinkValidate,1,10.462404999999999,10.462404999999999
4,2,2606.17056v1.pdf,Ocr,15,140166.998226,24669.541871
4,2,2606.17056v1.pdf,OcrDecode,831,2.4589979999999985,0.12271699999999999
4,2,2606.17056v1.pdf,OcrDetectionInference,15,2473.2808769999997,192.91396999999998
4,2,2606.17056v1.pdf,OcrDetectionPostprocess,15,171.007466,21.153202999999998
4,2,2606.17056v1.pdf,OcrDetectionPreprocess,15,737.869042,65.64352099999999
4,2,2606.17056v1.pdf,OcrOrientationInference,831,2603.0714089999997,121.574707
4,2,2606.17056v1.pdf,OcrQueue,1692,118592.75951000013,20699.213214
4,2,2606.17056v1.pdf,OcrRecognitionInference,831,14593.806295000013,457.965421
4,2,2606.17056v1.pdf,OcrRecognitionPreprocess,1662,237.91808200000028,3.0095769999999997
4,2,2606.17056v1.pdf,ParseTotal,1,46598.197622,46598.197622
4,2,2606.17056v1.pdf,PdfOpen,1,7632.992289,7632.992289
4,2,2606.17056v1.pdf,PdfRender,25,323.64634199999995,24.539286
4,2,2606.17056v1.pdf,TableRules,4,3.8352790000000003,1.282186
4,2,2606.17056v1.pdf,TextExtract,25,202.07426399999997,13.849828
4,2,2606.17056v1.pdf,TextFinish,50,245.97175400000006,21.554626
4,2,2606.17056v1.pdf,TextPrepare,25,1.8343249999999998,0.22113
4,2,2609.04184v1.pdf,DocumentContext,1,0.752266,0.752266
4,2,2609.04184v1.pdf,LayoutInference,8,569.675601,72.278383
4,2,2609.04184v1.pdf,LayoutPostprocess,8,0.116874,0.049147
4,2,2609.04184v1.pdf,LayoutPreprocess,8,178.95338300000003,27.482154
4,2,2609.04184v1.pdf,LayoutQueue,8,1315.260592,208.84070599999998
4,2,2609.04184v1.pdf,LayoutReadback,8,0.06787100000000001,0.020380000000000002
4,2,2609.04184v1.pdf,LinkValidate,1,4.753177,4.753177
4,2,2609.04184v1.pdf,Ocr,5,60280.644267,14619.957937000001
4,2,2609.04184v1.pdf,OcrDecode,239,0.8508560000000003,0.109458
4,2,2609.04184v1.pdf,OcrDetectionInference,5,808.5208930000001,258.242815
4,2,2609.04184v1.pdf,OcrDetectionPostprocess,5,84.986586,20.098986999999997
4,2,2609.04184v1.pdf,OcrDetectionPreprocess,5,228.45151500000003,48.809667000000005
4,2,2609.04184v1.pdf,OcrOrientationInference,239,423.6417429999999,3.974696
4,2,2609.04184v1.pdf,OcrQueue,488,55386.11693299995,13836.816648
4,2,2609.04184v1.pdf,OcrRecognitionInference,239,3058.0398029999988,37.833121
4,2,2609.04184v1.pdf,OcrRecognitionPreprocess,478,72.83364499999993,1.082795
4,2,2609.04184v1.pdf,ParseTotal,1,38559.656208,38559.656208
4,2,2609.04184v1.pdf,PdfOpen,1,18952.163666,18952.163666
4,2,2609.04184v1.pdf,PdfRender,8,154.50485999999998,31.118543
4,2,2609.04184v1.pdf,TableExternal,1,174.334874,174.334874
4,2,2609.04184v1.pdf,TableFill,1,0.899301,0.899301
4,2,2609.04184v1.pdf,TableRules,7,2.802355,0.7900659999999999
4,2,2609.04184v1.pdf,TextExtract,8,106.36039,19.075845
4,2,2609.04184v1.pdf,TextFinish,16,291.392904,75.627927
4,2,2609.04184v1.pdf,TextPrepare,8,0.978072,0.169197
4,2,2609.04184v1.pdf,TsrInference,1,172.269287,172.269287
4,2,2609.04184v1.pdf,TsrPostprocess,1,0.047629,0.047629
4,2,2609.04184v1.pdf,TsrPreprocess,1,1.5028050000000002,1.5028050000000002
4,2,2609.04184v1.pdf,TsrQueue,1,0.237707,0.237707
4,2,2609.04180v1.pdf,DocumentContext,1,1.786262,1.786262
4,2,2609.04180v1.pdf,LayoutInference,23,2477.096839,219.847941
4,2,2609.04180v1.pdf,LayoutPostprocess,23,0.23901900000000004,0.031459
4,2,2609.04180v1.pdf,LayoutPreprocess,23,530.3926309999999,37.908148000000004
4,2,2609.04180v1.pdf,LayoutQueue,23,3947.0340579999993,379.696942
4,2,2609.04180v1.pdf,LayoutReadback,23,0.09325100000000001,0.010885
4,2,2609.04180v1.pdf,LinkValidate,1,8.174235,8.174235
4,2,2609.04180v1.pdf,Ocr,9,77388.15860299999,17906.608341
4,2,2609.04180v1.pdf,OcrDecode,755,2.4084559999999997,0.10981099999999999
4,2,2609.04180v1.pdf,OcrDetectionInference,9,2122.786312,738.9620649999999
4,2,2609.04180v1.pdf,OcrDetectionPostprocess,9,115.741595,17.637047
4,2,2609.04180v1.pdf,OcrDetectionPreprocess,9,469.34784999999994,71.236466
4,2,2609.04180v1.pdf,OcrOrientationInference,755,1735.5637119999994,69.448557
4,2,2609.04180v1.pdf,OcrQueue,1528,59751.17278900003,15169.77823
4,2,2609.04180v1.pdf,OcrRecognitionInference,755,12279.013519999988,164.491094
4,2,2609.04180v1.pdf,OcrRecognitionPreprocess,1510,227.94136099999992,3.8031900000000003
4,2,2609.04180v1.pdf,ParseTotal,1,60509.300261,60509.300261
4,2,2609.04180v1.pdf,PdfOpen,1,33174.154873,33174.154873
4,2,2609.04180v1.pdf,PdfRender,23,402.25045600000004,43.529308
4,2,2609.04180v1.pdf,TableRules,12,6.154424,1.152514
4,2,2609.04180v1.pdf,TextExtract,23,239.932253,21.09694
4,2,2609.04180v1.pdf,TextFinish,46,404.44008899999983,30.240875
4,2,2609.04180v1.pdf,TextPrepare,23,1.9842859999999998,0.178425
4,2,2609.04203v1.pdf,DocumentContext,1,2.308688,2.308688
4,2,2609.04203v1.pdf,LayoutInference,20,1960.724644,202.165777
4,2,2609.04203v1.pdf,LayoutPostprocess,20,0.23008699999999999,0.022775
4,2,2609.04203v1.pdf,LayoutPreprocess,20,444.15781100000004,28.460802
4,2,2609.04203v1.pdf,LayoutQueue,20,2070.264478,250.72402300000002
4,2,2609.04203v1.pdf,LayoutReadback,20,0.139243,0.010183000000000001
4,2,2609.04203v1.pdf,LinkValidate,1,14.807960999999999,14.807960999999999
4,2,2609.04203v1.pdf,Ocr,9,80839.95223600001,17076.494636
4,2,2609.04203v1.pdf,OcrDecode,287,0.8350729999999997,0.025459000000000002
4,2,2609.04203v1.pdf,OcrDetectionInference,9,1160.734446,154.609239
4,2,2609.04203v1.pdf,OcrDetectionPostprocess,9,130.012024,15.986499000000002
4,2,2609.04203v1.pdf,OcrDetectionPreprocess,9,448.091925,57.929002
4,2,2609.04203v1.pdf,OcrOrientationInference,287,933.1852269999997,99.226483
4,2,2609.04203v1.pdf,OcrQueue,592,73789.88402000004,15256.90173
4,2,2609.04203v1.pdf,OcrRecognitionInference,287,4045.4797049999993,296.04736399999996
4,2,2609.04203v1.pdf,OcrRecognitionPreprocess,574,73.679282,1.6821460000000001
4,2,2609.04203v1.pdf,ParseTotal,1,33305.781558,33305.781558
4,2,2609.04203v1.pdf,PdfOpen,1,11547.709695,11547.709695
4,2,2609.04203v1.pdf,PdfRender,20,699.3473900000001,218.666289
4,2,2609.04203v1.pdf,TableExternal,1,427.412205,427.412205
4,2,2609.04203v1.pdf,TableFill,1,5.113018,5.113018
4,2,2609.04203v1.pdf,TableRules,19,9.891007000000002,1.452738
4,2,2609.04203v1.pdf,TextExtract,20,412.693307,119.63072600000001
4,2,2609.04203v1.pdf,TextFinish,40,646.7429910000003,68.631285
4,2,2609.04203v1.pdf,TextPrepare,20,2.2749460000000004,0.159705
4,2,2609.04203v1.pdf,TsrInference,1,424.526258,424.526258
4,2,2609.04203v1.pdf,TsrPostprocess,1,0.16440700000000003,0.16440700000000003
4,2,2609.04203v1.pdf,TsrPreprocess,1,2.172625,2.172625
4,2,2609.04203v1.pdf,TsrQueue,1,0.209892,0.209892
