case,file,stage,count,total_ms,max_ms
clean/batch-1,2403.01632v4.pdf,DocumentContext,1,2.762416,2.762416
clean/batch-1,2403.01632v4.pdf,LayoutInference,47,4778.337581,265.025352
clean/batch-1,2403.01632v4.pdf,LayoutPostprocess,47,0.6975529999999999,0.050001
clean/batch-1,2403.01632v4.pdf,LayoutPreprocess,47,997.763942,33.327695
clean/batch-1,2403.01632v4.pdf,LayoutQueue,47,9148.039497000003,450.58173800000003
clean/batch-1,2403.01632v4.pdf,LayoutReadback,47,0.19919,0.008268
clean/batch-1,2403.01632v4.pdf,LinkValidate,1,14.915825,14.915825
clean/batch-1,2403.01632v4.pdf,Ocr,13,97989.576662,12945.409853
clean/batch-1,2403.01632v4.pdf,OcrDecode,417,2.1189640000000005,0.085104
clean/batch-1,2403.01632v4.pdf,OcrDetectionInference,13,2238.719886,204.850316
clean/batch-1,2403.01632v4.pdf,OcrDetectionPostprocess,13,136.775678,14.523161
clean/batch-1,2403.01632v4.pdf,OcrDetectionPreprocess,13,635.327332,54.076003
clean/batch-1,2403.01632v4.pdf,OcrOrientationInference,417,2349.979641,166.620076
clean/batch-1,2403.01632v4.pdf,OcrQueue,860,77004.79076499982,10162.523766
clean/batch-1,2403.01632v4.pdf,OcrReadback,847,1153.6583830000002,12.002627
clean/batch-1,2403.01632v4.pdf,OcrRecognitionInference,417,13828.815185999987,448.900721
clean/batch-1,2403.01632v4.pdf,OcrRecognitionPreprocess,834,401.8087649999996,3.219727
clean/batch-1,2403.01632v4.pdf,ParseTotal,1,28407.910829,28407.910829
clean/batch-1,2403.01632v4.pdf,PdfOpen,1,0.5165649999999999,0.5165649999999999
clean/batch-1,2403.01632v4.pdf,PdfRender,47,844.4491610000003,61.379324
clean/batch-1,2403.01632v4.pdf,PdfiumQueue,1,0.000598,0.000598
clean/batch-1,2403.01632v4.pdf,TableRules,7,4.3665910000000006,1.270941
clean/batch-1,2403.01632v4.pdf,TextExtract,47,561.639902,18.438384
clean/batch-1,2403.01632v4.pdf,TextFinish,94,702.098486,37.136326999999994
clean/batch-1,2403.01632v4.pdf,TextPrepare,47,3.059139,0.114032
clean/batch-1,2303.18223v16.pdf,DocumentContext,1,14.171291,14.171291
clean/batch-1,2303.18223v16.pdf,LayoutInference,144,12900.276623999993,229.85307799999998
clean/batch-1,2303.18223v16.pdf,LayoutPostprocess,144,2.032576,0.035945000000000005
clean/batch-1,2303.18223v16.pdf,LayoutPreprocess,144,3170.193321,32.50472
clean/batch-1,2303.18223v16.pdf,LayoutQueue,144,21393.159759,358.80452099999997
clean/batch-1,2303.18223v16.pdf,LayoutReadback,144,0.5948709999999998,0.011076
clean/batch-1,2303.18223v16.pdf,LinkValidate,1,70.80551799999999,70.80551799999999
clean/batch-1,2303.18223v16.pdf,Ocr,16,158329.532158,16178.465079999998
clean/batch-1,2303.18223v16.pdf,OcrDecode,717,2.9352649999999985,0.13334100000000002
clean/batch-1,2303.18223v16.pdf,OcrDetectionInference,16,2616.134898,234.626072
clean/batch-1,2303.18223v16.pdf,OcrDetectionPostprocess,16,282.239436,22.041655
clean/batch-1,2303.18223v16.pdf,OcrDetectionPreprocess,16,774.67706,58.332021
clean/batch-1,2303.18223v16.pdf,OcrOrientationInference,717,3081.1281679999997,184.65821499999998
clean/batch-1,2303.18223v16.pdf,OcrQueue,1466,133043.477935,14189.537063
clean/batch-1,2303.18223v16.pdf,OcrReadback,1450,1334.8205880000003,8.326982000000001
clean/batch-1,2303.18223v16.pdf,OcrRecognitionInference,717,16337.095773000014,570.186062
clean/batch-1,2303.18223v16.pdf,OcrRecognitionPreprocess,1434,463.1040869999994,2.545197
clean/batch-1,2303.18223v16.pdf,ParseTotal,1,49287.335929,49287.335929
clean/batch-1,2303.18223v16.pdf,PdfOpen,1,0.7652450000000001,0.7652450000000001
clean/batch-1,2303.18223v16.pdf,PdfRender,144,2513.955321,108.735127
clean/batch-1,2303.18223v16.pdf,PdfiumQueue,1,0.006537,0.006537
clean/batch-1,2303.18223v16.pdf,TableExternal,1,1317.864844,1317.864844
clean/batch-1,2303.18223v16.pdf,TableFill,1,1.565973,1.565973
clean/batch-1,2303.18223v16.pdf,TableRules,24,44.16528699999999,4.814145
clean/batch-1,2303.18223v16.pdf,TextExtract,144,2924.4093369999996,31.782617
clean/batch-1,2303.18223v16.pdf,TextFinish,288,6240.610807000003,143.80891100000002
clean/batch-1,2303.18223v16.pdf,TextPrepare,144,17.550502,0.295953
clean/batch-1,2303.18223v16.pdf,TsrInference,5,1307.8275720000001,1020.296227
clean/batch-1,2303.18223v16.pdf,TsrPostprocess,5,0.213843,0.106627
clean/batch-1,2303.18223v16.pdf,TsrPreprocess,5,5.505938,2.236987
clean/batch-1,2303.18223v16.pdf,TsrQueue,5,0.742221,0.175352
clean/batch-1,2410.05779v3.pdf,DocumentContext,1,1.019947,1.019947
clean/batch-1,2410.05779v3.pdf,LayoutInference,16,1195.076418,77.905162
clean/batch-1,2410.05779v3.pdf,LayoutPostprocess,16,0.21813000000000002,0.027583
clean/batch-1,2410.05779v3.pdf,LayoutPreprocess,16,327.759605,28.472943
clean/batch-1,2410.05779v3.pdf,LayoutQueue,16,2794.46916,208.498258
clean/batch-1,2410.05779v3.pdf,LayoutReadback,16,0.091695,0.008607
clean/batch-1,2410.05779v3.pdf,LinkValidate,1,6.291769,6.291769
clean/batch-1,2410.05779v3.pdf,Ocr,5,70576.715783,17825.550869000002
clean/batch-1,2410.05779v3.pdf,OcrDecode,291,1.9304720000000015,0.030484
clean/batch-1,2410.05779v3.pdf,OcrDetectionInference,5,788.596436,212.997635
clean/batch-1,2410.05779v3.pdf,OcrDetectionPostprocess,5,55.334765000000004,15.766134000000001
clean/batch-1,2410.05779v3.pdf,OcrDetectionPreprocess,5,265.978911,66.104569
clean/batch-1,2410.05779v3.pdf,OcrOrientationInference,291,1059.2212009999992,68.56656899999999
clean/batch-1,2410.05779v3.pdf,OcrQueue,592,52327.25204,12952.146429999999
clean/batch-1,2410.05779v3.pdf,OcrReadback,587,1653.8406089999994,16.230362000000003
clean/batch-1,2410.05779v3.pdf,OcrRecognitionInference,291,13765.702095,432.958775
clean/batch-1,2410.05779v3.pdf,OcrRecognitionPreprocess,582,476.4724529999999,4.65654
clean/batch-1,2410.05779v3.pdf,ParseTotal,1,24892.286399,24892.286399
clean/batch-1,2410.05779v3.pdf,PdfOpen,1,0.207683,0.207683
clean/batch-1,2410.05779v3.pdf,PdfRender,16,286.431061,30.599296000000002
clean/batch-1,2410.05779v3.pdf,PdfiumQueue,1,0.0039310000000000005,0.0039310000000000005
clean/batch-1,2410.05779v3.pdf,TableRules,6,9.90711,3.2606520000000003
clean/batch-1,2410.05779v3.pdf,TextExtract,16,178.85570499999997,20.947869
clean/batch-1,2410.05779v3.pdf,TextFinish,32,176.31769800000004,25.40671
clean/batch-1,2410.05779v3.pdf,TextPrepare,16,0.9607219999999997,0.108208
clean/batch-1,2412.05210v1.pdf,DocumentContext,1,32.88704499999999,32.88704499999999
clean/batch-1,2412.05210v1.pdf,LayoutInference,12,1063.770018,121.574872
clean/batch-1,2412.05210v1.pdf,LayoutPostprocess,12,0.140622,0.021148
clean/batch-1,2412.05210v1.pdf,LayoutPreprocess,12,266.22468799999996,24.549391
clean/batch-1,2412.05210v1.pdf,LayoutQueue,12,2137.328973,330.02790300000004
clean/batch-1,2412.05210v1.pdf,LayoutReadback,12,0.128628,0.019953
clean/batch-1,2412.05210v1.pdf,LinkValidate,1,9.358959,9.358959
clean/batch-1,2412.05210v1.pdf,Ocr,6,51010.74299,12424.711433
clean/batch-1,2412.05210v1.pdf,OcrDecode,439,1.8174909999999977,0.025117
clean/batch-1,2412.05210v1.pdf,OcrDetectionInference,6,1564.8876759999998,713.572309
clean/batch-1,2412.05210v1.pdf,OcrDetectionPostprocess,6,93.397839,16.711637000000003
clean/batch-1,2412.05210v1.pdf,OcrDetectionPreprocess,6,305.36426,54.085845
clean/batch-1,2412.05210v1.pdf,OcrOrientationInference,439,960.3742290000005,122.71494700000001
clean/batch-1,2412.05210v1.pdf,OcrQueue,890,36374.982719,11694.920172
clean/batch-1,2412.05210v1.pdf,OcrReadback,884,1050.8862289999995,7.170127999999999
clean/batch-1,2412.05210v1.pdf,OcrRecognitionInference,439,10070.81498,500.189421
clean/batch-1,2412.05210v1.pdf,OcrRecognitionPreprocess,878,350.54955999999993,2.067026
clean/batch-1,2412.05210v1.pdf,ParseTotal,1,17945.439255,17945.439255
clean/batch-1,2412.05210v1.pdf,PdfOpen,1,0.662865,0.662865
clean/batch-1,2412.05210v1.pdf,PdfRender,12,350.52985,77.682929
clean/batch-1,2412.05210v1.pdf,PdfiumQueue,1,0.004013,0.004013
clean/batch-1,2412.05210v1.pdf,TableRules,4,18.607965,8.979273
clean/batch-1,2412.05210v1.pdf,TextExtract,12,226.74882500000004,31.018121999999998
clean/batch-1,2412.05210v1.pdf,TextFinish,24,548.2725180000001,271.03443799999997
clean/batch-1,2412.05210v1.pdf,TextPrepare,12,1.409991,0.294634
clean/batch-1,2604.18583v1.pdf,DocumentContext,1,1.671423,1.671423
clean/batch-1,2604.18583v1.pdf,LayoutInference,15,1334.4978449999999,201.620291
clean/batch-1,2604.18583v1.pdf,LayoutPostprocess,15,0.30047100000000004,0.040159
clean/batch-1,2604.18583v1.pdf,LayoutPreprocess,15,330.940235,27.229153999999998
clean/batch-1,2604.18583v1.pdf,LayoutQueue,15,695.1407489999999,183.65767
clean/batch-1,2604.18583v1.pdf,LayoutReadback,15,0.07605400000000001,0.007663
clean/batch-1,2604.18583v1.pdf,LinkValidate,1,8.148111,8.148111
clean/batch-1,2604.18583v1.pdf,Ocr,8,51645.942274,8725.00535
clean/batch-1,2604.18583v1.pdf,OcrDecode,100,0.413586,0.013569
clean/batch-1,2604.18583v1.pdf,OcrDetectionInference,8,1212.0278569999998,189.396072
clean/batch-1,2604.18583v1.pdf,OcrDetectionPostprocess,8,104.50981300000001,18.367468000000002
clean/batch-1,2604.18583v1.pdf,OcrDetectionPreprocess,8,383.22414200000003,54.831185999999995
clean/batch-1,2604.18583v1.pdf,OcrOrientationInference,100,256.431497,47.113589999999995
clean/batch-1,2604.18583v1.pdf,OcrQueue,216,47867.816746,8315.757198
clean/batch-1,2604.18583v1.pdf,OcrReadback,208,202.02322500000005,10.925297
clean/batch-1,2604.18583v1.pdf,OcrRecognitionInference,100,1485.0559759999996,43.909856
clean/batch-1,2604.18583v1.pdf,OcrRecognitionPreprocess,200,74.99187099999999,2.570703
clean/batch-1,2604.18583v1.pdf,ParseTotal,1,14332.012232000001,14332.012232000001
clean/batch-1,2604.18583v1.pdf,PdfOpen,1,0.412213,0.412213
clean/batch-1,2604.18583v1.pdf,PdfRender,15,1661.8117340000001,648.4645479999999
clean/batch-1,2604.18583v1.pdf,PdfiumQueue,1,0.003168,0.003168
clean/batch-1,2604.18583v1.pdf,TableRules,2,1.951547,1.077775
clean/batch-1,2604.18583v1.pdf,TextExtract,15,234.07098399999995,32.159088000000004
clean/batch-1,2604.18583v1.pdf,TextFinish,30,546.873415,207.729926
clean/batch-1,2604.18583v1.pdf,TextPrepare,15,1.6790990000000001,0.276642
clean/batch-1,2603.01919v2.pdf,DocumentContext,1,2.213723,2.213723
clean/batch-1,2603.01919v2.pdf,LayoutInference,23,2240.5828739999997,213.600966
clean/batch-1,2603.01919v2.pdf,LayoutPostprocess,23,0.288052,0.044896
clean/batch-1,2603.01919v2.pdf,LayoutPreprocess,23,529.551372,38.262592
clean/batch-1,2603.01919v2.pdf,LayoutQueue,23,4997.860746,364.215376
clean/batch-1,2603.01919v2.pdf,LayoutReadback,23,0.12604500000000002,0.012509
clean/batch-1,2603.01919v2.pdf,LinkValidate,1,16.97643,16.97643
clean/batch-1,2603.01919v2.pdf,Ocr,10,100917.359841,14830.380369
clean/batch-1,2603.01919v2.pdf,OcrDecode,1101,3.771139999999997,0.039134
clean/batch-1,2603.01919v2.pdf,OcrDetectionInference,10,1386.324861,171.70890599999998
clean/batch-1,2603.01919v2.pdf,OcrDetectionPostprocess,10,145.571655,22.111192000000003
clean/batch-1,2603.01919v2.pdf,OcrDetectionPreprocess,10,476.82133899999997,54.210361999999996
clean/batch-1,2603.01919v2.pdf,OcrOrientationInference,1101,3418.1229310000026,145.450737
clean/batch-1,2603.01919v2.pdf,OcrQueue,2222,76729.5998240002,11919.76396
clean/batch-1,2603.01919v2.pdf,OcrReadback,2212,1952.0093440000007,15.37477
clean/batch-1,2603.01919v2.pdf,OcrRecognitionInference,1101,15591.130396999964,412.812217
clean/batch-1,2603.01919v2.pdf,OcrRecognitionPreprocess,2202,631.0181619999992,2.853429
clean/batch-1,2603.01919v2.pdf,ParseTotal,1,32332.717072999996,32332.717072999996
clean/batch-1,2603.01919v2.pdf,PdfOpen,1,0.497742,0.497742
clean/batch-1,2603.01919v2.pdf,PdfRender,23,786.90265,123.945365
clean/batch-1,2603.01919v2.pdf,PdfiumQueue,1,0.0031,0.0031
clean/batch-1,2603.01919v2.pdf,TableExternal,1,595.3476850000001,595.3476850000001
clean/batch-1,2603.01919v2.pdf,TableFill,1,0.400208,0.400208
clean/batch-1,2603.01919v2.pdf,TableRules,18,25.897119,4.888593
clean/batch-1,2603.01919v2.pdf,TextExtract,23,429.79864,52.286003
clean/batch-1,2603.01919v2.pdf,TextFinish,46,571.5056740000001,77.860252
clean/batch-1,2603.01919v2.pdf,TextPrepare,23,2.047735,0.186988
clean/batch-1,2603.01919v2.pdf,TsrInference,3,590.3166209999999,446.42409399999997
clean/batch-1,2603.01919v2.pdf,TsrPostprocess,3,0.31622500000000003,0.211814
clean/batch-1,2603.01919v2.pdf,TsrPreprocess,3,3.4677110000000004,1.371199
clean/batch-1,2603.01919v2.pdf,TsrQueue,3,0.324897,0.116773
clean/batch-1,2604.21959v1.pdf,DocumentContext,1,0.196305,0.196305
clean/batch-1,2604.21959v1.pdf,LayoutInference,3,292.666043,137.656403
clean/batch-1,2604.21959v1.pdf,LayoutPostprocess,3,0.046786999999999995,0.019222
clean/batch-1,2604.21959v1.pdf,LayoutPreprocess,3,67.890244,23.188924999999998
clean/batch-1,2604.21959v1.pdf,LayoutQueue,3,308.128285,185.082234
clean/batch-1,2604.21959v1.pdf,LayoutReadback,3,0.028779999999999997,0.013817
clean/batch-1,2604.21959v1.pdf,LinkValidate,1,0.855604,0.855604
clean/batch-1,2604.21959v1.pdf,Ocr,2,11224.150971,7212.86993
clean/batch-1,2604.21959v1.pdf,OcrDecode,87,0.36243000000000003,0.013929
clean/batch-1,2604.21959v1.pdf,OcrDetectionInference,2,666.995141,537.385991
clean/batch-1,2604.21959v1.pdf,OcrDetectionPostprocess,2,24.951093,15.216188
clean/batch-1,2604.21959v1.pdf,OcrDetectionPreprocess,2,103.90933700000001,60.910124
clean/batch-1,2604.21959v1.pdf,OcrOrientationInference,87,377.19129399999997,107.7399
clean/batch-1,2604.21959v1.pdf,OcrQueue,178,7837.591515000003,3935.821358
clean/batch-1,2604.21959v1.pdf,OcrReadback,176,309.793195,11.070749
clean/batch-1,2604.21959v1.pdf,OcrRecognitionInference,87,1756.8745459999993,49.995433999999996
clean/batch-1,2604.21959v1.pdf,OcrRecognitionPreprocess,174,100.71954700000002,3.523114
clean/batch-1,2604.21959v1.pdf,ParseTotal,1,7577.356305,7577.356305
clean/batch-1,2604.21959v1.pdf,PdfOpen,1,0.341496,0.341496
clean/batch-1,2604.21959v1.pdf,PdfRender,3,51.286665,17.620931
clean/batch-1,2604.21959v1.pdf,PdfiumQueue,1,0.004021,0.004021
clean/batch-1,2604.21959v1.pdf,TextExtract,3,23.941795000000003,10.876096
clean/batch-1,2604.21959v1.pdf,TextFinish,6,22.72378,11.761269
clean/batch-1,2604.21959v1.pdf,TextPrepare,3,0.162292,0.088223
clean/batch-1,2604.18584v1.pdf,DocumentContext,1,2.559441,2.559441
clean/batch-1,2604.18584v1.pdf,LayoutInference,32,3890.532246,213.441848
clean/batch-1,2604.18584v1.pdf,LayoutPostprocess,32,0.37847,0.024191
clean/batch-1,2604.18584v1.pdf,LayoutPreprocess,32,730.4839069999998,40.791892000000004
clean/batch-1,2604.18584v1.pdf,LayoutQueue,32,5441.609374,339.464538
clean/batch-1,2604.18584v1.pdf,LayoutReadback,32,0.18886999999999995,0.013261
clean/batch-1,2604.18584v1.pdf,LinkValidate,1,10.869759,10.869759
clean/batch-1,2604.18584v1.pdf,Ocr,13,135055.54641999997,25558.05883
clean/batch-1,2604.18584v1.pdf,OcrDecode,882,4.436556999999999,0.11473799999999999
clean/batch-1,2604.18584v1.pdf,OcrDetectionInference,13,2451.499878,374.79055700000004
clean/batch-1,2604.18584v1.pdf,OcrDetectionPostprocess,13,125.627192,14.816467
clean/batch-1,2604.18584v1.pdf,OcrDetectionPreprocess,13,654.6696720000001,57.496821
clean/batch-1,2604.18584v1.pdf,OcrOrientationInference,882,1779.3675910000002,125.164675
clean/batch-1,2604.18584v1.pdf,OcrQueue,1790,100683.91957400001,20473.76858
clean/batch-1,2604.18584v1.pdf,OcrReadback,1777,2580.2786229999992,11.380675
clean/batch-1,2604.18584v1.pdf,OcrRecognitionInference,882,25445.543662999986,459.145487
clean/batch-1,2604.18584v1.pdf,OcrRecognitionPreprocess,1764,809.305269999998,3.379525
clean/batch-1,2604.18584v1.pdf,ParseTotal,1,42038.395278,42038.395278
clean/batch-1,2604.18584v1.pdf,PdfOpen,1,0.558216,0.558216
clean/batch-1,2604.18584v1.pdf,PdfRender,32,679.3056630000001,103.827445
clean/batch-1,2604.18584v1.pdf,PdfiumQueue,1,0.007260999999999999,0.007260999999999999
clean/batch-1,2604.18584v1.pdf,TableExternal,2,1101.354873,650.803267
clean/batch-1,2604.18584v1.pdf,TableFill,2,0.16538899999999998,0.144278
clean/batch-1,2604.18584v1.pdf,TableRules,18,28.184070999999996,5.947526
clean/batch-1,2604.18584v1.pdf,TextExtract,32,324.631547,17.841502
clean/batch-1,2604.18584v1.pdf,TextFinish,64,503.93546599999985,57.121715
clean/batch-1,2604.18584v1.pdf,TextPrepare,32,2.1100159999999994,0.14328
clean/batch-1,2604.18584v1.pdf,TsrInference,2,1096.589745,646.940161
clean/batch-1,2604.18584v1.pdf,TsrPostprocess,2,0.080428,0.072341
clean/batch-1,2604.18584v1.pdf,TsrPreprocess,2,4.007263999999999,3.4123539999999997
clean/batch-1,2604.18584v1.pdf,TsrQueue,2,0.22024699999999997,0.137088
clean/batch-1,2606.17056v1.pdf,DocumentContext,1,3.894747,3.894747
clean/batch-1,2606.17056v1.pdf,LayoutInference,25,2720.656955,201.52795500000002
clean/batch-1,2606.17056v1.pdf,LayoutPostprocess,25,0.27463800000000005,0.019863
clean/batch-1,2606.17056v1.pdf,LayoutPreprocess,25,510.13823399999995,24.33585
clean/batch-1,2606.17056v1.pdf,LayoutQueue,25,3604.937403,377.389932
clean/batch-1,2606.17056v1.pdf,LayoutReadback,25,0.153855,0.011386
clean/batch-1,2606.17056v1.pdf,LinkValidate,1,5.295463,5.295463
clean/batch-1,2606.17056v1.pdf,Ocr,15,150490.441394,24780.689114
clean/batch-1,2606.17056v1.pdf,OcrDecode,831,2.903617999999999,0.09739
clean/batch-1,2606.17056v1.pdf,OcrDetectionInference,15,2643.7410729999997,251.425352
clean/batch-1,2606.17056v1.pdf,OcrDetectionPostprocess,15,167.89732999999998,17.77997
clean/batch-1,2606.17056v1.pdf,OcrDetectionPreprocess,15,703.8174280000001,55.763128
clean/batch-1,2606.17056v1.pdf,OcrOrientationInference,831,2383.335520000001,138.753931
clean/batch-1,2606.17056v1.pdf,OcrQueue,1692,129059.48924000004,20380.337882
clean/batch-1,2606.17056v1.pdf,OcrReadback,1677,1481.4408999999978,10.951443999999999
clean/batch-1,2606.17056v1.pdf,OcrRecognitionInference,831,13122.007177,433.773885
clean/batch-1,2606.17056v1.pdf,OcrRecognitionPreprocess,1662,473.0871570000003,3.751534
clean/batch-1,2606.17056v1.pdf,ParseTotal,1,39876.175414000005,39876.175414000005
clean/batch-1,2606.17056v1.pdf,PdfOpen,1,0.638302,0.638302
clean/batch-1,2606.17056v1.pdf,PdfRender,25,414.360009,25.611969
clean/batch-1,2606.17056v1.pdf,PdfiumQueue,1,0.003646,0.003646
clean/batch-1,2606.17056v1.pdf,TableRules,4,5.550300999999999,2.4617039999999997
clean/batch-1,2606.17056v1.pdf,TextExtract,25,272.24770400000006,15.383427999999999
clean/batch-1,2606.17056v1.pdf,TextFinish,50,239.96377600000005,20.319134
clean/batch-1,2606.17056v1.pdf,TextPrepare,25,1.432214,0.093715
clean/batch-1,2609.04184v1.pdf,DocumentContext,1,0.975865,0.975865
clean/batch-1,2609.04184v1.pdf,LayoutInference,8,642.7457139999999,91.16790499999999
clean/batch-1,2609.04184v1.pdf,LayoutPostprocess,8,0.136239,0.029831
clean/batch-1,2609.04184v1.pdf,LayoutPreprocess,8,168.910823,24.119004999999998
clean/batch-1,2609.04184v1.pdf,LayoutQueue,8,1167.760417,236.994601
clean/batch-1,2609.04184v1.pdf,LayoutReadback,8,0.036479,0.0065309999999999995
clean/batch-1,2609.04184v1.pdf,LinkValidate,1,5.314466,5.314466
clean/batch-1,2609.04184v1.pdf,Ocr,5,50350.956279000005,12818.369965
clean/batch-1,2609.04184v1.pdf,OcrDecode,239,0.8747369999999999,0.012101
clean/batch-1,2609.04184v1.pdf,OcrDetectionInference,5,782.398006,203.44742
clean/batch-1,2609.04184v1.pdf,OcrDetectionPostprocess,5,78.084515,17.68486
clean/batch-1,2609.04184v1.pdf,OcrDetectionPreprocess,5,255.78018099999997,65.504461
clean/batch-1,2609.04184v1.pdf,OcrOrientationInference,239,451.13314200000025,5.075418
clean/batch-1,2609.04184v1.pdf,OcrQueue,488,45425.95043299998,11984.886832
clean/batch-1,2609.04184v1.pdf,OcrReadback,483,401.20234499999987,4.380106
clean/batch-1,2609.04184v1.pdf,OcrRecognitionInference,239,2689.972499,47.967641
clean/batch-1,2609.04184v1.pdf,OcrRecognitionPreprocess,478,138.11286699999988,1.032101
clean/batch-1,2609.04184v1.pdf,ParseTotal,1,15124.942428,15124.942428
clean/batch-1,2609.04184v1.pdf,PdfOpen,1,0.8541500000000001,0.8541500000000001
clean/batch-1,2609.04184v1.pdf,PdfRender,8,192.060367,39.334384
clean/batch-1,2609.04184v1.pdf,PdfiumQueue,1,0.003321,0.003321
clean/batch-1,2609.04184v1.pdf,TableExternal,1,244.814021,244.814021
clean/batch-1,2609.04184v1.pdf,TableFill,1,0.9814019999999999,0.9814019999999999
clean/batch-1,2609.04184v1.pdf,TableRules,7,3.06719,0.778163
clean/batch-1,2609.04184v1.pdf,TextExtract,8,140.549553,25.26842
clean/batch-1,2609.04184v1.pdf,TextFinish,16,260.71917099999996,72.66771499999999
clean/batch-1,2609.04184v1.pdf,TextPrepare,8,0.853,0.163451
clean/batch-1,2609.04184v1.pdf,TsrInference,1,242.893369,242.893369
clean/batch-1,2609.04184v1.pdf,TsrPostprocess,1,0.050782,0.050782
clean/batch-1,2609.04184v1.pdf,TsrPreprocess,1,1.418877,1.418877
clean/batch-1,2609.04184v1.pdf,TsrQueue,1,0.158827,0.158827
clean/batch-1,2609.04180v1.pdf,DocumentContext,1,1.54708,1.54708
clean/batch-1,2609.04180v1.pdf,LayoutInference,23,2382.2676239999996,294.200917
clean/batch-1,2609.04180v1.pdf,LayoutPostprocess,23,0.270434,0.033741
clean/batch-1,2609.04180v1.pdf,LayoutPreprocess,23,508.20391699999993,28.403565
clean/batch-1,2609.04180v1.pdf,LayoutQueue,23,4659.971125000001,443.01993899999997
clean/batch-1,2609.04180v1.pdf,LayoutReadback,23,0.112121,0.009207
clean/batch-1,2609.04180v1.pdf,LinkValidate,1,7.716504,7.716504
clean/batch-1,2609.04180v1.pdf,Ocr,9,76026.43451600001,17094.36999
clean/batch-1,2609.04180v1.pdf,OcrDecode,755,2.581755999999995,0.021927
clean/batch-1,2609.04180v1.pdf,OcrDetectionInference,9,1730.851336,243.423695
clean/batch-1,2609.04180v1.pdf,OcrDetectionPostprocess,9,117.60698199999999,20.520720999999998
clean/batch-1,2609.04180v1.pdf,OcrDetectionPreprocess,9,466.07580499999995,70.572596
clean/batch-1,2609.04180v1.pdf,OcrOrientationInference,755,2161.4011970000015,184.868311
clean/batch-1,2609.04180v1.pdf,OcrQueue,1528,57657.455034000006,12512.933132
clean/batch-1,2609.04180v1.pdf,OcrReadback,1519,1478.4206749999987,12.57415
clean/batch-1,2609.04180v1.pdf,OcrRecognitionInference,755,11543.692391999986,398.724825
clean/batch-1,2609.04180v1.pdf,OcrRecognitionPreprocess,1510,464.4148570000002,3.7034569999999998
clean/batch-1,2609.04180v1.pdf,ParseTotal,1,24821.476027,24821.476027
clean/batch-1,2609.04180v1.pdf,PdfOpen,1,0.538112,0.538112
clean/batch-1,2609.04180v1.pdf,PdfRender,23,483.17050499999993,48.306895000000004
clean/batch-1,2609.04180v1.pdf,PdfiumQueue,1,0.003596,0.003596
clean/batch-1,2609.04180v1.pdf,TableRules,12,6.939297,1.098172
clean/batch-1,2609.04180v1.pdf,TextExtract,23,318.18839399999996,25.439753
clean/batch-1,2609.04180v1.pdf,TextFinish,46,380.61630899999994,31.805896
clean/batch-1,2609.04180v1.pdf,TextPrepare,23,1.818852,0.152498
clean/batch-1,2609.04203v1.pdf,DocumentContext,1,2.432562,2.432562
clean/batch-1,2609.04203v1.pdf,LayoutInference,20,2405.7368140000003,283.418529
clean/batch-1,2609.04203v1.pdf,LayoutPostprocess,20,0.280148,0.042395
clean/batch-1,2609.04203v1.pdf,LayoutPreprocess,20,416.456662,24.238343999999998
clean/batch-1,2609.04203v1.pdf,LayoutQueue,20,3211.126181000001,336.596835
clean/batch-1,2609.04203v1.pdf,LayoutReadback,20,0.114589,0.015778999999999998
clean/batch-1,2609.04203v1.pdf,LinkValidate,1,12.075288,12.075288
clean/batch-1,2609.04203v1.pdf,Ocr,9,20502.158687000003,3988.369049
clean/batch-1,2609.04203v1.pdf,OcrDecode,287,1.0843810000000005,0.112899
clean/batch-1,2609.04203v1.pdf,OcrDetectionInference,9,1433.6711999999998,178.13874900000002
clean/batch-1,2609.04203v1.pdf,OcrDetectionPostprocess,9,145.028977,21.720512
clean/batch-1,2609.04203v1.pdf,OcrDetectionPreprocess,9,436.011652,54.662978
clean/batch-1,2609.04203v1.pdf,OcrOrientationInference,287,1461.0662060000004,171.052208
clean/batch-1,2609.04203v1.pdf,OcrQueue,592,11824.919366000006,1989.497508
clean/batch-1,2609.04203v1.pdf,OcrReadback,583,510.0829349999997,5.628937
clean/batch-1,2609.04203v1.pdf,OcrRecognitionInference,287,4351.880132999997,376.515392
clean/batch-1,2609.04203v1.pdf,OcrRecognitionPreprocess,574,176.05991699999993,1.18361
clean/batch-1,2609.04203v1.pdf,ParseTotal,1,6950.968537,6950.968537
clean/batch-1,2609.04203v1.pdf,PdfOpen,1,0.51909,0.51909
clean/batch-1,2609.04203v1.pdf,PdfRender,20,744.380689,211.477901
clean/batch-1,2609.04203v1.pdf,PdfiumQueue,1,0.0034460000000000003,0.0034460000000000003
clean/batch-1,2609.04203v1.pdf,TableExternal,1,397.616601,397.616601
clean/batch-1,2609.04203v1.pdf,TableFill,1,6.493786,6.493786
clean/batch-1,2609.04203v1.pdf,TableRules,19,9.379178999999999,1.257371
clean/batch-1,2609.04203v1.pdf,TextExtract,20,507.44427399999995,120.147094
clean/batch-1,2609.04203v1.pdf,TextFinish,40,611.328143,64.51322499999999
clean/batch-1,2609.04203v1.pdf,TextPrepare,20,2.0390750000000004,0.2155
clean/batch-1,2609.04203v1.pdf,TsrInference,1,395.220299,395.220299
clean/batch-1,2609.04203v1.pdf,TsrPostprocess,1,0.151187,0.151187
clean/batch-1,2609.04203v1.pdf,TsrPreprocess,1,1.850724,1.850724
clean/batch-1,2609.04203v1.pdf,TsrQueue,1,0.157658,0.157658
clean/batch-16,2403.01632v4.pdf,DocumentContext,1,3.408992,3.408992
clean/batch-16,2403.01632v4.pdf,LayoutInference,47,6583.998698,297.171984
clean/batch-16,2403.01632v4.pdf,LayoutPostprocess,47,0.7365139999999999,0.072662
clean/batch-16,2403.01632v4.pdf,LayoutPreprocess,47,1024.0408400000001,30.936510000000002
clean/batch-16,2403.01632v4.pdf,LayoutQueue,47,12705.961696999999,593.7305200000001
clean/batch-16,2403.01632v4.pdf,LayoutReadback,47,0.19660700000000003,0.010031
clean/batch-16,2403.01632v4.pdf,LinkValidate,1,16.565032,16.565032
clean/batch-16,2403.01632v4.pdf,Ocr,13,104728.613476,14307.797692
clean/batch-16,2403.01632v4.pdf,OcrDecode,417,1.4921069999999992,0.024604
clean/batch-16,2403.01632v4.pdf,OcrDetectionInference,13,2955.88554,285.366314
clean/batch-16,2403.01632v4.pdf,OcrDetectionPostprocess,13,134.714968,16.912342
clean/batch-16,2403.01632v4.pdf,OcrDetectionPreprocess,13,661.9140620000001,59.032698
clean/batch-16,2403.01632v4.pdf,OcrOrientationInference,197,5407.129866000005,559.629175
clean/batch-16,2403.01632v4.pdf,OcrQueue,420,77204.28780600004,10299.326458
clean/batch-16,2403.01632v4.pdf,OcrReadback,407,1234.0277910000016,27.139872
clean/batch-16,2403.01632v4.pdf,OcrRecognitionInference,197,16599.366659999996,843.101669
clean/batch-16,2403.01632v4.pdf,OcrRecognitionPreprocess,394,401.36775599999993,5.813053
clean/batch-16,2403.01632v4.pdf,ParseTotal,1,29511.282489999998,29511.282489999998
clean/batch-16,2403.01632v4.pdf,PdfOpen,1,0.474127,0.474127
clean/batch-16,2403.01632v4.pdf,PdfRender,47,869.532735,62.981074
clean/batch-16,2403.01632v4.pdf,PdfiumQueue,1,0.000267,0.000267
clean/batch-16,2403.01632v4.pdf,TableRules,7,4.449376,1.312765
clean/batch-16,2403.01632v4.pdf,TextExtract,47,583.0120500000002,18.015617000000002
clean/batch-16,2403.01632v4.pdf,TextFinish,94,729.2730869999999,31.403412999999997
clean/batch-16,2403.01632v4.pdf,TextPrepare,47,3.0757070000000004,0.13978100000000002
clean/batch-16,2303.18223v16.pdf,DocumentContext,1,15.880088,15.880088
clean/batch-16,2303.18223v16.pdf,LayoutInference,144,14286.258653,266.198798
clean/batch-16,2303.18223v16.pdf,LayoutPostprocess,144,2.0394289999999993,0.040658
clean/batch-16,2303.18223v16.pdf,LayoutPreprocess,144,3264.603565000001,37.186598000000004
clean/batch-16,2303.18223v16.pdf,LayoutQueue,144,29146.864965999997,752.558398
clean/batch-16,2303.18223v16.pdf,LayoutReadback,144,0.6494869999999999,0.009528
clean/batch-16,2303.18223v16.pdf,LinkValidate,1,69.358854,69.358854
clean/batch-16,2303.18223v16.pdf,Ocr,16,147126.67138,15099.758895
clean/batch-16,2303.18223v16.pdf,OcrDecode,717,1.8078349999999992,0.082569
clean/batch-16,2303.18223v16.pdf,OcrDetectionInference,16,3007.5782140000006,278.39655200000004
clean/batch-16,2303.18223v16.pdf,OcrDetectionPostprocess,16,282.222016,22.575232
clean/batch-16,2303.18223v16.pdf,OcrDetectionPreprocess,16,793.4340170000002,58.580407
clean/batch-16,2303.18223v16.pdf,OcrOrientationInference,202,5876.304521000002,366.033765
clean/batch-16,2303.18223v16.pdf,OcrQueue,436,118851.31565499994,12570.578432999999
clean/batch-16,2303.18223v16.pdf,OcrReadback,420,1419.3247029999984,30.638682
clean/batch-16,2303.18223v16.pdf,OcrRecognitionInference,202,16331.976009999998,702.554904
clean/batch-16,2303.18223v16.pdf,OcrRecognitionPreprocess,404,426.3299479999999,6.664092
clean/batch-16,2303.18223v16.pdf,ParseTotal,1,48942.554084,48942.554084
clean/batch-16,2303.18223v16.pdf,PdfOpen,1,0.833855,0.833855
clean/batch-16,2303.18223v16.pdf,PdfRender,144,2595.1691170000004,105.201437
clean/batch-16,2303.18223v16.pdf,PdfiumQueue,1,0.0028150000000000002,0.0028150000000000002
clean/batch-16,2303.18223v16.pdf,TableExternal,1,1307.1035470000002,1307.1035470000002
clean/batch-16,2303.18223v16.pdf,TableFill,1,1.8297599999999998,1.8297599999999998
clean/batch-16,2303.18223v16.pdf,TableRules,24,41.676477,6.0285470000000005
clean/batch-16,2303.18223v16.pdf,TextExtract,144,3008.4217580000004,30.702804
clean/batch-16,2303.18223v16.pdf,TextFinish,288,6532.699656000001,164.357695
clean/batch-16,2303.18223v16.pdf,TextPrepare,144,17.731678000000006,0.327086
clean/batch-16,2303.18223v16.pdf,TsrInference,5,1294.3159429999998,941.838786
clean/batch-16,2303.18223v16.pdf,TsrPostprocess,5,0.246093,0.131844
clean/batch-16,2303.18223v16.pdf,TsrPreprocess,5,8.320774,4.018369
clean/batch-16,2303.18223v16.pdf,TsrQueue,5,0.6558539999999999,0.196513
clean/batch-16,2410.05779v3.pdf,DocumentContext,1,1.2694519999999998,1.2694519999999998
clean/batch-16,2410.05779v3.pdf,LayoutInference,16,1273.250365,91.780175
clean/batch-16,2410.05779v3.pdf,LayoutPostprocess,16,0.16263899999999998,0.023234
clean/batch-16,2410.05779v3.pdf,LayoutPreprocess,16,350.81921700000004,29.34033
clean/batch-16,2410.05779v3.pdf,LayoutQueue,16,4983.879190000001,602.427671
clean/batch-16,2410.05779v3.pdf,LayoutReadback,16,0.09882,0.011834
clean/batch-16,2410.05779v3.pdf,LinkValidate,1,5.605828,5.605828
clean/batch-16,2410.05779v3.pdf,Ocr,5,61848.236946000005,15642.018828999999
clean/batch-16,2410.05779v3.pdf,OcrDecode,291,1.5772539999999995,0.034956
clean/batch-16,2410.05779v3.pdf,OcrDetectionInference,5,736.582011,196.376245
clean/batch-16,2410.05779v3.pdf,OcrDetectionPostprocess,5,52.871337,14.294741
clean/batch-16,2410.05779v3.pdf,OcrDetectionPreprocess,5,254.74606799999998,60.914418999999995
clean/batch-16,2410.05779v3.pdf,OcrOrientationInference,182,2125.0771399999994,274.443415
clean/batch-16,2410.05779v3.pdf,OcrQueue,374,46323.89286300003,10786.940285
clean/batch-16,2410.05779v3.pdf,OcrReadback,369,1636.9186719999996,58.684102
clean/batch-16,2410.05779v3.pdf,OcrRecognitionInference,182,10104.249794000005,532.466302
clean/batch-16,2410.05779v3.pdf,OcrRecognitionPreprocess,364,495.55950199999984,10.237098999999999
clean/batch-16,2410.05779v3.pdf,ParseTotal,1,22380.729678000003,22380.729678000003
clean/batch-16,2410.05779v3.pdf,PdfOpen,1,0.252809,0.252809
clean/batch-16,2410.05779v3.pdf,PdfRender,16,335.87209500000006,35.847879
clean/batch-16,2410.05779v3.pdf,PdfiumQueue,1,0.003999,0.003999
clean/batch-16,2410.05779v3.pdf,TableRules,6,12.514017,4.399411
clean/batch-16,2410.05779v3.pdf,TextExtract,16,188.05205899999999,18.82275
clean/batch-16,2410.05779v3.pdf,TextFinish,32,202.28870700000007,28.054368999999998
clean/batch-16,2410.05779v3.pdf,TextPrepare,16,0.9324870000000001,0.12623499999999999
clean/batch-16,2412.05210v1.pdf,DocumentContext,1,34.809557999999996,34.809557999999996
clean/batch-16,2412.05210v1.pdf,LayoutInference,12,1104.455243,135.725803
clean/batch-16,2412.05210v1.pdf,LayoutPostprocess,12,0.14277,0.020981
clean/batch-16,2412.05210v1.pdf,LayoutPreprocess,12,265.835021,26.713712
clean/batch-16,2412.05210v1.pdf,LayoutQueue,12,1656.4146199999998,320.474918
clean/batch-16,2412.05210v1.pdf,LayoutReadback,12,0.086536,0.016714
clean/batch-16,2412.05210v1.pdf,LinkValidate,1,9.181108,9.181108
clean/batch-16,2412.05210v1.pdf,Ocr,6,44735.547156,14814.486911
clean/batch-16,2412.05210v1.pdf,OcrDecode,439,1.2673339999999995,0.02644
clean/batch-16,2412.05210v1.pdf,OcrDetectionInference,6,1493.175534,730.8847539999999
clean/batch-16,2412.05210v1.pdf,OcrDetectionPostprocess,6,95.09028300000001,18.386382
clean/batch-16,2412.05210v1.pdf,OcrDetectionPreprocess,6,304.473096,55.519898
clean/batch-16,2412.05210v1.pdf,OcrOrientationInference,166,2730.2769699999994,187.293261
clean/batch-16,2412.05210v1.pdf,OcrQueue,344,29023.76440199999,6454.728655
clean/batch-16,2412.05210v1.pdf,OcrReadback,338,1074.411514999999,27.289493
clean/batch-16,2412.05210v1.pdf,OcrRecognitionInference,166,9549.386100000002,561.2805010000001
clean/batch-16,2412.05210v1.pdf,OcrRecognitionPreprocess,332,356.196693,8.589646
clean/batch-16,2412.05210v1.pdf,ParseTotal,1,19326.815755,19326.815755
clean/batch-16,2412.05210v1.pdf,PdfOpen,1,0.418205,0.418205
clean/batch-16,2412.05210v1.pdf,PdfRender,12,349.32996199999997,78.385138
clean/batch-16,2412.05210v1.pdf,PdfiumQueue,1,0.005006,0.005006
clean/batch-16,2412.05210v1.pdf,TableRules,4,25.976750000000003,13.640856
clean/batch-16,2412.05210v1.pdf,TextExtract,12,232.370738,31.437077000000002
clean/batch-16,2412.05210v1.pdf,TextFinish,24,554.7874660000001,271.511892
clean/batch-16,2412.05210v1.pdf,TextPrepare,12,1.475323,0.302732
clean/batch-16,2603.01919v2.pdf,DocumentContext,1,1.7898720000000001,1.7898720000000001
clean/batch-16,2603.01919v2.pdf,LayoutInference,23,2299.530387,211.970238
clean/batch-16,2603.01919v2.pdf,LayoutPostprocess,23,0.31765099999999996,0.029224
clean/batch-16,2603.01919v2.pdf,LayoutPreprocess,23,516.543368,33.432209
clean/batch-16,2603.01919v2.pdf,LayoutQueue,23,3978.7770849999997,304.334422
clean/batch-16,2603.01919v2.pdf,LayoutReadback,23,0.12684099999999998,0.010114
clean/batch-16,2603.01919v2.pdf,LinkValidate,1,16.109125,16.109125
clean/batch-16,2603.01919v2.pdf,Ocr,10,74265.015222,12127.357603
clean/batch-16,2603.01919v2.pdf,OcrDecode,1101,2.7223839999999995,0.107544
clean/batch-16,2603.01919v2.pdf,OcrDetectionInference,10,1450.289929,197.704609
clean/batch-16,2603.01919v2.pdf,OcrDetectionPostprocess,10,128.27689700000002,17.476207000000002
clean/batch-16,2603.01919v2.pdf,OcrDetectionPreprocess,10,476.912966,51.358417
clean/batch-16,2603.01919v2.pdf,OcrOrientationInference,193,4110.947152999999,307.620691
clean/batch-16,2603.01919v2.pdf,OcrQueue,406,55681.40270899998,8340.800996
clean/batch-16,2603.01919v2.pdf,OcrReadback,396,1888.087649000001,27.543489
clean/batch-16,2603.01919v2.pdf,OcrRecognitionInference,193,9827.069920000005,421.263982
clean/batch-16,2603.01919v2.pdf,OcrRecognitionPreprocess,386,568.448996,7.482502
clean/batch-16,2603.01919v2.pdf,ParseTotal,1,23234.722748,23234.722748
clean/batch-16,2603.01919v2.pdf,PdfOpen,1,0.554621,0.554621
clean/batch-16,2603.01919v2.pdf,PdfRender,23,807.3320939999999,138.530612
clean/batch-16,2603.01919v2.pdf,PdfiumQueue,1,0.004035,0.004035
clean/batch-16,2603.01919v2.pdf,TableExternal,1,646.868618,646.868618
clean/batch-16,2603.01919v2.pdf,TableFill,1,0.277079,0.277079
clean/batch-16,2603.01919v2.pdf,TableRules,18,28.666501000000004,7.331869
clean/batch-16,2603.01919v2.pdf,TextExtract,23,433.74670799999996,51.043515
clean/batch-16,2603.01919v2.pdf,TextFinish,46,587.2799249999999,84.264724
clean/batch-16,2603.01919v2.pdf,TextPrepare,23,1.9040049999999997,0.15459499999999998
clean/batch-16,2603.01919v2.pdf,TsrInference,3,641.581341,461.776068
clean/batch-16,2603.01919v2.pdf,TsrPostprocess,3,0.322975,0.205451
clean/batch-16,2603.01919v2.pdf,TsrPreprocess,3,3.466982,1.472862
clean/batch-16,2603.01919v2.pdf,TsrQueue,3,0.5138,0.178406
clean/batch-16,2604.18583v1.pdf,DocumentContext,1,1.699285,1.699285
clean/batch-16,2604.18583v1.pdf,LayoutInference,15,1425.358801,203.349621
clean/batch-16,2604.18583v1.pdf,LayoutPostprocess,15,0.25181200000000004,0.028665
clean/batch-16,2604.18583v1.pdf,LayoutPreprocess,15,344.733192,27.154567
clean/batch-16,2604.18583v1.pdf,LayoutQueue,15,616.935603,170.541425
clean/batch-16,2604.18583v1.pdf,LayoutReadback,15,0.13045299999999999,0.017394999999999997
clean/batch-16,2604.18583v1.pdf,LinkValidate,1,8.274653,8.274653
clean/batch-16,2604.18583v1.pdf,Ocr,8,39914.276572999996,7771.162177
clean/batch-16,2604.18583v1.pdf,OcrDecode,100,0.26780899999999996,0.021148
clean/batch-16,2604.18583v1.pdf,OcrDetectionInference,8,1211.39617,187.139997
clean/batch-16,2604.18583v1.pdf,OcrDetectionPostprocess,8,113.46039599999999,18.484968000000002
clean/batch-16,2604.18583v1.pdf,OcrDetectionPreprocess,8,392.842303,56.895845
clean/batch-16,2604.18583v1.pdf,OcrOrientationInference,30,1248.018407,354.610094
clean/batch-16,2604.18583v1.pdf,OcrQueue,76,33288.615931000015,5865.3230220000005
clean/batch-16,2604.18583v1.pdf,OcrReadback,68,209.79466600000006,23.083817
clean/batch-16,2604.18583v1.pdf,OcrRecognitionInference,30,3361.5957150000004,795.581628
clean/batch-16,2604.18583v1.pdf,OcrRecognitionPreprocess,60,64.93773499999999,6.095866999999999
clean/batch-16,2604.18583v1.pdf,ParseTotal,1,14004.892527,14004.892527
clean/batch-16,2604.18583v1.pdf,PdfOpen,1,0.310447,0.310447
clean/batch-16,2604.18583v1.pdf,PdfRender,15,1706.3342429999998,656.016216
clean/batch-16,2604.18583v1.pdf,PdfiumQueue,1,0.004176,0.004176
clean/batch-16,2604.18583v1.pdf,TableRules,2,1.84882,1.247784
clean/batch-16,2604.18583v1.pdf,TextExtract,15,244.82389099999997,33.255978999999996
clean/batch-16,2604.18583v1.pdf,TextFinish,30,560.6366600000002,219.012593
clean/batch-16,2604.18583v1.pdf,TextPrepare,15,1.583516,0.330146
clean/batch-16,2604.21959v1.pdf,DocumentContext,1,0.206373,0.206373
clean/batch-16,2604.21959v1.pdf,LayoutInference,3,282.45935099999997,117.962165
clean/batch-16,2604.21959v1.pdf,LayoutPostprocess,3,0.033006,0.013429
clean/batch-16,2604.21959v1.pdf,LayoutPreprocess,3,64.58744200000001,23.69425
clean/batch-16,2604.21959v1.pdf,LayoutQueue,3,264.194615,163.120667
clean/batch-16,2604.21959v1.pdf,LayoutReadback,3,0.013212,0.004952
clean/batch-16,2604.21959v1.pdf,LinkValidate,1,0.837485,0.837485
clean/batch-16,2604.21959v1.pdf,Ocr,2,11539.963672,7124.546133
clean/batch-16,2604.21959v1.pdf,OcrDecode,87,0.225982,0.014176
clean/batch-16,2604.21959v1.pdf,OcrDetectionInference,2,353.210934,224.652655
clean/batch-16,2604.21959v1.pdf,OcrDetectionPostprocess,2,21.720809000000003,13.250104
clean/batch-16,2604.21959v1.pdf,OcrDetectionPreprocess,2,92.519096,47.368416
clean/batch-16,2604.21959v1.pdf,OcrOrientationInference,27,268.40881999999993,39.774951
clean/batch-16,2604.21959v1.pdf,OcrQueue,58,8902.344038000001,4327.265929
clean/batch-16,2604.21959v1.pdf,OcrReadback,56,292.463307,27.623017
clean/batch-16,2604.21959v1.pdf,OcrRecognitionInference,27,1508.0086949999998,261.19899000000004
clean/batch-16,2604.21959v1.pdf,OcrRecognitionPreprocess,54,82.19641400000003,4.701735
clean/batch-16,2604.21959v1.pdf,ParseTotal,1,7469.654298,7469.654298
clean/batch-16,2604.21959v1.pdf,PdfOpen,1,0.493286,0.493286
clean/batch-16,2604.21959v1.pdf,PdfRender,3,44.909591999999996,17.778605
clean/batch-16,2604.21959v1.pdf,PdfiumQueue,1,0.003856,0.003856
clean/batch-16,2604.21959v1.pdf,TextExtract,3,22.145972,11.298393
clean/batch-16,2604.21959v1.pdf,TextFinish,6,21.619823,11.180098
clean/batch-16,2604.21959v1.pdf,TextPrepare,3,0.136459,0.063904
clean/batch-16,2604.18584v1.pdf,DocumentContext,1,1.969234,1.969234
clean/batch-16,2604.18584v1.pdf,LayoutInference,32,3539.0724149999996,225.980592
clean/batch-16,2604.18584v1.pdf,LayoutPostprocess,32,0.4195339999999999,0.037833
clean/batch-16,2604.18584v1.pdf,LayoutPreprocess,32,681.9010759999999,27.610077
clean/batch-16,2604.18584v1.pdf,LayoutQueue,32,6103.393766999999,398.50911
clean/batch-16,2604.18584v1.pdf,LayoutReadback,32,0.27233399999999996,0.012915
clean/batch-16,2604.18584v1.pdf,LinkValidate,1,11.940151,11.940151
clean/batch-16,2604.18584v1.pdf,Ocr,13,86632.187586,21323.034405000002
clean/batch-16,2604.18584v1.pdf,OcrDecode,882,3.407816999999997,0.098999
clean/batch-16,2604.18584v1.pdf,OcrDetectionInference,13,2128.2306120000003,261.401722
clean/batch-16,2604.18584v1.pdf,OcrDetectionPostprocess,13,129.433822,17.950244
clean/batch-16,2604.18584v1.pdf,OcrDetectionPreprocess,13,642.052373,61.737075000000004
clean/batch-16,2604.18584v1.pdf,OcrOrientationInference,380,4814.834590999997,223.868743
clean/batch-16,2604.18584v1.pdf,OcrQueue,786,56332.868699000064,6431.800520000001
clean/batch-16,2604.18584v1.pdf,OcrReadback,773,2516.020731000002,40.563294
clean/batch-16,2604.18584v1.pdf,OcrRecognitionInference,380,19042.350994000022,477.606602
clean/batch-16,2604.18584v1.pdf,OcrRecognitionPreprocess,760,772.8084329999997,6.638418
clean/batch-16,2604.18584v1.pdf,ParseTotal,1,32906.83109,32906.83109
clean/batch-16,2604.18584v1.pdf,PdfOpen,1,0.414271,0.414271
clean/batch-16,2604.18584v1.pdf,PdfRender,32,627.6752140000002,97.149125
clean/batch-16,2604.18584v1.pdf,PdfiumQueue,1,0.004554,0.004554
clean/batch-16,2604.18584v1.pdf,TableExternal,2,1087.508545,738.559227
clean/batch-16,2604.18584v1.pdf,TableFill,2,0.16329000000000002,0.134387
clean/batch-16,2604.18584v1.pdf,TableRules,18,30.629988,6.109128999999999
clean/batch-16,2604.18584v1.pdf,TextExtract,32,335.66903,17.270164
clean/batch-16,2604.18584v1.pdf,TextFinish,64,483.154349,56.096119
clean/batch-16,2604.18584v1.pdf,TextPrepare,32,1.923327,0.16488
clean/batch-16,2604.18584v1.pdf,TsrInference,2,1082.2016919999999,734.1370929999999
clean/batch-16,2604.18584v1.pdf,TsrPostprocess,2,0.071589,0.060059999999999995
clean/batch-16,2604.18584v1.pdf,TsrPreprocess,2,4.555876,3.9600049999999998
clean/batch-16,2604.18584v1.pdf,TsrQueue,2,0.242684,0.139792
clean/batch-16,2606.17056v1.pdf,DocumentContext,1,5.304117,5.304117
clean/batch-16,2606.17056v1.pdf,LayoutInference,25,2825.9269350000004,198.07693500000002
clean/batch-16,2606.17056v1.pdf,LayoutPostprocess,25,0.262844,0.025269
clean/batch-16,2606.17056v1.pdf,LayoutPreprocess,25,517.875995,28.400354
clean/batch-16,2606.17056v1.pdf,LayoutQueue,25,2821.7639240000003,321.41912
clean/batch-16,2606.17056v1.pdf,LayoutReadback,25,0.16169700000000004,0.012999
clean/batch-16,2606.17056v1.pdf,LinkValidate,1,5.919169999999999,5.919169999999999
clean/batch-16,2606.17056v1.pdf,Ocr,15,92782.57234699998,10568.661875
clean/batch-16,2606.17056v1.pdf,OcrDecode,831,1.649585000000001,0.02485
clean/batch-16,2606.17056v1.pdf,OcrDetectionInference,15,2697.46643,284.434172
clean/batch-16,2606.17056v1.pdf,OcrDetectionPostprocess,15,161.368665,17.051956
clean/batch-16,2606.17056v1.pdf,OcrDetectionPreprocess,15,744.135223,55.255314999999996
clean/batch-16,2606.17056v1.pdf,OcrOrientationInference,163,3727.408541999999,377.78924600000005
clean/batch-16,2606.17056v1.pdf,OcrQueue,356,74483.21398599999,7819.936613000001
clean/batch-16,2606.17056v1.pdf,OcrReadback,341,1529.6534050000016,28.0708
clean/batch-16,2606.17056v1.pdf,OcrRecognitionInference,163,8863.797532999997,504.04399099999995
clean/batch-16,2606.17056v1.pdf,OcrRecognitionPreprocess,326,458.6075250000001,7.009734
clean/batch-16,2606.17056v1.pdf,ParseTotal,1,25553.855414,25553.855414
clean/batch-16,2606.17056v1.pdf,PdfOpen,1,0.617745,0.617745
clean/batch-16,2606.17056v1.pdf,PdfRender,25,403.891029,23.070061
clean/batch-16,2606.17056v1.pdf,PdfiumQueue,1,0.004053,0.004053
clean/batch-16,2606.17056v1.pdf,TableRules,4,4.535211,1.7132079999999998
clean/batch-16,2606.17056v1.pdf,TextExtract,25,270.311377,15.748465999999999
clean/batch-16,2606.17056v1.pdf,TextFinish,50,242.92412100000004,21.425972
clean/batch-16,2606.17056v1.pdf,TextPrepare,25,1.4062539999999997,0.100902
clean/batch-16,2609.04180v1.pdf,DocumentContext,1,1.63481,1.63481
clean/batch-16,2609.04180v1.pdf,LayoutInference,23,2606.701311,172.993043
clean/batch-16,2609.04180v1.pdf,LayoutPostprocess,23,0.277523,0.029873999999999998
clean/batch-16,2609.04180v1.pdf,LayoutPreprocess,23,532.045217,33.00493
clean/batch-16,2609.04180v1.pdf,LayoutQueue,23,4457.569828,389.670491
clean/batch-16,2609.04180v1.pdf,LayoutReadback,23,0.119004,0.009239
clean/batch-16,2609.04180v1.pdf,LinkValidate,1,10.541284,10.541284
clean/batch-16,2609.04180v1.pdf,Ocr,9,54350.223188,10497.383198
clean/batch-16,2609.04180v1.pdf,OcrDecode,755,2.024091999999999,0.11494599999999999
clean/batch-16,2609.04180v1.pdf,OcrDetectionInference,9,1588.8346860000001,239.856761
clean/batch-16,2609.04180v1.pdf,OcrDetectionPostprocess,9,117.12517700000001,23.668094
clean/batch-16,2609.04180v1.pdf,OcrDetectionPreprocess,9,443.1720609999999,55.807915
clean/batch-16,2609.04180v1.pdf,OcrOrientationInference,134,2861.5807330000002,238.725575
clean/batch-16,2609.04180v1.pdf,OcrQueue,286,39576.23268800003,8513.875757
clean/batch-16,2609.04180v1.pdf,OcrReadback,277,1520.5970969999998,47.716566
clean/batch-16,2609.04180v1.pdf,OcrRecognitionInference,134,7727.289390000001,502.632434
clean/batch-16,2609.04180v1.pdf,OcrRecognitionPreprocess,268,419.28903900000006,8.346977
clean/batch-16,2609.04180v1.pdf,ParseTotal,1,19204.011543,19204.011543
clean/batch-16,2609.04180v1.pdf,PdfOpen,1,0.45972,0.45972
clean/batch-16,2609.04180v1.pdf,PdfRender,23,489.25175399999995,47.383708
clean/batch-16,2609.04180v1.pdf,PdfiumQueue,1,0.004558,0.004558
clean/batch-16,2609.04180v1.pdf,TableRules,12,7.043898,1.348589
clean/batch-16,2609.04180v1.pdf,TextExtract,23,335.56190899999996,30.005196
clean/batch-16,2609.04180v1.pdf,TextFinish,46,397.8376370000001,31.261646999999996
clean/batch-16,2609.04180v1.pdf,TextPrepare,23,1.623427,0.12571
clean/batch-16,2609.04184v1.pdf,DocumentContext,1,0.826379,0.826379
clean/batch-16,2609.04184v1.pdf,LayoutInference,8,708.5697289999999,95.983971
clean/batch-16,2609.04184v1.pdf,LayoutPostprocess,8,0.129405,0.030943
clean/batch-16,2609.04184v1.pdf,LayoutPreprocess,8,170.398224,23.327916000000002
clean/batch-16,2609.04184v1.pdf,LayoutQueue,8,1328.014986,246.582975
clean/batch-16,2609.04184v1.pdf,LayoutReadback,8,0.042703,0.008492
clean/batch-16,2609.04184v1.pdf,LinkValidate,1,3.396343,3.396343
clean/batch-16,2609.04184v1.pdf,Ocr,5,39849.888153,10897.273915
clean/batch-16,2609.04184v1.pdf,OcrDecode,239,0.6659259999999999,0.10450699999999999
clean/batch-16,2609.04184v1.pdf,OcrDetectionInference,5,773.1936699999999,189.614546
clean/batch-16,2609.04184v1.pdf,OcrDetectionPostprocess,5,79.721984,18.524973
clean/batch-16,2609.04184v1.pdf,OcrDetectionPreprocess,5,241.436995,56.860279999999996
clean/batch-16,2609.04184v1.pdf,OcrOrientationInference,68,1023.6286610000001,144.70441300000002
clean/batch-16,2609.04184v1.pdf,OcrQueue,146,34291.996085,8092.530454000001
clean/batch-16,2609.04184v1.pdf,OcrReadback,141,424.47973299999995,28.203378
clean/batch-16,2609.04184v1.pdf,OcrRecognitionInference,68,2839.995487,163.716766
clean/batch-16,2609.04184v1.pdf,OcrRecognitionPreprocess,136,128.95673799999997,6.0608249999999995
clean/batch-16,2609.04184v1.pdf,ParseTotal,1,12084.248864,12084.248864
clean/batch-16,2609.04184v1.pdf,PdfOpen,1,0.79906,0.79906
clean/batch-16,2609.04184v1.pdf,PdfRender,8,192.502452,33.75696
clean/batch-16,2609.04184v1.pdf,PdfiumQueue,1,0.004666,0.004666
clean/batch-16,2609.04184v1.pdf,TableExternal,1,227.209963,227.209963
clean/batch-16,2609.04184v1.pdf,TableFill,1,0.923897,0.923897
clean/batch-16,2609.04184v1.pdf,TableRules,7,2.368207,0.5634490000000001
clean/batch-16,2609.04184v1.pdf,TextExtract,8,148.575081,26.554238
clean/batch-16,2609.04184v1.pdf,TextFinish,16,262.41262199999994,72.20586
clean/batch-16,2609.04184v1.pdf,TextPrepare,8,0.8053969999999999,0.173888
clean/batch-16,2609.04184v1.pdf,TsrInference,1,224.124459,224.124459
clean/batch-16,2609.04184v1.pdf,TsrPostprocess,1,0.053365,0.053365
clean/batch-16,2609.04184v1.pdf,TsrPreprocess,1,2.490291,2.490291
clean/batch-16,2609.04184v1.pdf,TsrQueue,1,0.21112099999999998,0.21112099999999998
clean/batch-16,2609.04203v1.pdf,DocumentContext,1,1.856549,1.856549
clean/batch-16,2609.04203v1.pdf,LayoutInference,20,2448.796769,263.43816300000003
clean/batch-16,2609.04203v1.pdf,LayoutPostprocess,20,0.28329699999999997,0.030858
clean/batch-16,2609.04203v1.pdf,LayoutPreprocess,20,416.63166799999993,22.419169999999998
clean/batch-16,2609.04203v1.pdf,LayoutQueue,20,3308.236221,429.892994
clean/batch-16,2609.04203v1.pdf,LayoutReadback,20,0.14223,0.012965
clean/batch-16,2609.04203v1.pdf,LinkValidate,1,15.859207999999999,15.859207999999999
clean/batch-16,2609.04203v1.pdf,Ocr,9,17338.293044000002,3373.158989
clean/batch-16,2609.04203v1.pdf,OcrDecode,287,0.5908169999999998,0.013954999999999999
clean/batch-16,2609.04203v1.pdf,OcrDetectionInference,9,1473.294752,209.676064
clean/batch-16,2609.04203v1.pdf,OcrDetectionPostprocess,9,148.938233,21.75385
clean/batch-16,2609.04203v1.pdf,OcrDetectionPreprocess,9,456.51677199999995,62.001013
clean/batch-16,2609.04203v1.pdf,OcrOrientationInference,56,1568.0334720000003,391.94901
clean/batch-16,2609.04203v1.pdf,OcrQueue,130,9426.226987,1595.320957
clean/batch-16,2609.04203v1.pdf,OcrReadback,121,488.7447450000002,25.828053
clean/batch-16,2609.04203v1.pdf,OcrRecognitionInference,56,3597.01866,425.988868
clean/batch-16,2609.04203v1.pdf,OcrRecognitionPreprocess,112,138.93336900000003,5.959493
clean/batch-16,2609.04203v1.pdf,ParseTotal,1,6300.115247,6300.115247
clean/batch-16,2609.04203v1.pdf,PdfOpen,1,0.603462,0.603462
clean/batch-16,2609.04203v1.pdf,PdfRender,20,786.0221159999999,225.59377899999998
clean/batch-16,2609.04203v1.pdf,PdfiumQueue,1,0.003682,0.003682
clean/batch-16,2609.04203v1.pdf,TableExternal,1,407.28076899999996,407.28076899999996
clean/batch-16,2609.04203v1.pdf,TableFill,1,7.5168680000000005,7.5168680000000005
clean/batch-16,2609.04203v1.pdf,TableRules,19,10.674661999999998,1.57235
clean/batch-16,2609.04203v1.pdf,TextExtract,20,499.02254399999987,125.065292
clean/batch-16,2609.04203v1.pdf,TextFinish,40,648.4586830000002,66.04107400000001
clean/batch-16,2609.04203v1.pdf,TextPrepare,20,2.0377569999999996,0.142096
clean/batch-16,2609.04203v1.pdf,TsrInference,1,404.58907999999997,404.58907999999997
clean/batch-16,2609.04203v1.pdf,TsrPostprocess,1,0.179892,0.179892
clean/batch-16,2609.04203v1.pdf,TsrPreprocess,1,1.9810510000000001,1.9810510000000001
clean/batch-16,2609.04203v1.pdf,TsrQueue,1,0.21223999999999998,0.21223999999999998
clean/batch-4,2403.01632v4.pdf,DocumentContext,1,2.758192,2.758192
clean/batch-4,2403.01632v4.pdf,LayoutInference,47,4999.791888000001,272.963625
clean/batch-4,2403.01632v4.pdf,LayoutPostprocess,47,0.7260940000000001,0.046059
clean/batch-4,2403.01632v4.pdf,LayoutPreprocess,47,1003.4239849999999,27.850131
clean/batch-4,2403.01632v4.pdf,LayoutQueue,47,8857.223021999998,449.579162
clean/batch-4,2403.01632v4.pdf,LayoutReadback,47,0.185747,0.006467
clean/batch-4,2403.01632v4.pdf,LinkValidate,1,13.107173,13.107173
clean/batch-4,2403.01632v4.pdf,Ocr,13,103932.35955100002,13671.466536
clean/batch-4,2403.01632v4.pdf,OcrDecode,417,2.0031770000000013,0.12809299999999998
clean/batch-4,2403.01632v4.pdf,OcrDetectionInference,13,2262.928382,245.199623
clean/batch-4,2403.01632v4.pdf,OcrDetectionPostprocess,13,143.876257,15.927724000000001
clean/batch-4,2403.01632v4.pdf,OcrDetectionPreprocess,13,651.8223229999999,68.500153
clean/batch-4,2403.01632v4.pdf,OcrOrientationInference,240,5295.457168999997,336.94030000000004
clean/batch-4,2403.01632v4.pdf,OcrQueue,506,79054.77453399992,10436.84856
clean/batch-4,2403.01632v4.pdf,OcrReadback,493,1160.4530210000005,11.605680999999999
clean/batch-4,2403.01632v4.pdf,OcrRecognitionInference,240,14812.794837000007,603.6151140000001
clean/batch-4,2403.01632v4.pdf,OcrRecognitionPreprocess,480,393.9461750000002,3.781047
clean/batch-4,2403.01632v4.pdf,ParseTotal,1,28858.530946,28858.530946
clean/batch-4,2403.01632v4.pdf,PdfOpen,1,0.612404,0.612404
clean/batch-4,2403.01632v4.pdf,PdfRender,47,845.161757,59.755734999999994
clean/batch-4,2403.01632v4.pdf,PdfiumQueue,1,0.000307,0.000307
clean/batch-4,2403.01632v4.pdf,TableRules,7,4.615568000000001,1.288537
clean/batch-4,2403.01632v4.pdf,TextExtract,47,551.707715,16.699379
clean/batch-4,2403.01632v4.pdf,TextFinish,94,700.3250340000001,29.082527
clean/batch-4,2403.01632v4.pdf,TextPrepare,47,3.422435,0.186967
clean/batch-4,2303.18223v16.pdf,DocumentContext,1,21.517433,21.517433
clean/batch-4,2303.18223v16.pdf,LayoutInference,144,13664.665251000004,282.644359
clean/batch-4,2303.18223v16.pdf,LayoutPostprocess,144,2.074906,0.062693
clean/batch-4,2303.18223v16.pdf,LayoutPreprocess,144,3206.2003190000014,45.031762
clean/batch-4,2303.18223v16.pdf,LayoutQueue,144,22842.905825000005,380.316734
clean/batch-4,2303.18223v16.pdf,LayoutReadback,144,0.6653190000000003,0.013315
clean/batch-4,2303.18223v16.pdf,LinkValidate,1,74.335291,74.335291
clean/batch-4,2303.18223v16.pdf,Ocr,16,170942.866594,17123.252075
clean/batch-4,2303.18223v16.pdf,OcrDecode,717,2.291386999999998,0.065703
clean/batch-4,2303.18223v16.pdf,OcrDetectionInference,16,2828.645933,236.07505600000002
clean/batch-4,2303.18223v16.pdf,OcrDetectionPostprocess,16,269.270099,20.659508
clean/batch-4,2303.18223v16.pdf,OcrDetectionPreprocess,16,777.44247,62.406513
clean/batch-4,2303.18223v16.pdf,OcrOrientationInference,304,8146.3929869999965,350.698678
clean/batch-4,2303.18223v16.pdf,OcrQueue,640,139686.8927579997,13977.47216
clean/batch-4,2303.18223v16.pdf,OcrReadback,624,1355.88474,12.671643
clean/batch-4,2303.18223v16.pdf,OcrRecognitionInference,304,17262.811277999997,542.7511099999999
clean/batch-4,2303.18223v16.pdf,OcrRecognitionPreprocess,608,409.6527060000004,2.344417
clean/batch-4,2303.18223v16.pdf,ParseTotal,1,50609.49456,50609.49456
clean/batch-4,2303.18223v16.pdf,PdfOpen,1,0.860435,0.860435
clean/batch-4,2303.18223v16.pdf,PdfRender,144,2581.3517629999997,105.097488
clean/batch-4,2303.18223v16.pdf,PdfiumQueue,1,0.003192,0.003192
clean/batch-4,2303.18223v16.pdf,TableExternal,1,1244.7533660000001,1244.7533660000001
clean/batch-4,2303.18223v16.pdf,TableFill,1,2.015809,2.015809
clean/batch-4,2303.18223v16.pdf,TableRules,24,39.31505800000001,5.29758
clean/batch-4,2303.18223v16.pdf,TextExtract,144,3002.261543,39.502149
clean/batch-4,2303.18223v16.pdf,TextFinish,288,6287.409345000004,154.23448100000002
clean/batch-4,2303.18223v16.pdf,TextPrepare,144,18.333474999999996,0.425878
clean/batch-4,2303.18223v16.pdf,TsrInference,5,1233.861756,961.360572
clean/batch-4,2303.18223v16.pdf,TsrPostprocess,5,0.29673099999999997,0.157619
clean/batch-4,2303.18223v16.pdf,TsrPreprocess,5,6.034533000000001,1.9869330000000003
clean/batch-4,2303.18223v16.pdf,TsrQueue,5,0.647504,0.200668
clean/batch-4,2410.05779v3.pdf,DocumentContext,1,1.120512,1.120512
clean/batch-4,2410.05779v3.pdf,LayoutInference,16,1249.791752,84.93381
clean/batch-4,2410.05779v3.pdf,LayoutPostprocess,16,0.185331,0.03341
clean/batch-4,2410.05779v3.pdf,LayoutPreprocess,16,343.468487,32.035294
clean/batch-4,2410.05779v3.pdf,LayoutQueue,16,2928.7097049999998,227.05354
clean/batch-4,2410.05779v3.pdf,LayoutReadback,16,0.102511,0.010683
clean/batch-4,2410.05779v3.pdf,LinkValidate,1,11.76565,11.76565
clean/batch-4,2410.05779v3.pdf,Ocr,5,64316.240359999996,17827.193087
clean/batch-4,2410.05779v3.pdf,OcrDecode,291,1.7986519999999995,0.095997
clean/batch-4,2410.05779v3.pdf,OcrDetectionInference,5,771.490417,196.731786
clean/batch-4,2410.05779v3.pdf,OcrDetectionPostprocess,5,51.688667,13.276404000000001
clean/batch-4,2410.05779v3.pdf,OcrDetectionPreprocess,5,255.322291,56.618754
clean/batch-4,2410.05779v3.pdf,OcrOrientationInference,199,2586.3844890000005,158.004964
clean/batch-4,2410.05779v3.pdf,OcrQueue,408,45357.579706,11746.452771
clean/batch-4,2410.05779v3.pdf,OcrReadback,403,1608.5682100000001,57.335311
clean/batch-4,2410.05779v3.pdf,OcrRecognitionInference,199,13074.770973000002,490.670593
clean/batch-4,2410.05779v3.pdf,OcrRecognitionPreprocess,398,483.5292599999998,11.039042
clean/batch-4,2410.05779v3.pdf,ParseTotal,1,25395.048262,25395.048262
clean/batch-4,2410.05779v3.pdf,PdfOpen,1,0.254054,0.254054
clean/batch-4,2410.05779v3.pdf,PdfRender,16,295.03026100000005,34.715849
clean/batch-4,2410.05779v3.pdf,PdfiumQueue,1,0.004389,0.004389
clean/batch-4,2410.05779v3.pdf,TableRules,6,11.750779,3.569868
clean/batch-4,2410.05779v3.pdf,TextExtract,16,185.65424600000003,20.500371
clean/batch-4,2410.05779v3.pdf,TextFinish,32,185.09538400000005,28.431488
clean/batch-4,2410.05779v3.pdf,TextPrepare,16,0.9195179999999998,0.108668
clean/batch-4,2412.05210v1.pdf,DocumentContext,1,32.373811,32.373811
clean/batch-4,2412.05210v1.pdf,LayoutInference,12,1249.755433,151.519411
clean/batch-4,2412.05210v1.pdf,LayoutPostprocess,12,0.13882099999999997,0.02308
clean/batch-4,2412.05210v1.pdf,LayoutPreprocess,12,289.834634,32.752017
clean/batch-4,2412.05210v1.pdf,LayoutQueue,12,1834.790488,317.497366
clean/batch-4,2412.05210v1.pdf,LayoutReadback,12,0.126828,0.022167
clean/batch-4,2412.05210v1.pdf,LinkValidate,1,16.67813,16.67813
clean/batch-4,2412.05210v1.pdf,Ocr,6,52533.023333000005,16765.41928
clean/batch-4,2412.05210v1.pdf,OcrDecode,439,1.9354140000000006,0.227659
clean/batch-4,2412.05210v1.pdf,OcrDetectionInference,6,1647.805428,816.256122
clean/batch-4,2412.05210v1.pdf,OcrDetectionPostprocess,6,93.603486,18.362952
clean/batch-4,2412.05210v1.pdf,OcrDetectionPreprocess,6,316.480825,63.777254000000006
clean/batch-4,2412.05210v1.pdf,OcrOrientationInference,218,4724.140694000002,254.63397500000002
clean/batch-4,2412.05210v1.pdf,OcrQueue,448,33814.68198199997,8054.492178
clean/batch-4,2412.05210v1.pdf,OcrReadback,442,1061.3807559999996,16.773735000000002
clean/batch-4,2412.05210v1.pdf,OcrRecognitionInference,218,10380.363999000001,543.8447269999999
clean/batch-4,2412.05210v1.pdf,OcrRecognitionPreprocess,436,353.61368000000016,4.680465
clean/batch-4,2412.05210v1.pdf,ParseTotal,1,22252.963673,22252.963673
clean/batch-4,2412.05210v1.pdf,PdfOpen,1,0.282958,0.282958
clean/batch-4,2412.05210v1.pdf,PdfRender,12,372.03517,81.26103699999999
clean/batch-4,2412.05210v1.pdf,PdfiumQueue,1,0.003989,0.003989
clean/batch-4,2412.05210v1.pdf,TableRules,4,20.135315,10.29298
clean/batch-4,2412.05210v1.pdf,TextExtract,12,240.52869299999998,31.743973
clean/batch-4,2412.05210v1.pdf,TextFinish,24,548.4320749999999,264.36531
clean/batch-4,2412.05210v1.pdf,TextPrepare,12,1.4672859999999996,0.25061
clean/batch-4,2603.01919v2.pdf,DocumentContext,1,2.1627709999999998,2.1627709999999998
clean/batch-4,2603.01919v2.pdf,LayoutInference,23,2248.920248,234.190903
clean/batch-4,2603.01919v2.pdf,LayoutPostprocess,23,0.38411300000000004,0.041488
clean/batch-4,2603.01919v2.pdf,LayoutPreprocess,23,492.8288269999999,25.256661
clean/batch-4,2603.01919v2.pdf,LayoutQueue,23,3913.4286030000003,301.434059
clean/batch-4,2603.01919v2.pdf,LayoutReadback,23,0.16752599999999998,0.015105
clean/batch-4,2603.01919v2.pdf,LinkValidate,1,18.700762,18.700762
clean/batch-4,2603.01919v2.pdf,Ocr,10,104509.45800299999,17129.741058
clean/batch-4,2603.01919v2.pdf,OcrDecode,1101,3.022496999999995,0.132323
clean/batch-4,2603.01919v2.pdf,OcrDetectionInference,10,1503.935457,204.07442
clean/batch-4,2603.01919v2.pdf,OcrDetectionPostprocess,10,126.66002300000002,17.432861000000003
clean/batch-4,2603.01919v2.pdf,OcrDetectionPreprocess,10,503.706542,68.15163100000001
clean/batch-4,2603.01919v2.pdf,OcrOrientationInference,370,8116.374863000005,302.67941399999995
clean/batch-4,2603.01919v2.pdf,OcrQueue,760,74372.23750800012,10676.182363
clean/batch-4,2603.01919v2.pdf,OcrReadback,750,1905.9935150000015,15.392882
clean/batch-4,2603.01919v2.pdf,OcrRecognitionInference,370,17156.266532,475.067473
clean/batch-4,2603.01919v2.pdf,OcrRecognitionPreprocess,740,575.3728269999992,4.483474999999999
clean/batch-4,2603.01919v2.pdf,ParseTotal,1,32112.515906,32112.515906
clean/batch-4,2603.01919v2.pdf,PdfOpen,1,0.355734,0.355734
clean/batch-4,2603.01919v2.pdf,PdfRender,23,771.4976810000001,134.42944
clean/batch-4,2603.01919v2.pdf,PdfiumQueue,1,0.004482,0.004482
clean/batch-4,2603.01919v2.pdf,TableExternal,1,740.934749,740.934749
clean/batch-4,2603.01919v2.pdf,TableFill,1,0.28686500000000004,0.28686500000000004
clean/batch-4,2603.01919v2.pdf,TableRules,18,26.434991999999998,5.70156
clean/batch-4,2603.01919v2.pdf,TextExtract,23,438.956959,51.775665
clean/batch-4,2603.01919v2.pdf,TextFinish,46,576.4887419999999,87.027333
clean/batch-4,2603.01919v2.pdf,TextPrepare,23,2.0488720000000002,0.171019
clean/batch-4,2603.01919v2.pdf,TsrInference,3,735.893574,556.867724
clean/batch-4,2603.01919v2.pdf,TsrPostprocess,3,0.369413,0.183588
clean/batch-4,2603.01919v2.pdf,TsrPreprocess,3,2.862819,1.5086870000000001
clean/batch-4,2603.01919v2.pdf,TsrQueue,3,0.505036,0.246764
clean/batch-4,2604.18583v1.pdf,DocumentContext,1,2.774208,2.774208
clean/batch-4,2604.18583v1.pdf,LayoutInference,15,1326.045395,198.32389799999999
clean/batch-4,2604.18583v1.pdf,LayoutPostprocess,15,0.263848,0.028064000000000002
clean/batch-4,2604.18583v1.pdf,LayoutPreprocess,15,329.329055,27.298496
clean/batch-4,2604.18583v1.pdf,LayoutQueue,15,509.33845299999996,161.1079
clean/batch-4,2604.18583v1.pdf,LayoutReadback,15,0.07131200000000001,0.011369
clean/batch-4,2604.18583v1.pdf,LinkValidate,1,6.699957,6.699957
clean/batch-4,2604.18583v1.pdf,Ocr,8,57845.231160999996,12102.339298
clean/batch-4,2604.18583v1.pdf,OcrDecode,100,0.29307099999999986,0.014523
clean/batch-4,2604.18583v1.pdf,OcrDetectionInference,8,1252.6520919999998,204.073066
clean/batch-4,2604.18583v1.pdf,OcrDetectionPostprocess,8,109.24643,18.68166
clean/batch-4,2604.18583v1.pdf,OcrDetectionPreprocess,8,403.174685,71.498781
clean/batch-4,2604.18583v1.pdf,OcrOrientationInference,44,1535.922379,354.614294
clean/batch-4,2604.18583v1.pdf,OcrQueue,104,50897.26310799998,11717.592510999999
clean/batch-4,2604.18583v1.pdf,OcrReadback,96,203.41738600000002,13.173521000000001
clean/batch-4,2604.18583v1.pdf,OcrRecognitionInference,44,3340.3031009999995,747.863466
clean/batch-4,2604.18583v1.pdf,OcrRecognitionPreprocess,88,69.619928,2.517915
clean/batch-4,2604.18583v1.pdf,ParseTotal,1,15762.377171,15762.377171
clean/batch-4,2604.18583v1.pdf,PdfOpen,1,0.33756600000000003,0.33756600000000003
clean/batch-4,2604.18583v1.pdf,PdfRender,15,1803.9868949999998,648.250606
clean/batch-4,2604.18583v1.pdf,PdfiumQueue,1,0.003982,0.003982
clean/batch-4,2604.18583v1.pdf,TableRules,2,1.8944670000000001,1.2474750000000001
clean/batch-4,2604.18583v1.pdf,TextExtract,15,250.47138899999996,36.607081
clean/batch-4,2604.18583v1.pdf,TextFinish,30,560.284351,197.72325800000002
clean/batch-4,2604.18583v1.pdf,TextPrepare,15,1.899963,0.372093
clean/batch-4,2604.21959v1.pdf,DocumentContext,1,0.161538,0.161538
clean/batch-4,2604.21959v1.pdf,LayoutInference,3,394.08842300000003,233.579508
clean/batch-4,2604.21959v1.pdf,LayoutPostprocess,3,0.040752000000000003,0.019113
clean/batch-4,2604.21959v1.pdf,LayoutPreprocess,3,59.589772,20.872891000000003
clean/batch-4,2604.21959v1.pdf,LayoutQueue,3,506.112331,285.06424699999997
clean/batch-4,2604.21959v1.pdf,LayoutReadback,3,0.031348,0.023471
clean/batch-4,2604.21959v1.pdf,LinkValidate,1,0.60311,0.60311
clean/batch-4,2604.21959v1.pdf,Ocr,2,13006.032228,7750.575193
clean/batch-4,2604.21959v1.pdf,OcrDecode,87,0.526977,0.176375
clean/batch-4,2604.21959v1.pdf,OcrDetectionInference,2,594.615113,396.257569
clean/batch-4,2604.21959v1.pdf,OcrDetectionPostprocess,2,26.418014000000003,18.488981000000003
clean/batch-4,2604.21959v1.pdf,OcrDetectionPreprocess,2,98.743199,51.635265
clean/batch-4,2604.21959v1.pdf,OcrOrientationInference,38,610.829847,55.163375
clean/batch-4,2604.21959v1.pdf,OcrQueue,80,9338.692084000004,4572.531748
clean/batch-4,2604.21959v1.pdf,OcrReadback,78,292.1186149999999,25.957474
clean/batch-4,2604.21959v1.pdf,OcrRecognitionInference,38,1934.2156919999998,327.824531
clean/batch-4,2604.21959v1.pdf,OcrRecognitionPreprocess,76,83.84157100000003,4.994022
clean/batch-4,2604.21959v1.pdf,ParseTotal,1,8209.870472,8209.870472
clean/batch-4,2604.21959v1.pdf,PdfOpen,1,0.273711,0.273711
clean/batch-4,2604.21959v1.pdf,PdfRender,3,46.008752,16.743785
clean/batch-4,2604.21959v1.pdf,PdfiumQueue,1,0.003078,0.003078
clean/batch-4,2604.21959v1.pdf,TextExtract,3,21.977857,11.672089
clean/batch-4,2604.21959v1.pdf,TextFinish,6,24.113189000000002,12.849251
clean/batch-4,2604.21959v1.pdf,TextPrepare,3,0.183662,0.108973
clean/batch-4,2604.18584v1.pdf,DocumentContext,1,3.0048079999999997,3.0048079999999997
clean/batch-4,2604.18584v1.pdf,LayoutInference,32,3513.5813479999993,204.21764000000002
clean/batch-4,2604.18584v1.pdf,LayoutPostprocess,32,0.41543899999999995,0.031318
clean/batch-4,2604.18584v1.pdf,LayoutPreprocess,32,672.880277,25.413065
clean/batch-4,2604.18584v1.pdf,LayoutQueue,32,4608.013754999999,364.071123
clean/batch-4,2604.18584v1.pdf,LayoutReadback,32,0.27946899999999997,0.027492
clean/batch-4,2604.18584v1.pdf,LinkValidate,1,11.496602,11.496602
clean/batch-4,2604.18584v1.pdf,Ocr,13,117272.092015,24368.075632
clean/batch-4,2604.18584v1.pdf,OcrDecode,882,4.116020999999996,0.135122
clean/batch-4,2604.18584v1.pdf,OcrDetectionInference,13,2263.388946,208.86186700000002
clean/batch-4,2604.18584v1.pdf,OcrDetectionPostprocess,13,142.279304,16.597171
clean/batch-4,2604.18584v1.pdf,OcrDetectionPreprocess,13,679.3598810000001,76.510194
clean/batch-4,2604.18584v1.pdf,OcrOrientationInference,468,8035.552597000004,359.85465100000005
clean/batch-4,2604.18584v1.pdf,OcrQueue,962,80282.3651979999,13846.288716000001
clean/batch-4,2604.18584v1.pdf,OcrReadback,949,2481.45144,33.346928999999996
clean/batch-4,2604.18584v1.pdf,OcrRecognitionInference,468,22258.15374399999,563.3957630000001
clean/batch-4,2604.18584v1.pdf,OcrRecognitionPreprocess,936,820.8878070000004,8.373147
clean/batch-4,2604.18584v1.pdf,ParseTotal,1,39184.925521,39184.925521
clean/batch-4,2604.18584v1.pdf,PdfOpen,1,0.386883,0.386883
clean/batch-4,2604.18584v1.pdf,PdfRender,32,671.080632,104.705435
clean/batch-4,2604.18584v1.pdf,PdfiumQueue,1,0.003927,0.003927
clean/batch-4,2604.18584v1.pdf,TableExternal,2,831.6902930000001,471.255552
clean/batch-4,2604.18584v1.pdf,TableFill,2,0.157424,0.127991
clean/batch-4,2604.18584v1.pdf,TableRules,18,36.345078,6.148032000000001
clean/batch-4,2604.18584v1.pdf,TextExtract,32,313.79771,17.384704
clean/batch-4,2604.18584v1.pdf,TextFinish,64,494.05683300000015,51.195088999999996
clean/batch-4,2604.18584v1.pdf,TextPrepare,32,2.5214589999999997,0.33188
clean/batch-4,2604.18584v1.pdf,TsrInference,2,826.933134,467.632073
clean/batch-4,2604.18584v1.pdf,TsrPostprocess,2,0.07821499999999999,0.06638
clean/batch-4,2604.18584v1.pdf,TsrPreprocess,2,3.68647,3.119421
clean/batch-4,2604.18584v1.pdf,TsrQueue,2,0.319023,0.22669899999999998
clean/batch-4,2606.17056v1.pdf,DocumentContext,1,5.539883,5.539883
clean/batch-4,2606.17056v1.pdf,LayoutInference,25,3231.043025,240.705171
clean/batch-4,2606.17056v1.pdf,LayoutPostprocess,25,0.285019,0.029113
clean/batch-4,2606.17056v1.pdf,LayoutPreprocess,25,544.4805289999999,31.523371
clean/batch-4,2606.17056v1.pdf,LayoutQueue,25,2833.2886209999997,327.349416
clean/batch-4,2606.17056v1.pdf,LayoutReadback,25,0.271204,0.022164
clean/batch-4,2606.17056v1.pdf,LinkValidate,1,7.386166,7.386166
clean/batch-4,2606.17056v1.pdf,Ocr,15,138590.876514,17355.892584
clean/batch-4,2606.17056v1.pdf,OcrDecode,831,2.3961009999999976,0.118338
clean/batch-4,2606.17056v1.pdf,OcrDetectionInference,15,2880.9862259999995,314.070966
clean/batch-4,2606.17056v1.pdf,OcrDetectionPostprocess,15,167.465001,14.529576
clean/batch-4,2606.17056v1.pdf,OcrDetectionPreprocess,15,711.684663,59.72433
clean/batch-4,2606.17056v1.pdf,OcrOrientationInference,295,6099.949711999997,233.003958
clean/batch-4,2606.17056v1.pdf,OcrQueue,620,114010.37087300021,15282.576389999998
clean/batch-4,2606.17056v1.pdf,OcrReadback,605,1509.7947749999996,21.792232000000002
clean/batch-4,2606.17056v1.pdf,OcrRecognitionInference,295,12555.380491999986,564.969926
clean/batch-4,2606.17056v1.pdf,OcrRecognitionPreprocess,590,461.7928840000004,5.3862689999999995
clean/batch-4,2606.17056v1.pdf,ParseTotal,1,37717.856531000005,37717.856531000005
clean/batch-4,2606.17056v1.pdf,PdfOpen,1,0.42922499999999997,0.42922499999999997
clean/batch-4,2606.17056v1.pdf,PdfRender,25,406.275325,23.168507
clean/batch-4,2606.17056v1.pdf,PdfiumQueue,1,0.00386,0.00386
clean/batch-4,2606.17056v1.pdf,TableRules,4,4.2921629999999995,1.378171
clean/batch-4,2606.17056v1.pdf,TextExtract,25,277.136958,18.437199
clean/batch-4,2606.17056v1.pdf,TextFinish,50,239.28593099999995,21.1063
clean/batch-4,2606.17056v1.pdf,TextPrepare,25,1.452708,0.093906
clean/batch-4,2609.04180v1.pdf,DocumentContext,1,2.3238920000000003,2.3238920000000003
clean/batch-4,2609.04180v1.pdf,LayoutInference,23,3175.47026,313.91923199999997
clean/batch-4,2609.04180v1.pdf,LayoutPostprocess,23,0.32195999999999997,0.047114
clean/batch-4,2609.04180v1.pdf,LayoutPreprocess,23,514.838649,32.576713
clean/batch-4,2609.04180v1.pdf,LayoutQueue,23,4141.666363,340.929782
clean/batch-4,2609.04180v1.pdf,LayoutReadback,23,0.22940100000000002,0.015908000000000002
clean/batch-4,2609.04180v1.pdf,LinkValidate,1,8.663898999999999,8.663898999999999
clean/batch-4,2609.04180v1.pdf,Ocr,9,64459.724454,12561.551525
clean/batch-4,2609.04180v1.pdf,OcrDecode,755,2.175023000000001,0.095875
clean/batch-4,2609.04180v1.pdf,OcrDetectionInference,9,1878.766376,287.637123
clean/batch-4,2609.04180v1.pdf,OcrDetectionPostprocess,9,113.501565,17.370843999999998
clean/batch-4,2609.04180v1.pdf,OcrDetectionPreprocess,9,450.478164,71.25432099999999
clean/batch-4,2609.04180v1.pdf,OcrOrientationInference,254,4862.883142999997,462.132464
clean/batch-4,2609.04180v1.pdf,OcrQueue,526,45519.83157800005,7217.093172
clean/batch-4,2609.04180v1.pdf,OcrReadback,517,1485.6685710000013,43.018415
clean/batch-4,2609.04180v1.pdf,OcrRecognitionInference,254,9567.319182999994,472.72763000000003
clean/batch-4,2609.04180v1.pdf,OcrRecognitionPreprocess,508,416.58288100000016,7.761401
clean/batch-4,2609.04180v1.pdf,ParseTotal,1,19966.523766000002,19966.523766000002
clean/batch-4,2609.04180v1.pdf,PdfOpen,1,0.653216,0.653216
clean/batch-4,2609.04180v1.pdf,PdfRender,23,502.29182799999995,50.482079
clean/batch-4,2609.04180v1.pdf,PdfiumQueue,1,0.002984,0.002984
clean/batch-4,2609.04180v1.pdf,TableRules,12,7.016312,1.406824
clean/batch-4,2609.04180v1.pdf,TextExtract,23,329.95430300000004,28.69309
clean/batch-4,2609.04180v1.pdf,TextFinish,46,412.63438500000007,34.265946
clean/batch-4,2609.04180v1.pdf,TextPrepare,23,2.2788470000000003,0.30247
clean/batch-4,2609.04184v1.pdf,DocumentContext,1,0.914226,0.914226
clean/batch-4,2609.04184v1.pdf,LayoutInference,8,833.2020050000001,191.354305
clean/batch-4,2609.04184v1.pdf,LayoutPostprocess,8,0.137869,0.027529
clean/batch-4,2609.04184v1.pdf,LayoutPreprocess,8,161.45616099999998,22.122459
clean/batch-4,2609.04184v1.pdf,LayoutQueue,8,2150.2774320000003,398.455009
clean/batch-4,2609.04184v1.pdf,LayoutReadback,8,0.068227,0.013222
clean/batch-4,2609.04184v1.pdf,LinkValidate,1,3.8824039999999997,3.8824039999999997
clean/batch-4,2609.04184v1.pdf,Ocr,5,56334.69754,14528.806580999999
clean/batch-4,2609.04184v1.pdf,OcrDecode,239,0.8625920000000004,0.136889
clean/batch-4,2609.04184v1.pdf,OcrDetectionInference,5,851.6141999999999,249.228062
clean/batch-4,2609.04184v1.pdf,OcrDetectionPostprocess,5,83.594537,20.438945
clean/batch-4,2609.04184v1.pdf,OcrDetectionPreprocess,5,248.942453,57.627313
clean/batch-4,2609.04184v1.pdf,OcrOrientationInference,102,1695.501196,255.836538
clean/batch-4,2609.04184v1.pdf,OcrQueue,214,48297.31076899999,13283.459685
clean/batch-4,2609.04184v1.pdf,OcrReadback,209,437.4796470000003,8.800256
clean/batch-4,2609.04184v1.pdf,OcrRecognitionInference,102,4506.2733100000005,308.655958
clean/batch-4,2609.04184v1.pdf,OcrRecognitionPreprocess,204,148.9748000000001,1.718935
clean/batch-4,2609.04184v1.pdf,ParseTotal,1,15814.549808,15814.549808
clean/batch-4,2609.04184v1.pdf,PdfOpen,1,0.9418780000000001,0.9418780000000001
clean/batch-4,2609.04184v1.pdf,PdfRender,8,189.024471,33.970479999999995
clean/batch-4,2609.04184v1.pdf,PdfiumQueue,1,0.00307,0.00307
clean/batch-4,2609.04184v1.pdf,TableExternal,1,247.078065,247.078065
clean/batch-4,2609.04184v1.pdf,TableFill,1,0.872018,0.872018
clean/batch-4,2609.04184v1.pdf,TableRules,7,3.1706649999999996,0.767022
clean/batch-4,2609.04184v1.pdf,TextExtract,8,162.805269,27.329381
clean/batch-4,2609.04184v1.pdf,TextFinish,16,279.86862099999996,80.23429399999999
clean/batch-4,2609.04184v1.pdf,TextPrepare,8,0.837314,0.15861
clean/batch-4,2609.04184v1.pdf,TsrInference,1,244.558985,244.558985
clean/batch-4,2609.04184v1.pdf,TsrPostprocess,1,0.049527,0.049527
clean/batch-4,2609.04184v1.pdf,TsrPreprocess,1,1.8831010000000001,1.8831010000000001
clean/batch-4,2609.04184v1.pdf,TsrQueue,1,0.18063300000000002,0.18063300000000002
clean/batch-4,2609.04203v1.pdf,DocumentContext,1,1.786452,1.786452
clean/batch-4,2609.04203v1.pdf,LayoutInference,20,2248.901842,250.694825
clean/batch-4,2609.04203v1.pdf,LayoutPostprocess,20,0.273396,0.022717
clean/batch-4,2609.04203v1.pdf,LayoutPreprocess,20,424.51097,29.532767
clean/batch-4,2609.04203v1.pdf,LayoutQueue,20,2735.7303440000005,383.861549
clean/batch-4,2609.04203v1.pdf,LayoutReadback,20,0.185886,0.015092000000000001
clean/batch-4,2609.04203v1.pdf,LinkValidate,1,9.673031,9.673031
clean/batch-4,2609.04203v1.pdf,Ocr,9,30705.329916000002,6811.446605
clean/batch-4,2609.04203v1.pdf,OcrDecode,287,0.7422010000000001,0.014205
clean/batch-4,2609.04203v1.pdf,OcrDetectionInference,9,1360.054849,180.575417
clean/batch-4,2609.04203v1.pdf,OcrDetectionPostprocess,9,142.108832,17.488407000000002
clean/batch-4,2609.04203v1.pdf,OcrDetectionPreprocess,9,442.716305,56.386789
clean/batch-4,2609.04203v1.pdf,OcrOrientationInference,102,1669.7562489999998,320.400008
clean/batch-4,2609.04203v1.pdf,OcrQueue,222,23155.111630000014,5126.9192029999995
clean/batch-4,2609.04203v1.pdf,OcrReadback,213,481.0582360000001,8.450022
clean/batch-4,2609.04203v1.pdf,OcrRecognitionInference,102,3237.411122,371.076378
clean/batch-4,2609.04203v1.pdf,OcrRecognitionPreprocess,204,152.65592500000002,2.123836
clean/batch-4,2609.04203v1.pdf,ParseTotal,1,9648.73035,9648.73035
clean/batch-4,2609.04203v1.pdf,PdfOpen,1,0.824704,0.824704
clean/batch-4,2609.04203v1.pdf,PdfRender,20,780.2137469999998,232.251268
clean/batch-4,2609.04203v1.pdf,PdfiumQueue,1,0.00408,0.00408
clean/batch-4,2609.04203v1.pdf,TableExternal,1,513.475632,513.475632
clean/batch-4,2609.04203v1.pdf,TableFill,1,5.233443,5.233443
clean/batch-4,2609.04203v1.pdf,TableRules,19,9.589519000000001,1.160639
clean/batch-4,2609.04203v1.pdf,TextExtract,20,515.3216390000001,120.268191
clean/batch-4,2609.04203v1.pdf,TextFinish,40,634.4852080000001,65.656587
clean/batch-4,2609.04203v1.pdf,TextPrepare,20,2.3843799999999997,0.20495100000000002
clean/batch-4,2609.04203v1.pdf,TsrInference,1,509.65531200000004,509.65531200000004
clean/batch-4,2609.04203v1.pdf,TsrPostprocess,1,0.22012600000000002,0.22012600000000002
clean/batch-4,2609.04203v1.pdf,TsrPreprocess,1,3.163583,3.163583
clean/batch-4,2609.04203v1.pdf,TsrQueue,1,0.186296,0.186296
clean/batch-8,2403.01632v4.pdf,DocumentContext,1,2.873677,2.873677
clean/batch-8,2403.01632v4.pdf,LayoutInference,47,4796.476323000001,243.076493
clean/batch-8,2403.01632v4.pdf,LayoutPostprocess,47,0.6504609999999998,0.043822
clean/batch-8,2403.01632v4.pdf,LayoutPreprocess,47,993.2296090000001,27.240565
clean/batch-8,2403.01632v4.pdf,LayoutQueue,47,10006.427061999997,562.2491349999999
clean/batch-8,2403.01632v4.pdf,LayoutReadback,47,0.221808,0.010779
clean/batch-8,2403.01632v4.pdf,LinkValidate,1,13.842658,13.842658
clean/batch-8,2403.01632v4.pdf,Ocr,13,91256.56938999999,12409.634892
clean/batch-8,2403.01632v4.pdf,OcrDecode,417,1.5646479999999992,0.080786
clean/batch-8,2403.01632v4.pdf,OcrDetectionInference,13,2383.478299,250.501345
clean/batch-8,2403.01632v4.pdf,OcrDetectionPostprocess,13,154.286425,19.679947
clean/batch-8,2403.01632v4.pdf,OcrDetectionPreprocess,13,662.878917,59.886869000000004
clean/batch-8,2403.01632v4.pdf,OcrOrientationInference,211,5006.211759999999,363.65914100000003
clean/batch-8,2403.01632v4.pdf,OcrQueue,448,67746.40252599999,9296.595213
clean/batch-8,2403.01632v4.pdf,OcrReadback,435,1174.9501169999999,14.219819999999999
clean/batch-8,2403.01632v4.pdf,OcrRecognitionInference,211,13567.364425000003,554.7840640000001
clean/batch-8,2403.01632v4.pdf,OcrRecognitionPreprocess,422,416.9105099999998,4.456576999999999
clean/batch-8,2403.01632v4.pdf,ParseTotal,1,26854.487032,26854.487032
clean/batch-8,2403.01632v4.pdf,PdfOpen,1,0.40331,0.40331
clean/batch-8,2403.01632v4.pdf,PdfRender,47,826.8636259999998,57.86057
clean/batch-8,2403.01632v4.pdf,PdfiumQueue,1,0.000471,0.000471
clean/batch-8,2403.01632v4.pdf,TableRules,7,4.722444,1.28633
clean/batch-8,2403.01632v4.pdf,TextExtract,47,558.0739369999998,16.306023
clean/batch-8,2403.01632v4.pdf,TextFinish,94,704.1158990000004,30.279529
clean/batch-8,2403.01632v4.pdf,TextPrepare,47,3.3259520000000014,0.283622
clean/batch-8,2303.18223v16.pdf,DocumentContext,1,14.628236,14.628236
clean/batch-8,2303.18223v16.pdf,LayoutInference,144,13740.990795000005,303.139673
clean/batch-8,2303.18223v16.pdf,LayoutPostprocess,144,2.0931869999999995,0.041216
clean/batch-8,2303.18223v16.pdf,LayoutPreprocess,144,3164.369329,31.888316
clean/batch-8,2303.18223v16.pdf,LayoutQueue,144,26399.651865999982,591.184172
clean/batch-8,2303.18223v16.pdf,LayoutReadback,144,0.6759790000000001,0.016067
clean/batch-8,2303.18223v16.pdf,LinkValidate,1,76.970962,76.970962
clean/batch-8,2303.18223v16.pdf,Ocr,16,141686.194698,15611.920869
clean/batch-8,2303.18223v16.pdf,OcrDecode,717,2.044701,0.126526
clean/batch-8,2303.18223v16.pdf,OcrDetectionInference,16,2747.4707829999998,245.426605
clean/batch-8,2303.18223v16.pdf,OcrDetectionPostprocess,16,302.25556,27.267385
clean/batch-8,2303.18223v16.pdf,OcrDetectionPreprocess,16,800.0702450000001,63.280210000000004
clean/batch-8,2303.18223v16.pdf,OcrOrientationInference,236,6706.082514,514.1056619999999
clean/batch-8,2303.18223v16.pdf,OcrQueue,504,113578.439235,12891.05226
clean/batch-8,2303.18223v16.pdf,OcrReadback,488,1329.1556429999994,13.382551
clean/batch-8,2303.18223v16.pdf,OcrRecognitionInference,236,15644.80578,692.652525
clean/batch-8,2303.18223v16.pdf,OcrRecognitionPreprocess,472,419.2481779999999,4.372689
clean/batch-8,2303.18223v16.pdf,ParseTotal,1,47122.621188,47122.621188
clean/batch-8,2303.18223v16.pdf,PdfOpen,1,0.735429,0.735429
clean/batch-8,2303.18223v16.pdf,PdfRender,144,2522.5783610000003,108.904822
clean/batch-8,2303.18223v16.pdf,PdfiumQueue,1,0.011427,0.011427
clean/batch-8,2303.18223v16.pdf,TableExternal,1,1042.115693,1042.115693
clean/batch-8,2303.18223v16.pdf,TableFill,1,1.847853,1.847853
clean/batch-8,2303.18223v16.pdf,TableRules,24,40.396823999999995,4.914455
clean/batch-8,2303.18223v16.pdf,TextExtract,144,2954.5919619999995,30.092865
clean/batch-8,2303.18223v16.pdf,TextFinish,288,6309.289034999999,142.59804300000002
clean/batch-8,2303.18223v16.pdf,TextPrepare,144,17.193444,0.36647799999999997
clean/batch-8,2303.18223v16.pdf,TsrInference,5,1030.4897640000002,791.027001
clean/batch-8,2303.18223v16.pdf,TsrPostprocess,5,0.21127300000000002,0.121895
clean/batch-8,2303.18223v16.pdf,TsrPreprocess,5,6.962474,3.087695
clean/batch-8,2303.18223v16.pdf,TsrQueue,5,0.946125,0.211084
clean/batch-8,2410.05779v3.pdf,DocumentContext,1,0.634087,0.634087
clean/batch-8,2410.05779v3.pdf,LayoutInference,16,1362.1814590000001,104.382037
clean/batch-8,2410.05779v3.pdf,LayoutPostprocess,16,0.231953,0.028012
clean/batch-8,2410.05779v3.pdf,LayoutPreprocess,16,345.877778,29.455710999999997
clean/batch-8,2410.05779v3.pdf,LayoutQueue,16,4864.041067000001,517.8546040000001
clean/batch-8,2410.05779v3.pdf,LayoutReadback,16,0.07744700000000002,0.0065780000000000005
clean/batch-8,2410.05779v3.pdf,LinkValidate,1,5.845824,5.845824
clean/batch-8,2410.05779v3.pdf,Ocr,5,64701.991138,16387.095027
clean/batch-8,2410.05779v3.pdf,OcrDecode,291,1.632178999999999,0.067021
clean/batch-8,2410.05779v3.pdf,OcrDetectionInference,5,740.903689,195.34346299999999
clean/batch-8,2410.05779v3.pdf,OcrDetectionPostprocess,5,60.601124000000006,18.246811
clean/batch-8,2410.05779v3.pdf,OcrDetectionPreprocess,5,242.498154,53.63214
clean/batch-8,2410.05779v3.pdf,OcrOrientationInference,187,2774.056342,308.53824499999996
clean/batch-8,2410.05779v3.pdf,OcrQueue,384,48040.11054599998,11546.130756
clean/batch-8,2410.05779v3.pdf,OcrReadback,379,1617.2000970000001,58.787475
clean/batch-8,2410.05779v3.pdf,OcrRecognitionInference,187,10634.770691000002,625.57351
clean/batch-8,2410.05779v3.pdf,OcrRecognitionPreprocess,374,467.1788909999996,10.30052
clean/batch-8,2410.05779v3.pdf,ParseTotal,1,23217.457802999998,23217.457802999998
clean/batch-8,2410.05779v3.pdf,PdfOpen,1,0.375748,0.375748
clean/batch-8,2410.05779v3.pdf,PdfRender,16,305.17699799999997,36.125748
clean/batch-8,2410.05779v3.pdf,PdfiumQueue,1,0.009578999999999999,0.009578999999999999
clean/batch-8,2410.05779v3.pdf,TableRules,6,11.22116,3.617502
clean/batch-8,2410.05779v3.pdf,TextExtract,16,182.23166500000002,20.780610000000003
clean/batch-8,2410.05779v3.pdf,TextFinish,32,188.36010499999998,36.842515999999996
clean/batch-8,2410.05779v3.pdf,TextPrepare,16,0.913697,0.098934
clean/batch-8,2412.05210v1.pdf,DocumentContext,1,32.767422999999994,32.767422999999994
clean/batch-8,2412.05210v1.pdf,LayoutInference,12,1223.856782,154.805002
clean/batch-8,2412.05210v1.pdf,LayoutPostprocess,12,0.16795200000000002,0.025619999999999997
clean/batch-8,2412.05210v1.pdf,LayoutPreprocess,12,259.666094,26.438188
clean/batch-8,2412.05210v1.pdf,LayoutQueue,12,1931.2744509999998,327.03484399999996
clean/batch-8,2412.05210v1.pdf,LayoutReadback,12,0.102995,0.021698000000000002
clean/batch-8,2412.05210v1.pdf,LinkValidate,1,10.057103,10.057103
clean/batch-8,2412.05210v1.pdf,Ocr,6,46663.77407299999,15038.206895
clean/batch-8,2412.05210v1.pdf,OcrDecode,439,1.6208600000000002,0.11225299999999999
clean/batch-8,2412.05210v1.pdf,OcrDetectionInference,6,1594.9893769999999,778.42453
clean/batch-8,2412.05210v1.pdf,OcrDetectionPostprocess,6,110.01661999999999,27.112568
clean/batch-8,2412.05210v1.pdf,OcrDetectionPreprocess,6,297.840808,57.112218999999996
clean/batch-8,2412.05210v1.pdf,OcrOrientationInference,183,3568.7616449999996,248.111661
clean/batch-8,2412.05210v1.pdf,OcrQueue,378,29977.957073999998,7364.534468000001
clean/batch-8,2412.05210v1.pdf,OcrReadback,372,1058.031469,16.716091
clean/batch-8,2412.05210v1.pdf,OcrRecognitionInference,183,9611.352958000001,583.42114
clean/batch-8,2412.05210v1.pdf,OcrRecognitionPreprocess,366,322.8344719999998,4.7125070000000004
clean/batch-8,2412.05210v1.pdf,ParseTotal,1,19838.619806,19838.619806
clean/batch-8,2412.05210v1.pdf,PdfOpen,1,0.460892,0.460892
clean/batch-8,2412.05210v1.pdf,PdfRender,12,349.77164999999997,77.61016799999999
clean/batch-8,2412.05210v1.pdf,PdfiumQueue,1,0.00388,0.00388
clean/batch-8,2412.05210v1.pdf,TableRules,4,18.206910999999998,9.365634
clean/batch-8,2412.05210v1.pdf,TextExtract,12,237.41397099999998,37.754692
clean/batch-8,2412.05210v1.pdf,TextFinish,24,563.3449800000001,273.876593
clean/batch-8,2412.05210v1.pdf,TextPrepare,12,1.498276,0.285423
clean/batch-8,2603.01919v2.pdf,DocumentContext,1,2.1295509999999997,2.1295509999999997
clean/batch-8,2603.01919v2.pdf,LayoutInference,23,2423.208692,373.738293
clean/batch-8,2603.01919v2.pdf,LayoutPostprocess,23,0.27958299999999997,0.029838
clean/batch-8,2603.01919v2.pdf,LayoutPreprocess,23,515.3781250000001,27.090188
clean/batch-8,2603.01919v2.pdf,LayoutQueue,23,4052.669655,437.44054900000003
clean/batch-8,2603.01919v2.pdf,LayoutReadback,23,0.161267,0.012072000000000001
clean/batch-8,2603.01919v2.pdf,LinkValidate,1,15.106546999999999,15.106546999999999
clean/batch-8,2603.01919v2.pdf,Ocr,10,86554.38755700001,13599.084144
clean/batch-8,2603.01919v2.pdf,OcrDecode,1101,2.254155999999997,0.021957
clean/batch-8,2603.01919v2.pdf,OcrDetectionInference,10,1491.284907,203.89101100000002
clean/batch-8,2603.01919v2.pdf,OcrDetectionPostprocess,10,141.362991,21.781732
clean/batch-8,2603.01919v2.pdf,OcrDetectionPreprocess,10,497.184788,63.030607
clean/batch-8,2603.01919v2.pdf,OcrOrientationInference,253,5398.072130000003,375.552701
clean/batch-8,2603.01919v2.pdf,OcrQueue,526,64235.833663000005,8987.337728
clean/batch-8,2603.01919v2.pdf,OcrReadback,516,1908.1571729999998,18.589185
clean/batch-8,2603.01919v2.pdf,OcrRecognitionInference,253,12178.083279999999,361.453842
clean/batch-8,2603.01919v2.pdf,OcrRecognitionPreprocess,506,535.9065059999995,3.35954
clean/batch-8,2603.01919v2.pdf,ParseTotal,1,26813.589073,26813.589073
clean/batch-8,2603.01919v2.pdf,PdfOpen,1,0.6433949999999999,0.6433949999999999
clean/batch-8,2603.01919v2.pdf,PdfRender,23,793.164911,132.691886
clean/batch-8,2603.01919v2.pdf,PdfiumQueue,1,0.003253,0.003253
clean/batch-8,2603.01919v2.pdf,TableExternal,1,703.4345450000001,703.4345450000001
clean/batch-8,2603.01919v2.pdf,TableFill,1,0.176761,0.176761
clean/batch-8,2603.01919v2.pdf,TableRules,18,27.860993999999994,6.897703
clean/batch-8,2603.01919v2.pdf,TextExtract,23,437.85320699999994,51.149902999999995
clean/batch-8,2603.01919v2.pdf,TextFinish,46,585.201699,85.54661700000001
clean/batch-8,2603.01919v2.pdf,TextPrepare,23,1.955541,0.17858
clean/batch-8,2603.01919v2.pdf,TsrInference,3,698.126675,491.489258
clean/batch-8,2603.01919v2.pdf,TsrPostprocess,3,0.291587,0.181471
clean/batch-8,2603.01919v2.pdf,TsrPreprocess,3,3.293825,1.406566
clean/batch-8,2603.01919v2.pdf,TsrQueue,3,0.495062,0.192852
clean/batch-8,2604.18583v1.pdf,DocumentContext,1,1.3870079999999998,1.3870079999999998
clean/batch-8,2604.18583v1.pdf,LayoutInference,15,1382.423486,190.68798
clean/batch-8,2604.18583v1.pdf,LayoutPostprocess,15,0.221046,0.025269
clean/batch-8,2604.18583v1.pdf,LayoutPreprocess,15,323.686238,25.480791
clean/batch-8,2604.18583v1.pdf,LayoutQueue,15,541.9486969999999,161.399813
clean/batch-8,2604.18583v1.pdf,LayoutReadback,15,0.065432,0.005817
clean/batch-8,2604.18583v1.pdf,LinkValidate,1,6.897619,6.897619
clean/batch-8,2604.18583v1.pdf,Ocr,8,36813.117781,7617.064133
clean/batch-8,2604.18583v1.pdf,OcrDecode,100,0.27173299999999995,0.014806
clean/batch-8,2604.18583v1.pdf,OcrDetectionInference,8,1130.00041,222.58725800000002
clean/batch-8,2604.18583v1.pdf,OcrDetectionPostprocess,8,109.686615,19.465508999999997
clean/batch-8,2604.18583v1.pdf,OcrDetectionPreprocess,8,392.76388,59.805429000000004
clean/batch-8,2604.18583v1.pdf,OcrOrientationInference,35,578.136017,101.107577
clean/batch-8,2604.18583v1.pdf,OcrQueue,86,32309.306915999998,7276.667923
clean/batch-8,2604.18583v1.pdf,OcrReadback,78,204.90478699999994,14.854410999999999
clean/batch-8,2604.18583v1.pdf,OcrRecognitionInference,35,1983.1593300000002,630.156583
clean/batch-8,2604.18583v1.pdf,OcrRecognitionPreprocess,70,78.102387,4.042235
clean/batch-8,2604.18583v1.pdf,ParseTotal,1,10814.288199,10814.288199
clean/batch-8,2604.18583v1.pdf,PdfOpen,1,0.433457,0.433457
clean/batch-8,2604.18583v1.pdf,PdfRender,15,1608.1460089999998,554.3789409999999
clean/batch-8,2604.18583v1.pdf,PdfiumQueue,1,0.00743,0.00743
clean/batch-8,2604.18583v1.pdf,TableRules,2,2.107875,1.095501
clean/batch-8,2604.18583v1.pdf,TextExtract,15,256.25779600000004,34.909025
clean/batch-8,2604.18583v1.pdf,TextFinish,30,545.888314,192.231043
clean/batch-8,2604.18583v1.pdf,TextPrepare,15,1.641066,0.34146
clean/batch-8,2604.21959v1.pdf,DocumentContext,1,0.148485,0.148485
clean/batch-8,2604.21959v1.pdf,LayoutInference,3,262.78920400000004,98.998997
clean/batch-8,2604.21959v1.pdf,LayoutPostprocess,3,0.029387,0.011987999999999999
clean/batch-8,2604.21959v1.pdf,LayoutPreprocess,3,71.243877,25.882308
clean/batch-8,2604.21959v1.pdf,LayoutQueue,3,1346.5245949999999,570.5876039999999
clean/batch-8,2604.21959v1.pdf,LayoutReadback,3,0.021145999999999998,0.008476
clean/batch-8,2604.21959v1.pdf,LinkValidate,1,0.797798,0.797798
clean/batch-8,2604.21959v1.pdf,Ocr,2,12059.143784,7333.7869869999995
clean/batch-8,2604.21959v1.pdf,OcrDecode,87,0.28291499999999997,0.015936000000000002
clean/batch-8,2604.21959v1.pdf,OcrDetectionInference,2,805.734419,660.318352
clean/batch-8,2604.21959v1.pdf,OcrDetectionPostprocess,2,23.372603,13.825143
clean/batch-8,2604.21959v1.pdf,OcrDetectionPreprocess,2,97.022029,51.774747000000005
clean/batch-8,2604.21959v1.pdf,OcrOrientationInference,31,537.049507,155.707634
clean/batch-8,2604.21959v1.pdf,OcrQueue,66,8383.800623000001,3446.764001
clean/batch-8,2604.21959v1.pdf,OcrReadback,64,294.69991799999997,25.621001
clean/batch-8,2604.21959v1.pdf,OcrRecognitionInference,31,1811.7391150000003,292.620118
clean/batch-8,2604.21959v1.pdf,OcrRecognitionPreprocess,62,83.180947,4.9812449999999995
clean/batch-8,2604.21959v1.pdf,ParseTotal,1,8109.447590000001,8109.447590000001
clean/batch-8,2604.21959v1.pdf,PdfOpen,1,0.545752,0.545752
clean/batch-8,2604.21959v1.pdf,PdfRender,3,52.703851,21.683511999999997
clean/batch-8,2604.21959v1.pdf,PdfiumQueue,1,0.003617,0.003617
clean/batch-8,2604.21959v1.pdf,TextExtract,3,22.479698,10.500303
clean/batch-8,2604.21959v1.pdf,TextFinish,6,20.604668,11.363075
clean/batch-8,2604.21959v1.pdf,TextPrepare,3,0.155214,0.06741799999999999
clean/batch-8,2604.18584v1.pdf,DocumentContext,1,1.725925,1.725925
clean/batch-8,2604.18584v1.pdf,LayoutInference,32,3781.84313,210.237005
clean/batch-8,2604.18584v1.pdf,LayoutPostprocess,32,0.4255,0.029901
clean/batch-8,2604.18584v1.pdf,LayoutPreprocess,32,678.1738470000001,27.983377
clean/batch-8,2604.18584v1.pdf,LayoutQueue,32,6719.447293,528.3267900000001
clean/batch-8,2604.18584v1.pdf,LayoutReadback,32,0.242134,0.019831
clean/batch-8,2604.18584v1.pdf,LinkValidate,1,13.448798,13.448798
clean/batch-8,2604.18584v1.pdf,Ocr,13,104649.22830100002,23694.145717000003
clean/batch-8,2604.18584v1.pdf,OcrDecode,882,3.405794999999999,0.033831
clean/batch-8,2604.18584v1.pdf,OcrDetectionInference,13,2193.102979,207.034157
clean/batch-8,2604.18584v1.pdf,OcrDetectionPostprocess,13,138.1045,18.876683
clean/batch-8,2604.18584v1.pdf,OcrDetectionPreprocess,13,658.9704670000001,65.50146699999999
clean/batch-8,2604.18584v1.pdf,OcrOrientationInference,409,6751.911402999999,237.56433900000002
clean/batch-8,2604.18584v1.pdf,OcrQueue,844,70080.04697200011,11683.938077
clean/batch-8,2604.18584v1.pdf,OcrReadback,831,2477.458559000003,40.517627
clean/batch-8,2604.18584v1.pdf,OcrRecognitionInference,409,21322.62548,718.562421
clean/batch-8,2604.18584v1.pdf,OcrRecognitionPreprocess,818,757.2934720000004,5.875742
clean/batch-8,2604.18584v1.pdf,ParseTotal,1,36828.772450000004,36828.772450000004
clean/batch-8,2604.18584v1.pdf,PdfOpen,1,0.368906,0.368906
clean/batch-8,2604.18584v1.pdf,PdfRender,32,630.2394549999998,95.2881
clean/batch-8,2604.18584v1.pdf,PdfiumQueue,1,0.004117,0.004117
clean/batch-8,2604.18584v1.pdf,TableExternal,2,1114.91453,700.472466
clean/batch-8,2604.18584v1.pdf,TableFill,2,0.250661,0.230583
clean/batch-8,2604.18584v1.pdf,TableRules,18,32.60899500000001,8.409962
clean/batch-8,2604.18584v1.pdf,TextExtract,32,323.87612,19.333519
clean/batch-8,2604.18584v1.pdf,TextFinish,64,492.83439300000015,56.051953000000005
clean/batch-8,2604.18584v1.pdf,TextPrepare,32,1.991573,0.1382
clean/batch-8,2604.18584v1.pdf,TsrInference,2,905.3327790000001,491.768845
clean/batch-8,2604.18584v1.pdf,TsrPostprocess,2,0.076121,0.062036
clean/batch-8,2604.18584v1.pdf,TsrPreprocess,2,4.410064,4.057139
clean/batch-8,2604.18584v1.pdf,TsrQueue,2,204.355503,204.202192
clean/batch-8,2606.17056v1.pdf,DocumentContext,1,5.431348,5.431348
clean/batch-8,2606.17056v1.pdf,LayoutInference,25,3148.7975220000003,253.09629999999999
clean/batch-8,2606.17056v1.pdf,LayoutPostprocess,25,0.30448,0.025897
clean/batch-8,2606.17056v1.pdf,LayoutPreprocess,25,553.727404,31.478931000000003
clean/batch-8,2606.17056v1.pdf,LayoutQueue,25,3053.5346420000005,335.104959
clean/batch-8,2606.17056v1.pdf,LayoutReadback,25,0.16506,0.008671
clean/batch-8,2606.17056v1.pdf,LinkValidate,1,5.628988,5.628988
clean/batch-8,2606.17056v1.pdf,Ocr,15,119661.17187600002,13716.99545
clean/batch-8,2606.17056v1.pdf,OcrDecode,831,2.169156000000001,0.08841399999999999
clean/batch-8,2606.17056v1.pdf,OcrDetectionInference,15,2411.931734,197.23536
clean/batch-8,2606.17056v1.pdf,OcrDetectionPostprocess,15,164.470961,16.629808
clean/batch-8,2606.17056v1.pdf,OcrDetectionPreprocess,15,735.1043719999999,58.078426
clean/batch-8,2606.17056v1.pdf,OcrOrientationInference,207,3928.0356519999978,226.916777
clean/batch-8,2606.17056v1.pdf,OcrQueue,444,100119.61045800008,12276.66743
clean/batch-8,2606.17056v1.pdf,OcrReadback,429,1505.159323,23.566908
clean/batch-8,2606.17056v1.pdf,OcrRecognitionInference,207,10225.228139000003,557.471502
clean/batch-8,2606.17056v1.pdf,OcrRecognitionPreprocess,414,426.7392979999999,3.691202
clean/batch-8,2606.17056v1.pdf,ParseTotal,1,31735.052336999997,31735.052336999997
clean/batch-8,2606.17056v1.pdf,PdfOpen,1,0.679525,0.679525
clean/batch-8,2606.17056v1.pdf,PdfRender,25,422.641162,27.926677
clean/batch-8,2606.17056v1.pdf,PdfiumQueue,1,0.0036,0.0036
clean/batch-8,2606.17056v1.pdf,TableRules,4,5.195214,2.375234
clean/batch-8,2606.17056v1.pdf,TextExtract,25,282.213976,17.403313
clean/batch-8,2606.17056v1.pdf,TextFinish,50,229.694856,21.285206000000002
clean/batch-8,2606.17056v1.pdf,TextPrepare,25,1.3424060000000002,0.085058
clean/batch-8,2609.04184v1.pdf,DocumentContext,1,0.8695550000000001,0.8695550000000001
clean/batch-8,2609.04184v1.pdf,LayoutInference,8,624.809241,85.82083899999999
clean/batch-8,2609.04184v1.pdf,LayoutPostprocess,8,0.08856,0.017661
clean/batch-8,2609.04184v1.pdf,LayoutPreprocess,8,166.83172,24.158127
clean/batch-8,2609.04184v1.pdf,LayoutQueue,8,1170.2911649999999,216.97863
clean/batch-8,2609.04184v1.pdf,LayoutReadback,8,0.04340600000000001,0.007155
clean/batch-8,2609.04184v1.pdf,LinkValidate,1,4.225489,4.225489
clean/batch-8,2609.04184v1.pdf,Ocr,5,32182.025885000003,12464.662798
clean/batch-8,2609.04184v1.pdf,OcrDecode,239,1.031008,0.108342
clean/batch-8,2609.04184v1.pdf,OcrDetectionInference,5,1190.932772,322.89340300000003
clean/batch-8,2609.04184v1.pdf,OcrDetectionPostprocess,5,78.240069,16.823507000000003
clean/batch-8,2609.04184v1.pdf,OcrDetectionPreprocess,5,243.92672100000001,53.809858000000006
clean/batch-8,2609.04184v1.pdf,OcrOrientationInference,80,1423.2353100000007,188.973041
clean/batch-8,2609.04184v1.pdf,OcrQueue,170,24772.297964999994,11331.267301
clean/batch-8,2609.04184v1.pdf,OcrReadback,165,432.89900399999993,13.305482
clean/batch-8,2609.04184v1.pdf,OcrRecognitionInference,80,3852.6858819999998,307.31600399999996
clean/batch-8,2609.04184v1.pdf,OcrRecognitionPreprocess,160,133.52268999999993,3.188598
clean/batch-8,2609.04184v1.pdf,ParseTotal,1,15578.770295,15578.770295
clean/batch-8,2609.04184v1.pdf,PdfOpen,1,1.037371,1.037371
clean/batch-8,2609.04184v1.pdf,PdfRender,8,191.15720100000001,35.355096
clean/batch-8,2609.04184v1.pdf,PdfiumQueue,1,0.004269,0.004269
clean/batch-8,2609.04184v1.pdf,TableExternal,1,294.452681,294.452681
clean/batch-8,2609.04184v1.pdf,TableFill,1,1.0129460000000001,1.0129460000000001
clean/batch-8,2609.04184v1.pdf,TableRules,7,3.1838880000000005,0.754739
clean/batch-8,2609.04184v1.pdf,TextExtract,8,147.70353699999998,27.540194
clean/batch-8,2609.04184v1.pdf,TextFinish,16,254.28309800000002,70.953672
clean/batch-8,2609.04184v1.pdf,TextPrepare,8,0.919561,0.183914
clean/batch-8,2609.04184v1.pdf,TsrInference,1,292.51987,292.51987
clean/batch-8,2609.04184v1.pdf,TsrPostprocess,1,0.051887,0.051887
clean/batch-8,2609.04184v1.pdf,TsrPreprocess,1,1.389165,1.389165
clean/batch-8,2609.04184v1.pdf,TsrQueue,1,0.13276600000000002,0.13276600000000002
clean/batch-8,2609.04180v1.pdf,DocumentContext,1,2.169984,2.169984
clean/batch-8,2609.04180v1.pdf,LayoutInference,23,2464.082671,301.812656
clean/batch-8,2609.04180v1.pdf,LayoutPostprocess,23,0.22099099999999997,0.021834000000000003
clean/batch-8,2609.04180v1.pdf,LayoutPreprocess,23,523.9812069999999,29.669572000000002
clean/batch-8,2609.04180v1.pdf,LayoutQueue,23,4217.069592000002,531.118258
clean/batch-8,2609.04180v1.pdf,LayoutReadback,23,0.140886,0.011399000000000001
clean/batch-8,2609.04180v1.pdf,LinkValidate,1,9.88384,9.88384
clean/batch-8,2609.04180v1.pdf,Ocr,9,70804.420541,13039.555865
clean/batch-8,2609.04180v1.pdf,OcrDecode,755,1.6139469999999987,0.022978
clean/batch-8,2609.04180v1.pdf,OcrDetectionInference,9,1770.5907550000002,256.587555
clean/batch-8,2609.04180v1.pdf,OcrDetectionPostprocess,9,109.52657099999999,18.674622
clean/batch-8,2609.04180v1.pdf,OcrDetectionPreprocess,9,443.195984,56.82336
clean/batch-8,2609.04180v1.pdf,OcrOrientationInference,175,4259.966405999999,382.135335
clean/batch-8,2609.04180v1.pdf,OcrQueue,368,51818.255528999965,8017.1987690000005
clean/batch-8,2609.04180v1.pdf,OcrReadback,359,1518.236227000001,45.720983
clean/batch-8,2609.04180v1.pdf,OcrRecognitionInference,175,10363.673867000001,448.088151
clean/batch-8,2609.04180v1.pdf,OcrRecognitionPreprocess,350,403.88354700000025,12.729467
clean/batch-8,2609.04180v1.pdf,ParseTotal,1,22084.975081,22084.975081
clean/batch-8,2609.04180v1.pdf,PdfOpen,1,0.63472,0.63472
clean/batch-8,2609.04180v1.pdf,PdfRender,23,506.12617000000006,56.928740999999995
clean/batch-8,2609.04180v1.pdf,PdfiumQueue,1,0.0042699999999999995,0.0042699999999999995
clean/batch-8,2609.04180v1.pdf,TableRules,12,6.841324,1.2658260000000001
clean/batch-8,2609.04180v1.pdf,TextExtract,23,343.378151,30.264791
clean/batch-8,2609.04180v1.pdf,TextFinish,46,409.2007600000001,31.178211
clean/batch-8,2609.04180v1.pdf,TextPrepare,23,1.66142,0.103587
clean/batch-8,2609.04203v1.pdf,DocumentContext,1,1.900477,1.900477
clean/batch-8,2609.04203v1.pdf,LayoutInference,20,2963.223403,304.512875
clean/batch-8,2609.04203v1.pdf,LayoutPostprocess,20,0.4323159999999999,0.052848
clean/batch-8,2609.04203v1.pdf,LayoutPreprocess,20,448.629409,33.277451
clean/batch-8,2609.04203v1.pdf,LayoutQueue,20,3350.6917049999997,440.243852
clean/batch-8,2609.04203v1.pdf,LayoutReadback,20,0.16281600000000002,0.022732
clean/batch-8,2609.04203v1.pdf,LinkValidate,1,10.131915,10.131915
clean/batch-8,2609.04203v1.pdf,Ocr,9,27344.157247000003,5237.336512
clean/batch-8,2609.04203v1.pdf,OcrDecode,287,0.7618039999999997,0.111025
clean/batch-8,2609.04203v1.pdf,OcrDetectionInference,9,2329.390131,711.097204
clean/batch-8,2609.04203v1.pdf,OcrDetectionPostprocess,9,150.456824,24.427646
clean/batch-8,2609.04203v1.pdf,OcrDetectionPreprocess,9,497.71308,66.257015
clean/batch-8,2609.04203v1.pdf,OcrOrientationInference,72,2445.5382549999995,368.498213
clean/batch-8,2609.04203v1.pdf,OcrQueue,162,16106.836002000005,2539.1961570000003
clean/batch-8,2609.04203v1.pdf,OcrReadback,153,494.4579580000001,14.168642
clean/batch-8,2609.04203v1.pdf,OcrRecognitionInference,72,5119.805761999996,560.413922
clean/batch-8,2609.04203v1.pdf,OcrRecognitionPreprocess,144,150.8948499999999,3.648412
clean/batch-8,2609.04203v1.pdf,ParseTotal,1,8649.351036,8649.351036
clean/batch-8,2609.04203v1.pdf,PdfOpen,1,0.689451,0.689451
clean/batch-8,2609.04203v1.pdf,PdfRender,20,782.6896939999999,208.02842099999998
clean/batch-8,2609.04203v1.pdf,PdfiumQueue,1,0.003998,0.003998
clean/batch-8,2609.04203v1.pdf,TableExternal,1,706.787049,706.787049
clean/batch-8,2609.04203v1.pdf,TableFill,1,7.859140000000001,7.859140000000001
clean/batch-8,2609.04203v1.pdf,TableRules,19,10.607227,1.428608
clean/batch-8,2609.04203v1.pdf,TextExtract,20,521.491765,112.703818
clean/batch-8,2609.04203v1.pdf,TextFinish,40,658.193117,66.87665
clean/batch-8,2609.04203v1.pdf,TextPrepare,20,2.066501,0.18473799999999999
clean/batch-8,2609.04203v1.pdf,TsrInference,1,702.9584719999999,702.9584719999999
clean/batch-8,2609.04203v1.pdf,TsrPostprocess,1,0.19716499999999998,0.19716499999999998
clean/batch-8,2609.04203v1.pdf,TsrPreprocess,1,3.04799,3.04799
clean/batch-8,2609.04203v1.pdf,TsrQueue,1,0.18271600000000002,0.18271600000000002
clean/before,2403.01632v4.pdf,DocumentContext,1,2.755758,2.755758
clean/before,2403.01632v4.pdf,LayoutInference,47,6499.309053999999,351.699359
clean/before,2403.01632v4.pdf,LayoutPostprocess,47,0.8521609999999998,0.051186
clean/before,2403.01632v4.pdf,LayoutPreprocess,47,997.738598,31.965439999999997
clean/before,2403.01632v4.pdf,LayoutQueue,47,12002.702521,596.913083
clean/before,2403.01632v4.pdf,LayoutReadback,47,0.19029399999999994,0.008986
clean/before,2403.01632v4.pdf,LinkValidate,1,11.908645,11.908645
clean/before,2403.01632v4.pdf,Ocr,13,118853.994734,13317.392172
clean/before,2403.01632v4.pdf,OcrDecode,417,1.6021580000000006,0.015104
clean/before,2403.01632v4.pdf,OcrDetectionInference,13,2900.7522030000005,269.793063
clean/before,2403.01632v4.pdf,OcrDetectionPostprocess,13,133.11190399999998,15.194090000000001
clean/before,2403.01632v4.pdf,OcrDetectionPreprocess,13,639.8405889999999,63.88891400000001
clean/before,2403.01632v4.pdf,OcrOrientationInference,417,3022.3530699999997,227.68770899999998
clean/before,2403.01632v4.pdf,OcrQueue,860,94596.93131699995,9037.868378000001
clean/before,2403.01632v4.pdf,OcrReadback,847,1173.6725639999997,13.757491
clean/before,2403.01632v4.pdf,OcrRecognitionInference,417,15715.990416,589.608715
clean/before,2403.01632v4.pdf,OcrRecognitionPreprocess,834,271.7302790000002,3.580231
clean/before,2403.01632v4.pdf,ParseTotal,1,33455.133501,33455.133501
clean/before,2403.01632v4.pdf,PdfOpen,1,0.53417,0.53417
clean/before,2403.01632v4.pdf,PdfRender,47,796.1037560000001,58.116885
clean/before,2403.01632v4.pdf,PdfiumQueue,1,0.000373,0.000373
clean/before,2403.01632v4.pdf,TableRules,7,4.219549000000001,1.229197
clean/before,2403.01632v4.pdf,TextExtract,47,512.801162,14.772017
clean/before,2403.01632v4.pdf,TextFinish,94,685.9055880000002,28.683991
clean/before,2403.01632v4.pdf,TextPrepare,47,2.9972980000000002,0.12549300000000002
clean/before,2303.18223v16.pdf,DocumentContext,1,17.934606,17.934606
clean/before,2303.18223v16.pdf,LayoutInference,144,16137.319988,431.19782899999996
clean/before,2303.18223v16.pdf,LayoutPostprocess,144,1.9542580000000012,0.042867999999999996
clean/before,2303.18223v16.pdf,LayoutPreprocess,144,3110.9036489999994,36.517596
clean/before,2303.18223v16.pdf,LayoutQueue,144,31346.978848000017,808.415318
clean/before,2303.18223v16.pdf,LayoutReadback,144,0.609541,0.012976000000000001
clean/before,2303.18223v16.pdf,LinkValidate,1,72.03984600000001,72.03984600000001
clean/before,2303.18223v16.pdf,Ocr,16,176983.01200000002,17307.693803
clean/before,2303.18223v16.pdf,OcrDecode,717,2.1387179999999995,0.02155
clean/before,2303.18223v16.pdf,OcrDetectionInference,16,3433.4186629999995,281.06013
clean/before,2303.18223v16.pdf,OcrDetectionPostprocess,16,282.437014,21.490008000000003
clean/before,2303.18223v16.pdf,OcrDetectionPreprocess,16,735.609868,57.851048
clean/before,2303.18223v16.pdf,OcrOrientationInference,717,4409.700692,222.963008
clean/before,2303.18223v16.pdf,OcrQueue,1466,143860.61785200005,14086.255069
clean/before,2303.18223v16.pdf,OcrReadback,1450,1375.26169,8.976834
clean/before,2303.18223v16.pdf,OcrRecognitionInference,717,22008.56213599999,626.894063
clean/before,2303.18223v16.pdf,OcrRecognitionPreprocess,1434,258.80727499999966,2.0590930000000003
clean/before,2303.18223v16.pdf,ParseTotal,1,56309.351397,56309.351397
clean/before,2303.18223v16.pdf,PdfOpen,1,0.856741,0.856741
clean/before,2303.18223v16.pdf,PdfRender,144,2487.3220180000003,94.146512
clean/before,2303.18223v16.pdf,PdfiumQueue,1,0.0034029999999999998,0.0034029999999999998
clean/before,2303.18223v16.pdf,TableExternal,1,1571.2223920000001,1571.2223920000001
clean/before,2303.18223v16.pdf,TableFill,1,1.086158,1.086158
clean/before,2303.18223v16.pdf,TableRules,24,38.36063200000001,4.387706
clean/before,2303.18223v16.pdf,TextExtract,144,2669.890199000001,26.301646
clean/before,2303.18223v16.pdf,TextFinish,288,6096.074150000001,140.239732
clean/before,2303.18223v16.pdf,TextPrepare,144,17.175874999999994,0.360047
clean/before,2303.18223v16.pdf,TsrInference,5,1560.095703,1246.48898
clean/before,2303.18223v16.pdf,TsrPostprocess,5,0.223655,0.105652
clean/before,2303.18223v16.pdf,TsrPreprocess,5,7.252253,2.479579
clean/before,2303.18223v16.pdf,TsrQueue,5,0.7506960000000001,0.191853
clean/before,2410.05779v3.pdf,DocumentContext,1,0.8497129999999999,0.8497129999999999
clean/before,2410.05779v3.pdf,LayoutInference,16,1896.4972319999997,194.931359
clean/before,2410.05779v3.pdf,LayoutPostprocess,16,0.18741800000000003,0.027566999999999998
clean/before,2410.05779v3.pdf,LayoutPreprocess,16,352.03516299999995,31.205764000000002
clean/before,2410.05779v3.pdf,LayoutQueue,16,6678.190549,781.74242
clean/before,2410.05779v3.pdf,LayoutReadback,16,0.087073,0.011403
clean/before,2410.05779v3.pdf,LinkValidate,1,5.226792,5.226792
clean/before,2410.05779v3.pdf,Ocr,5,75207.86484300002,18580.019186
clean/before,2410.05779v3.pdf,OcrDecode,291,1.7344469999999994,0.03995
clean/before,2410.05779v3.pdf,OcrDetectionInference,5,784.0870379999999,270.261657
clean/before,2410.05779v3.pdf,OcrDetectionPostprocess,5,55.21896,15.075974
clean/before,2410.05779v3.pdf,OcrDetectionPreprocess,5,254.998148,53.668586
clean/before,2410.05779v3.pdf,OcrOrientationInference,291,851.0719390000002,97.451396
clean/before,2410.05779v3.pdf,OcrQueue,592,58902.11803499999,13739.123088
clean/before,2410.05779v3.pdf,OcrReadback,587,1637.0059079999992,16.954052
clean/before,2410.05779v3.pdf,OcrRecognitionInference,291,12042.744037999999,550.700346
clean/before,2410.05779v3.pdf,OcrRecognitionPreprocess,582,351.3102589999999,4.58864
clean/before,2410.05779v3.pdf,ParseTotal,1,26667.567445,26667.567445
clean/before,2410.05779v3.pdf,PdfOpen,1,0.270768,0.270768
clean/before,2410.05779v3.pdf,PdfRender,16,325.12499,40.059255
clean/before,2410.05779v3.pdf,PdfiumQueue,1,0.004133,0.004133
clean/before,2410.05779v3.pdf,TableRules,6,9.40903,2.630729
clean/before,2410.05779v3.pdf,TextExtract,16,172.67145300000004,23.523113
clean/before,2410.05779v3.pdf,TextFinish,32,200.411024,32.580208
clean/before,2410.05779v3.pdf,TextPrepare,16,0.922119,0.110466
clean/before,2412.05210v1.pdf,DocumentContext,1,33.065725,33.065725
clean/before,2412.05210v1.pdf,LayoutInference,12,1160.3512019999998,200.563741
clean/before,2412.05210v1.pdf,LayoutPostprocess,12,0.206635,0.087025
clean/before,2412.05210v1.pdf,LayoutPreprocess,12,279.55308699999995,27.179419
clean/before,2412.05210v1.pdf,LayoutQueue,12,1655.719369,274.2496
clean/before,2412.05210v1.pdf,LayoutReadback,12,0.126598,0.01685
clean/before,2412.05210v1.pdf,LinkValidate,1,8.253729,8.253729
clean/before,2412.05210v1.pdf,Ocr,6,52466.706864,14936.692803
clean/before,2412.05210v1.pdf,OcrDecode,439,1.7637379999999998,0.074644
clean/before,2412.05210v1.pdf,OcrDetectionInference,6,1503.464052,737.1058820000001
clean/before,2412.05210v1.pdf,OcrDetectionPostprocess,6,97.745518,18.956649
clean/before,2412.05210v1.pdf,OcrDetectionPreprocess,6,293.693385,52.380766
clean/before,2412.05210v1.pdf,OcrOrientationInference,439,926.2273090000004,64.692855
clean/before,2412.05210v1.pdf,OcrQueue,890,38090.65669999998,9560.998587
clean/before,2412.05210v1.pdf,OcrReadback,884,1094.1662559999986,7.947839
clean/before,2412.05210v1.pdf,OcrRecognitionInference,439,9828.002014000007,326.010375
clean/before,2412.05210v1.pdf,OcrRecognitionPreprocess,878,226.33576199999996,2.096133
clean/before,2412.05210v1.pdf,ParseTotal,1,20424.840135,20424.840135
clean/before,2412.05210v1.pdf,PdfOpen,1,0.38711799999999996,0.38711799999999996
clean/before,2412.05210v1.pdf,PdfRender,12,352.548626,78.820155
clean/before,2412.05210v1.pdf,PdfiumQueue,1,0.003387,0.003387
clean/before,2412.05210v1.pdf,TableRules,4,19.979447000000004,9.97887
clean/before,2412.05210v1.pdf,TextExtract,12,235.640421,33.500932
clean/before,2412.05210v1.pdf,TextFinish,24,516.0608980000001,253.642775
clean/before,2412.05210v1.pdf,TextPrepare,12,1.371888,0.289812
clean/before,2604.18583v1.pdf,DocumentContext,1,1.529691,1.529691
clean/before,2604.18583v1.pdf,LayoutInference,15,1385.645322,154.305687
clean/before,2604.18583v1.pdf,LayoutPostprocess,15,0.311826,0.06814400000000001
clean/before,2604.18583v1.pdf,LayoutPreprocess,15,334.667163,27.202966
clean/before,2604.18583v1.pdf,LayoutQueue,15,883.1534800000001,188.434596
clean/before,2604.18583v1.pdf,LayoutReadback,15,0.134347,0.023687
clean/before,2604.18583v1.pdf,LinkValidate,1,9.665814,9.665814
clean/before,2604.18583v1.pdf,Ocr,8,46558.833409,9118.468525
clean/before,2604.18583v1.pdf,OcrDecode,100,0.323447,0.014329
clean/before,2604.18583v1.pdf,OcrDetectionInference,8,1186.363739,188.966255
clean/before,2604.18583v1.pdf,OcrDetectionPostprocess,8,122.95113500000001,22.218055
clean/before,2604.18583v1.pdf,OcrDetectionPreprocess,8,412.17761500000006,56.915335
clean/before,2604.18583v1.pdf,OcrOrientationInference,100,164.21255500000007,5.447769
clean/before,2604.18583v1.pdf,OcrQueue,216,43066.62799899998,8785.517673999999
clean/before,2604.18583v1.pdf,OcrReadback,208,212.46301399999996,12.411159999999999
clean/before,2604.18583v1.pdf,OcrRecognitionInference,100,1258.8147780000002,38.727379
clean/before,2604.18583v1.pdf,OcrRecognitionPreprocess,200,42.668826,3.35587
clean/before,2604.18583v1.pdf,ParseTotal,1,13031.356899,13031.356899
clean/before,2604.18583v1.pdf,PdfOpen,1,0.541912,0.541912
clean/before,2604.18583v1.pdf,PdfRender,15,1819.9089450000001,684.798139
clean/before,2604.18583v1.pdf,PdfiumQueue,1,0.00399,0.00399
clean/before,2604.18583v1.pdf,TableRules,2,1.7954469999999998,1.17918
clean/before,2604.18583v1.pdf,TextExtract,15,247.93413199999995,34.877142
clean/before,2604.18583v1.pdf,TextFinish,30,525.8129950000001,186.003001
clean/before,2604.18583v1.pdf,TextPrepare,15,1.745448,0.305245
clean/before,2603.01919v2.pdf,DocumentContext,1,1.932382,1.932382
clean/before,2603.01919v2.pdf,LayoutInference,23,2453.222642,373.931128
clean/before,2603.01919v2.pdf,LayoutPostprocess,23,0.35060800000000003,0.035047
clean/before,2603.01919v2.pdf,LayoutPreprocess,23,520.539601,27.365356000000002
clean/before,2603.01919v2.pdf,LayoutQueue,23,4420.536465000001,443.71491000000003
clean/before,2603.01919v2.pdf,LayoutReadback,23,0.17864,0.018359
clean/before,2603.01919v2.pdf,LinkValidate,1,11.551466999999999,11.551466999999999
clean/before,2603.01919v2.pdf,Ocr,10,104857.18183799999,14919.744952000001
clean/before,2603.01919v2.pdf,OcrDecode,1101,3.201599999999997,0.13566699999999998
clean/before,2603.01919v2.pdf,OcrDetectionInference,10,1600.734579,202.988515
clean/before,2603.01919v2.pdf,OcrDetectionPostprocess,10,136.66241699999998,18.456357999999998
clean/before,2603.01919v2.pdf,OcrDetectionPreprocess,10,521.169469,68.07066400000001
clean/before,2603.01919v2.pdf,OcrOrientationInference,1101,3916.971507000002,216.737692
clean/before,2603.01919v2.pdf,OcrQueue,2222,78791.65440399994,8082.678257
clean/before,2603.01919v2.pdf,OcrReadback,2212,2007.927668,15.938063
clean/before,2603.01919v2.pdf,OcrRecognitionInference,1101,16668.687271,384.620955
clean/before,2603.01919v2.pdf,OcrRecognitionPreprocess,2202,281.05699499999974,2.934932
clean/before,2603.01919v2.pdf,ParseTotal,1,34153.442517999996,34153.442517999996
clean/before,2603.01919v2.pdf,PdfOpen,1,0.6535949999999999,0.6535949999999999
clean/before,2603.01919v2.pdf,PdfRender,23,786.4273829999998,130.47472399999998
clean/before,2603.01919v2.pdf,PdfiumQueue,1,0.0032219999999999996,0.0032219999999999996
clean/before,2603.01919v2.pdf,TableExternal,1,1291.449157,1291.449157
clean/before,2603.01919v2.pdf,TableFill,1,0.274376,0.274376
clean/before,2603.01919v2.pdf,TableRules,18,29.073450999999995,7.173235
clean/before,2603.01919v2.pdf,TextExtract,23,447.90415700000005,53.523109999999996
clean/before,2603.01919v2.pdf,TextFinish,46,566.6036879999999,80.93982700000001
clean/before,2603.01919v2.pdf,TextPrepare,23,1.8860110000000003,0.176225
clean/before,2603.01919v2.pdf,TsrInference,3,1285.043524,1132.209891
clean/before,2603.01919v2.pdf,TsrPostprocess,3,0.289382,0.186856
clean/before,2603.01919v2.pdf,TsrPreprocess,3,4.8429,2.849156
clean/before,2603.01919v2.pdf,TsrQueue,3,0.436051,0.173382
clean/before,2604.21959v1.pdf,DocumentContext,1,0.16789600000000002,0.16789600000000002
clean/before,2604.21959v1.pdf,LayoutInference,3,230.57418199999998,94.53891899999999
clean/before,2604.21959v1.pdf,LayoutPostprocess,3,0.044954999999999995,0.025578
clean/before,2604.21959v1.pdf,LayoutPreprocess,3,59.69727,20.640410000000003
clean/before,2604.21959v1.pdf,LayoutQueue,3,209.73549300000002,131.04515
clean/before,2604.21959v1.pdf,LayoutReadback,3,0.028359,0.011936
clean/before,2604.21959v1.pdf,LinkValidate,1,0.819732,0.819732
clean/before,2604.21959v1.pdf,Ocr,2,10339.220304,6606.80904
clean/before,2604.21959v1.pdf,OcrDecode,87,0.3341810000000001,0.018589
clean/before,2604.21959v1.pdf,OcrDetectionInference,2,386.924044,268.666992
clean/before,2604.21959v1.pdf,OcrDetectionPostprocess,2,19.690643,11.656844
clean/before,2604.21959v1.pdf,OcrDetectionPreprocess,2,110.331344,55.447286
clean/before,2604.21959v1.pdf,OcrOrientationInference,87,125.42772000000005,3.217807
clean/before,2604.21959v1.pdf,OcrQueue,178,7719.863209000003,3664.362168
clean/before,2604.21959v1.pdf,OcrReadback,176,291.7052700000001,11.241459
clean/before,2604.21959v1.pdf,OcrRecognitionInference,87,1547.6839660000003,138.360189
clean/before,2604.21959v1.pdf,OcrRecognitionPreprocess,174,57.56297600000001,3.2776530000000004
clean/before,2604.21959v1.pdf,ParseTotal,1,6904.298436,6904.298436
clean/before,2604.21959v1.pdf,PdfOpen,1,0.503578,0.503578
clean/before,2604.21959v1.pdf,PdfRender,3,45.28623,16.119775999999998
clean/before,2604.21959v1.pdf,PdfiumQueue,1,0.003895,0.003895
clean/before,2604.21959v1.pdf,TextExtract,3,24.739703,12.108920000000001
clean/before,2604.21959v1.pdf,TextFinish,6,23.737185000000004,11.145434
clean/before,2604.21959v1.pdf,TextPrepare,3,0.16072799999999998,0.085214
clean/before,2604.18584v1.pdf,DocumentContext,1,2.466717,2.466717
clean/before,2604.18584v1.pdf,LayoutInference,32,3072.7452930000004,190.853202
clean/before,2604.18584v1.pdf,LayoutPostprocess,32,0.434677,0.029266999999999998
clean/before,2604.18584v1.pdf,LayoutPreprocess,32,700.9995990000001,32.633841
clean/before,2604.18584v1.pdf,LayoutQueue,32,4477.772052000001,327.060717
clean/before,2604.18584v1.pdf,LayoutReadback,32,0.272309,0.0275
clean/before,2604.18584v1.pdf,LinkValidate,1,13.182755,13.182755
clean/before,2604.18584v1.pdf,Ocr,13,110514.19395,22901.441828
clean/before,2604.18584v1.pdf,OcrDecode,882,3.9085030000000014,0.117897
clean/before,2604.18584v1.pdf,OcrDetectionInference,13,2037.2062720000001,209.140165
clean/before,2604.18584v1.pdf,OcrDetectionPostprocess,13,133.129629,16.046187
clean/before,2604.18584v1.pdf,OcrDetectionPreprocess,13,626.937807,58.322651
clean/before,2604.18584v1.pdf,OcrOrientationInference,882,1495.4042590000017,92.23616
clean/before,2604.18584v1.pdf,OcrQueue,1790,79030.99541500007,10311.612910999998
clean/before,2604.18584v1.pdf,OcrReadback,1777,2542.2760689999977,11.89688
clean/before,2604.18584v1.pdf,OcrRecognitionInference,882,23334.93526500004,351.51331600000003
clean/before,2604.18584v1.pdf,OcrRecognitionPreprocess,1764,501.0413149999991,3.133117
clean/before,2604.18584v1.pdf,ParseTotal,1,37461.952407,37461.952407
clean/before,2604.18584v1.pdf,PdfOpen,1,0.443993,0.443993
clean/before,2604.18584v1.pdf,PdfRender,32,662.4244160000001,93.364853
clean/before,2604.18584v1.pdf,PdfiumQueue,1,0.004162,0.004162
clean/before,2604.18584v1.pdf,TableExternal,2,645.2569720000001,386.77429800000004
clean/before,2604.18584v1.pdf,TableFill,2,0.16458100000000003,0.13431700000000002
clean/before,2604.18584v1.pdf,TableRules,18,33.288261999999996,9.801299
clean/before,2604.18584v1.pdf,TextExtract,32,325.673984,16.999822
clean/before,2604.18584v1.pdf,TextFinish,64,497.0130090000002,51.700495
clean/before,2604.18584v1.pdf,TextPrepare,32,2.1537860000000006,0.174125
clean/before,2604.18584v1.pdf,TsrInference,2,641.190491,383.362667
clean/before,2604.18584v1.pdf,TsrPostprocess,2,0.07537100000000001,0.065962
clean/before,2604.18584v1.pdf,TsrPreprocess,2,3.4490250000000002,3.072696
clean/before,2604.18584v1.pdf,TsrQueue,2,0.206845,0.126978
clean/before,2606.17056v1.pdf,DocumentContext,1,3.9804000000000004,3.9804000000000004
clean/before,2606.17056v1.pdf,LayoutInference,25,2529.2603450000006,200.634489
clean/before,2606.17056v1.pdf,LayoutPostprocess,25,0.24535399999999996,0.020408
clean/before,2606.17056v1.pdf,LayoutPreprocess,25,541.276981,26.681765
clean/before,2606.17056v1.pdf,LayoutQueue,25,4025.0491200000006,490.311523
clean/before,2606.17056v1.pdf,LayoutReadback,25,0.18085600000000002,0.013978
clean/before,2606.17056v1.pdf,LinkValidate,1,7.776472,7.776472
clean/before,2606.17056v1.pdf,Ocr,15,153092.724484,19261.04948
clean/before,2606.17056v1.pdf,OcrDecode,831,2.3613779999999993,0.085406
clean/before,2606.17056v1.pdf,OcrDetectionInference,15,2552.293969,250.88066399999997
clean/before,2606.17056v1.pdf,OcrDetectionPostprocess,15,157.973401,14.535105
clean/before,2606.17056v1.pdf,OcrDetectionPreprocess,15,701.6483400000001,51.292151000000004
clean/before,2606.17056v1.pdf,OcrOrientationInference,831,2226.3090359999997,116.484508
clean/before,2606.17056v1.pdf,OcrQueue,1692,131781.20452900033,16380.30514
clean/before,2606.17056v1.pdf,OcrReadback,1677,1521.7356779999982,12.094289
clean/before,2606.17056v1.pdf,OcrRecognitionInference,831,13192.390001000005,358.96815
clean/before,2606.17056v1.pdf,OcrRecognitionPreprocess,1662,229.49612899999957,3.3346690000000003
clean/before,2606.17056v1.pdf,ParseTotal,1,43669.163768,43669.163768
clean/before,2606.17056v1.pdf,PdfOpen,1,0.35973299999999997,0.35973299999999997
clean/before,2606.17056v1.pdf,PdfRender,25,401.77312800000004,23.70854
clean/before,2606.17056v1.pdf,PdfiumQueue,1,0.004134,0.004134
clean/before,2606.17056v1.pdf,TableRules,4,3.989903,1.553371
clean/before,2606.17056v1.pdf,TextExtract,25,271.809684,17.333893999999997
clean/before,2606.17056v1.pdf,TextFinish,50,246.86713099999997,21.621246
clean/before,2606.17056v1.pdf,TextPrepare,25,1.4632529999999997,0.20480399999999999
clean/before,2609.04180v1.pdf,DocumentContext,1,2.125871,2.125871
clean/before,2609.04180v1.pdf,LayoutInference,23,2169.0142879999994,227.97841
clean/before,2609.04180v1.pdf,LayoutPostprocess,23,0.23307099999999997,0.019444
clean/before,2609.04180v1.pdf,LayoutPreprocess,23,519.5201910000001,32.361145
clean/before,2609.04180v1.pdf,LayoutQueue,23,4985.879475999999,465.045019
clean/before,2609.04180v1.pdf,LayoutReadback,23,0.182925,0.014584
clean/before,2609.04180v1.pdf,LinkValidate,1,10.211834,10.211834
clean/before,2609.04180v1.pdf,Ocr,9,69273.81969100001,17670.850155
clean/before,2609.04180v1.pdf,OcrDecode,755,2.1207209999999974,0.0152
clean/before,2609.04180v1.pdf,OcrDetectionInference,9,1726.9399140000003,256.79242800000003
clean/before,2609.04180v1.pdf,OcrDetectionPostprocess,9,132.656157,23.894164
clean/before,2609.04180v1.pdf,OcrDetectionPreprocess,9,420.48228100000006,50.829039
clean/before,2609.04180v1.pdf,OcrOrientationInference,755,2027.6069439999994,69.11685200000001
clean/before,2609.04180v1.pdf,OcrQueue,1528,51834.46008199997,10130.856278
clean/before,2609.04180v1.pdf,OcrReadback,1519,1467.5503220000019,11.770938999999998
clean/before,2609.04180v1.pdf,OcrRecognitionInference,755,10788.117837000007,291.152441
clean/before,2609.04180v1.pdf,OcrRecognitionPreprocess,1510,221.29650300000014,3.438647
clean/before,2609.04180v1.pdf,ParseTotal,1,23492.078751,23492.078751
clean/before,2609.04180v1.pdf,PdfOpen,1,0.856537,0.856537
clean/before,2609.04180v1.pdf,PdfRender,23,474.83998800000006,47.395009
clean/before,2609.04180v1.pdf,PdfiumQueue,1,0.0030740000000000003,0.0030740000000000003
clean/before,2609.04180v1.pdf,TableRules,12,7.379369,1.434775
clean/before,2609.04180v1.pdf,TextExtract,23,345.12116299999997,28.281509
clean/before,2609.04180v1.pdf,TextFinish,46,380.27211700000004,27.487414
clean/before,2609.04180v1.pdf,TextPrepare,23,1.8172159999999997,0.12163800000000001
clean/before,2609.04184v1.pdf,DocumentContext,1,0.729997,0.729997
clean/before,2609.04184v1.pdf,LayoutInference,8,607.629353,87.393395
clean/before,2609.04184v1.pdf,LayoutPostprocess,8,0.127991,0.035205
clean/before,2609.04184v1.pdf,LayoutPreprocess,8,171.72258999999997,26.636613
clean/before,2609.04184v1.pdf,LayoutQueue,8,1112.761183,207.329663
clean/before,2609.04184v1.pdf,LayoutReadback,8,0.06680900000000001,0.011512
clean/before,2609.04184v1.pdf,LinkValidate,1,4.633264,4.633264
clean/before,2609.04184v1.pdf,Ocr,5,29911.367695,8687.844276
clean/before,2609.04184v1.pdf,OcrDecode,239,0.7762550000000008,0.02058
clean/before,2609.04184v1.pdf,OcrDetectionInference,5,742.6798650000001,211.419972
clean/before,2609.04184v1.pdf,OcrDetectionPostprocess,5,81.745172,20.809348
clean/before,2609.04184v1.pdf,OcrDetectionPreprocess,5,235.989139,48.10073
clean/before,2609.04184v1.pdf,OcrOrientationInference,239,1031.5098859999998,128.21654199999998
clean/before,2609.04184v1.pdf,OcrQueue,488,23674.489258000023,5602.380281000001
clean/before,2609.04184v1.pdf,OcrReadback,483,421.2121769999999,4.542591000000001
clean/before,2609.04184v1.pdf,OcrRecognitionInference,239,3446.509378,174.754417
clean/before,2609.04184v1.pdf,OcrRecognitionPreprocess,478,68.74700100000001,1.122955
clean/before,2609.04184v1.pdf,ParseTotal,1,9198.23283,9198.23283
clean/before,2609.04184v1.pdf,PdfOpen,1,0.693341,0.693341
clean/before,2609.04184v1.pdf,PdfRender,8,186.40529200000003,35.982599
clean/before,2609.04184v1.pdf,PdfiumQueue,1,0.002926,0.002926
clean/before,2609.04184v1.pdf,TableExternal,1,209.72738199999998,209.72738199999998
clean/before,2609.04184v1.pdf,TableFill,1,0.931275,0.931275
clean/before,2609.04184v1.pdf,TableRules,7,2.891827,0.6591319999999999
clean/before,2609.04184v1.pdf,TextExtract,8,135.627454,23.846584
clean/before,2609.04184v1.pdf,TextFinish,16,250.05829800000004,69.81829
clean/before,2609.04184v1.pdf,TextPrepare,8,0.9648329999999999,0.16382
clean/before,2609.04184v1.pdf,TsrInference,1,206.812531,206.812531
clean/before,2609.04184v1.pdf,TsrPostprocess,1,0.048946,0.048946
clean/before,2609.04184v1.pdf,TsrPreprocess,1,2.352335,2.352335
clean/before,2609.04184v1.pdf,TsrQueue,1,0.238954,0.238954
clean/before,2609.04203v1.pdf,DocumentContext,1,2.192962,2.192962
clean/before,2609.04203v1.pdf,LayoutInference,20,2254.571144,235.57287599999998
clean/before,2609.04203v1.pdf,LayoutPostprocess,20,0.308006,0.040852999999999993
clean/before,2609.04203v1.pdf,LayoutPreprocess,20,434.72267899999997,27.716838
clean/before,2609.04203v1.pdf,LayoutQueue,20,2378.125548,345.99025700000004
clean/before,2609.04203v1.pdf,LayoutReadback,20,0.11449800000000002,0.010232
clean/before,2609.04203v1.pdf,LinkValidate,1,15.834404999999999,15.834404999999999
clean/before,2609.04203v1.pdf,Ocr,9,26439.009575,5576.344480000001
clean/before,2609.04203v1.pdf,OcrDecode,287,0.756457,0.010993
clean/before,2609.04203v1.pdf,OcrDetectionInference,9,1413.272326,236.31719900000002
clean/before,2609.04203v1.pdf,OcrDetectionPostprocess,9,138.772442,18.077652999999998
clean/before,2609.04203v1.pdf,OcrDetectionPreprocess,9,424.980159,54.036435
clean/before,2609.04203v1.pdf,OcrOrientationInference,287,1232.9116519999995,141.053422
clean/before,2609.04203v1.pdf,OcrQueue,592,18395.47145199998,3030.073652
clean/before,2609.04203v1.pdf,OcrReadback,583,501.5242470000003,5.961412999999999
clean/before,2609.04203v1.pdf,OcrRecognitionInference,287,4012.195178,425.604855
clean/before,2609.04203v1.pdf,OcrRecognitionPreprocess,574,77.11016800000002,1.5895849999999998
clean/before,2609.04203v1.pdf,ParseTotal,1,8264.435822,8264.435822
clean/before,2609.04203v1.pdf,PdfOpen,1,0.7028829999999999,0.7028829999999999
clean/before,2609.04203v1.pdf,PdfRender,20,762.0679960000001,220.462233
clean/before,2609.04203v1.pdf,PdfiumQueue,1,0.003656,0.003656
clean/before,2609.04203v1.pdf,TableExternal,1,370.580648,370.580648
clean/before,2609.04203v1.pdf,TableFill,1,5.247321,5.247321
clean/before,2609.04203v1.pdf,TableRules,19,10.392976,1.340701
clean/before,2609.04203v1.pdf,TextExtract,20,492.74846899999994,113.198328
clean/before,2609.04203v1.pdf,TextFinish,40,635.167372,60.434136
clean/before,2609.04203v1.pdf,TextPrepare,20,2.230886,0.27326199999999995
clean/before,2609.04203v1.pdf,TsrInference,1,366.747165,366.747165
clean/before,2609.04203v1.pdf,TsrPostprocess,1,0.183933,0.183933
clean/before,2609.04203v1.pdf,TsrPreprocess,1,3.02024,3.02024
clean/before,2609.04203v1.pdf,TsrQueue,1,0.25429199999999996,0.25429199999999996
heuristic/batch-1,2403.01632v4.pdf,DocumentContext,1,2.435706,2.435706
heuristic/batch-1,2403.01632v4.pdf,LayoutInference,47,5135.4007390000015,236.37087100000002
heuristic/batch-1,2403.01632v4.pdf,LayoutPostprocess,47,0.7530850000000001,0.07332499999999999
heuristic/batch-1,2403.01632v4.pdf,LayoutPreprocess,47,872.7030119999998,26.167099
heuristic/batch-1,2403.01632v4.pdf,LayoutQueue,47,11836.302598999999,561.2246600000001
heuristic/batch-1,2403.01632v4.pdf,LayoutReadback,47,0.171897,0.00553
heuristic/batch-1,2403.01632v4.pdf,LinkValidate,1,13.21547,13.21547
heuristic/batch-1,2403.01632v4.pdf,Ocr,13,100819.30039699998,12758.492108
heuristic/batch-1,2403.01632v4.pdf,OcrDecode,417,1.9912510000000014,0.019492
heuristic/batch-1,2403.01632v4.pdf,OcrDetectionInference,13,2370.0417740000003,230.21122799999998
heuristic/batch-1,2403.01632v4.pdf,OcrDetectionPostprocess,13,138.151719,22.055156
heuristic/batch-1,2403.01632v4.pdf,OcrDetectionPreprocess,13,597.975787,65.082362
heuristic/batch-1,2403.01632v4.pdf,OcrOrientationInference,417,2528.8206220000025,130.268976
heuristic/batch-1,2403.01632v4.pdf,OcrQueue,860,78683.57599500002,9579.027917
heuristic/batch-1,2403.01632v4.pdf,OcrReadback,847,1107.7891410000007,11.018006999999999
heuristic/batch-1,2403.01632v4.pdf,OcrRecognitionInference,417,14740.317609999995,804.418866
heuristic/batch-1,2403.01632v4.pdf,OcrRecognitionPreprocess,834,397.98546600000026,3.236091
heuristic/batch-1,2403.01632v4.pdf,ParseTotal,1,29142.603244,29142.603244
heuristic/batch-1,2403.01632v4.pdf,PdfOpen,1,0.526879,0.526879
heuristic/batch-1,2403.01632v4.pdf,PdfRender,47,755.9022710000002,55.109424
heuristic/batch-1,2403.01632v4.pdf,PdfiumQueue,1,0.000248,0.000248
heuristic/batch-1,2403.01632v4.pdf,TableRules,7,3.4801590000000004,0.7773329999999999
heuristic/batch-1,2403.01632v4.pdf,TextExtract,47,486.14464199999986,14.484371
heuristic/batch-1,2403.01632v4.pdf,TextFinish,94,628.537197,27.626634
heuristic/batch-1,2403.01632v4.pdf,TextPrepare,47,3.1002839999999994,0.148859
heuristic/batch-1,2303.18223v16.pdf,DocumentContext,1,19.604574,19.604574
heuristic/batch-1,2303.18223v16.pdf,LayoutInference,144,13034.349559000002,292.633323
heuristic/batch-1,2303.18223v16.pdf,LayoutPostprocess,144,2.043005,0.041563
heuristic/batch-1,2303.18223v16.pdf,LayoutPreprocess,144,2979.543055999999,42.370177000000005
heuristic/batch-1,2303.18223v16.pdf,LayoutQueue,144,22333.922136000016,579.037315
heuristic/batch-1,2303.18223v16.pdf,LayoutReadback,144,0.5942260000000003,0.013729
heuristic/batch-1,2303.18223v16.pdf,LinkValidate,1,69.063053,69.063053
heuristic/batch-1,2303.18223v16.pdf,Ocr,16,158871.993241,14976.743296
heuristic/batch-1,2303.18223v16.pdf,OcrDecode,717,2.8640409999999976,0.108199
heuristic/batch-1,2303.18223v16.pdf,OcrDetectionInference,16,2801.6888179999996,285.184194
heuristic/batch-1,2303.18223v16.pdf,OcrDetectionPostprocess,16,272.314186,23.539191000000002
heuristic/batch-1,2303.18223v16.pdf,OcrDetectionPreprocess,16,718.3806010000002,51.909708
heuristic/batch-1,2303.18223v16.pdf,OcrOrientationInference,717,3030.452008999999,162.30729
heuristic/batch-1,2303.18223v16.pdf,OcrQueue,1466,133444.65884800014,12832.126586999999
heuristic/batch-1,2303.18223v16.pdf,OcrReadback,1450,1253.1979360000003,8.483694
heuristic/batch-1,2303.18223v16.pdf,OcrRecognitionInference,717,16501.645368000005,536.46343
heuristic/batch-1,2303.18223v16.pdf,OcrRecognitionPreprocess,1434,435.0376269999996,2.135752
heuristic/batch-1,2303.18223v16.pdf,ParseTotal,1,48917.333412,48917.333412
heuristic/batch-1,2303.18223v16.pdf,PdfOpen,1,0.770135,0.770135
heuristic/batch-1,2303.18223v16.pdf,PdfRender,144,2373.5783399999978,90.60466100000001
heuristic/batch-1,2303.18223v16.pdf,PdfiumQueue,1,0.002628,0.002628
heuristic/batch-1,2303.18223v16.pdf,TableExternal,1,1821.809768,1821.809768
heuristic/batch-1,2303.18223v16.pdf,TableFill,1,1.684412,1.684412
heuristic/batch-1,2303.18223v16.pdf,TableRules,24,39.72075400000001,4.613103000000001
heuristic/batch-1,2303.18223v16.pdf,TextExtract,144,2555.293895999999,25.983466
heuristic/batch-1,2303.18223v16.pdf,TextFinish,288,5743.738036999998,133.201722
heuristic/batch-1,2303.18223v16.pdf,TextPrepare,144,16.731606,0.32653
heuristic/batch-1,2303.18223v16.pdf,TsrInference,5,1811.6758129999998,1543.751697
heuristic/batch-1,2303.18223v16.pdf,TsrPostprocess,5,0.21337200000000003,0.084246
heuristic/batch-1,2303.18223v16.pdf,TsrPreprocess,5,6.036792,1.875153
heuristic/batch-1,2303.18223v16.pdf,TsrQueue,5,0.732122,0.243508
heuristic/batch-1,2410.05779v3.pdf,DocumentContext,1,1.018257,1.018257
heuristic/batch-1,2410.05779v3.pdf,LayoutInference,16,1445.9025000000001,108.874844
heuristic/batch-1,2410.05779v3.pdf,LayoutPostprocess,16,0.18258799999999997,0.025129
heuristic/batch-1,2410.05779v3.pdf,LayoutPreprocess,16,315.390605,24.704894000000003
heuristic/batch-1,2410.05779v3.pdf,LayoutQueue,16,3354.143648,267.134434
heuristic/batch-1,2410.05779v3.pdf,LayoutReadback,16,0.09869900000000001,0.011358
heuristic/batch-1,2410.05779v3.pdf,LinkValidate,1,4.102069,4.102069
heuristic/batch-1,2410.05779v3.pdf,Ocr,5,65882.424245,16701.673172
heuristic/batch-1,2410.05779v3.pdf,OcrDecode,291,2.0404340000000003,0.167768
heuristic/batch-1,2410.05779v3.pdf,OcrDetectionInference,5,705.395333,197.917173
heuristic/batch-1,2410.05779v3.pdf,OcrDetectionPostprocess,5,48.58516,13.662231
heuristic/batch-1,2410.05779v3.pdf,OcrDetectionPreprocess,5,233.111896,53.686847
heuristic/batch-1,2410.05779v3.pdf,OcrOrientationInference,291,993.963493,120.125117
heuristic/batch-1,2410.05779v3.pdf,OcrQueue,592,48992.370490000016,11993.193938999999
heuristic/batch-1,2410.05779v3.pdf,OcrReadback,587,1585.0670000000005,15.113635
heuristic/batch-1,2410.05779v3.pdf,OcrRecognitionInference,291,12640.239588999984,402.882758
heuristic/batch-1,2410.05779v3.pdf,OcrRecognitionPreprocess,582,507.7010410000002,4.567431
heuristic/batch-1,2410.05779v3.pdf,ParseTotal,1,23440.549099,23440.549099
heuristic/batch-1,2410.05779v3.pdf,PdfOpen,1,0.25897000000000003,0.25897000000000003
heuristic/batch-1,2410.05779v3.pdf,PdfRender,16,287.870292,27.83538
heuristic/batch-1,2410.05779v3.pdf,PdfiumQueue,1,0.0041659999999999996,0.0041659999999999996
heuristic/batch-1,2410.05779v3.pdf,TableRules,6,11.000049,3.5536130000000004
heuristic/batch-1,2410.05779v3.pdf,TextExtract,16,159.218211,17.044088
heuristic/batch-1,2410.05779v3.pdf,TextFinish,32,168.30651,29.294839
heuristic/batch-1,2410.05779v3.pdf,TextPrepare,16,0.8540399999999999,0.10256799999999999
heuristic/batch-1,2412.05210v1.pdf,DocumentContext,1,29.877367,29.877367
heuristic/batch-1,2412.05210v1.pdf,LayoutInference,12,1011.305388,133.112687
heuristic/batch-1,2412.05210v1.pdf,LayoutPostprocess,12,0.142069,0.028161
heuristic/batch-1,2412.05210v1.pdf,LayoutPreprocess,12,241.623204,23.782428000000003
heuristic/batch-1,2412.05210v1.pdf,LayoutQueue,12,1537.156667,242.62106
heuristic/batch-1,2412.05210v1.pdf,LayoutReadback,12,0.170321,0.024459
heuristic/batch-1,2412.05210v1.pdf,LinkValidate,1,8.036655,8.036655
heuristic/batch-1,2412.05210v1.pdf,Ocr,6,47999.198329,13451.75819
heuristic/batch-1,2412.05210v1.pdf,OcrDecode,439,2.225367000000001,0.132622
heuristic/batch-1,2412.05210v1.pdf,OcrDetectionInference,6,1361.114156,653.0033520000001
heuristic/batch-1,2412.05210v1.pdf,OcrDetectionPostprocess,6,95.610547,23.867646
heuristic/batch-1,2412.05210v1.pdf,OcrDetectionPreprocess,6,302.784565,57.117968
heuristic/batch-1,2412.05210v1.pdf,OcrOrientationInference,439,743.1548939999999,48.488152
heuristic/batch-1,2412.05210v1.pdf,OcrQueue,890,34795.14931900001,8642.029922000002
heuristic/batch-1,2412.05210v1.pdf,OcrReadback,884,1049.607549,7.239777
heuristic/batch-1,2412.05210v1.pdf,OcrRecognitionInference,439,9016.352828,280.951009
heuristic/batch-1,2412.05210v1.pdf,OcrRecognitionPreprocess,878,386.94900200000035,2.153515
heuristic/batch-1,2412.05210v1.pdf,ParseTotal,1,18649.00748,18649.00748
heuristic/batch-1,2412.05210v1.pdf,PdfOpen,1,0.46193599999999996,0.46193599999999996
heuristic/batch-1,2412.05210v1.pdf,PdfRender,12,324.43773,75.59488
heuristic/batch-1,2412.05210v1.pdf,PdfiumQueue,1,0.0033220000000000003,0.0033220000000000003
heuristic/batch-1,2412.05210v1.pdf,TableRules,4,18.944156,9.761949000000001
heuristic/batch-1,2412.05210v1.pdf,TextExtract,12,214.23820200000003,28.635479
heuristic/batch-1,2412.05210v1.pdf,TextFinish,24,532.5827019999999,255.651419
heuristic/batch-1,2412.05210v1.pdf,TextPrepare,12,1.294496,0.222656
heuristic/batch-1,2604.18583v1.pdf,DocumentContext,1,1.400326,1.400326
heuristic/batch-1,2604.18583v1.pdf,LayoutInference,15,1318.8137179999999,155.266026
heuristic/batch-1,2604.18583v1.pdf,LayoutPostprocess,15,0.281829,0.064799
heuristic/batch-1,2604.18583v1.pdf,LayoutPreprocess,15,326.34085899999997,30.598729000000002
heuristic/batch-1,2604.18583v1.pdf,LayoutQueue,15,893.736257,192.908221
heuristic/batch-1,2604.18583v1.pdf,LayoutReadback,15,0.11141899999999999,0.019494
heuristic/batch-1,2604.18583v1.pdf,LinkValidate,1,6.111631999999999,6.111631999999999
heuristic/batch-1,2604.18583v1.pdf,Ocr,8,42546.910204,8215.136715
heuristic/batch-1,2604.18583v1.pdf,OcrDecode,100,0.34012499999999996,0.00992
heuristic/batch-1,2604.18583v1.pdf,OcrDetectionInference,8,1127.3949929999999,196.218372
heuristic/batch-1,2604.18583v1.pdf,OcrDetectionPostprocess,8,116.110828,20.698361
heuristic/batch-1,2604.18583v1.pdf,OcrDetectionPreprocess,8,385.665772,58.317247
heuristic/batch-1,2604.18583v1.pdf,OcrOrientationInference,100,171.84533499999998,3.739903
heuristic/batch-1,2604.18583v1.pdf,OcrQueue,216,39190.833908999986,7922.1753770000005
heuristic/batch-1,2604.18583v1.pdf,OcrReadback,208,201.580769,11.083966
heuristic/batch-1,2604.18583v1.pdf,OcrRecognitionInference,100,1219.1727680000006,41.792003
heuristic/batch-1,2604.18583v1.pdf,OcrRecognitionPreprocess,200,73.64152500000002,2.3251209999999998
heuristic/batch-1,2604.18583v1.pdf,ParseTotal,1,11875.07465,11875.07465
heuristic/batch-1,2604.18583v1.pdf,PdfOpen,1,0.465223,0.465223
heuristic/batch-1,2604.18583v1.pdf,PdfRender,15,1667.220554,637.263528
heuristic/batch-1,2604.18583v1.pdf,PdfiumQueue,1,0.006146,0.006146
heuristic/batch-1,2604.18583v1.pdf,TableRules,2,1.778641,1.0593169999999998
heuristic/batch-1,2604.18583v1.pdf,TextExtract,15,242.57205199999999,34.037256
heuristic/batch-1,2604.18583v1.pdf,TextFinish,30,521.2015580000002,186.140219
heuristic/batch-1,2604.18583v1.pdf,TextPrepare,15,1.538225,0.251738
heuristic/batch-1,2603.01919v2.pdf,DocumentContext,1,2.318515,2.318515
heuristic/batch-1,2603.01919v2.pdf,LayoutInference,23,2059.705809,287.589242
heuristic/batch-1,2603.01919v2.pdf,LayoutPostprocess,23,0.3434360000000001,0.034808000000000006
heuristic/batch-1,2603.01919v2.pdf,LayoutPreprocess,23,508.98609899999997,27.228107
heuristic/batch-1,2603.01919v2.pdf,LayoutQueue,23,3560.9313189999993,313.15027299999997
heuristic/batch-1,2603.01919v2.pdf,LayoutReadback,23,0.15601699999999996,0.014326
heuristic/batch-1,2603.01919v2.pdf,LinkValidate,1,20.948154,20.948154
heuristic/batch-1,2603.01919v2.pdf,Ocr,10,94736.040015,13671.38236
heuristic/batch-1,2603.01919v2.pdf,OcrDecode,1101,3.9498930000000003,0.107293
heuristic/batch-1,2603.01919v2.pdf,OcrDetectionInference,10,1350.8740750000002,167.64853599999998
heuristic/batch-1,2603.01919v2.pdf,OcrDetectionPostprocess,10,140.15885500000002,19.866933
heuristic/batch-1,2603.01919v2.pdf,OcrDetectionPreprocess,10,501.37357699999995,61.514233000000004
heuristic/batch-1,2603.01919v2.pdf,OcrOrientationInference,1101,3362.592098999999,158.649909
heuristic/batch-1,2603.01919v2.pdf,OcrQueue,2222,70816.46772900016,7138.559267
heuristic/batch-1,2603.01919v2.pdf,OcrReadback,2212,1845.703287999996,14.376392
heuristic/batch-1,2603.01919v2.pdf,OcrRecognitionInference,1101,15474.896742000026,341.521419
heuristic/batch-1,2603.01919v2.pdf,OcrRecognitionPreprocess,2202,647.5711209999985,4.439905
heuristic/batch-1,2603.01919v2.pdf,ParseTotal,1,31080.029684,31080.029684
heuristic/batch-1,2603.01919v2.pdf,PdfOpen,1,0.525566,0.525566
heuristic/batch-1,2603.01919v2.pdf,PdfRender,23,767.2242039999999,126.63801699999999
heuristic/batch-1,2603.01919v2.pdf,PdfiumQueue,1,0.00341,0.00341
heuristic/batch-1,2603.01919v2.pdf,TableExternal,1,1207.130693,1207.130693
heuristic/batch-1,2603.01919v2.pdf,TableFill,1,0.289803,0.289803
heuristic/batch-1,2603.01919v2.pdf,TableRules,18,24.590785,4.637457
heuristic/batch-1,2603.01919v2.pdf,TextExtract,23,405.85248999999993,49.845638
heuristic/batch-1,2603.01919v2.pdf,TextFinish,46,565.0764140000002,79.203201
heuristic/batch-1,2603.01919v2.pdf,TextPrepare,23,1.835716,0.17668299999999998
heuristic/batch-1,2603.01919v2.pdf,TsrInference,3,1201.413122,1079.715367
heuristic/batch-1,2603.01919v2.pdf,TsrPostprocess,3,0.29338200000000003,0.193363
heuristic/batch-1,2603.01919v2.pdf,TsrPreprocess,3,4.096351,2.1500920000000003
heuristic/batch-1,2603.01919v2.pdf,TsrQueue,3,0.439084,0.235148
heuristic/batch-1,2604.21959v1.pdf,DocumentContext,1,0.210235,0.210235
heuristic/batch-1,2604.21959v1.pdf,LayoutInference,3,276.71837400000004,136.608842
heuristic/batch-1,2604.21959v1.pdf,LayoutPostprocess,3,0.050262,0.026647
heuristic/batch-1,2604.21959v1.pdf,LayoutPreprocess,3,68.41852,25.501625
heuristic/batch-1,2604.21959v1.pdf,LayoutQueue,3,284.345893,167.696361
heuristic/batch-1,2604.21959v1.pdf,LayoutReadback,3,0.020727000000000002,0.0075190000000000005
heuristic/batch-1,2604.21959v1.pdf,LinkValidate,1,0.51873,0.51873
heuristic/batch-1,2604.21959v1.pdf,Ocr,2,9969.967448,6585.361404
heuristic/batch-1,2604.21959v1.pdf,OcrDecode,87,0.386249,0.019198
heuristic/batch-1,2604.21959v1.pdf,OcrDetectionInference,2,384.282567,263.697121
heuristic/batch-1,2604.21959v1.pdf,OcrDetectionPostprocess,2,19.574644,10.851513
heuristic/batch-1,2604.21959v1.pdf,OcrDetectionPreprocess,2,106.682613,58.323344
heuristic/batch-1,2604.21959v1.pdf,OcrOrientationInference,87,121.32345600000004,3.278366
heuristic/batch-1,2604.21959v1.pdf,OcrQueue,178,7190.635547,3315.776829
heuristic/batch-1,2604.21959v1.pdf,OcrReadback,176,278.35268399999995,9.694007
heuristic/batch-1,2604.21959v1.pdf,OcrRecognitionInference,87,1726.780731,292.83279699999997
heuristic/batch-1,2604.21959v1.pdf,OcrRecognitionPreprocess,174,95.019118,3.340007
heuristic/batch-1,2604.21959v1.pdf,ParseTotal,1,6922.472782,6922.472782
heuristic/batch-1,2604.21959v1.pdf,PdfOpen,1,0.594981,0.594981
heuristic/batch-1,2604.21959v1.pdf,PdfRender,3,46.902004,19.718018999999998
heuristic/batch-1,2604.21959v1.pdf,PdfiumQueue,1,0.00415,0.00415
heuristic/batch-1,2604.21959v1.pdf,TextExtract,3,22.253454,11.093927
heuristic/batch-1,2604.21959v1.pdf,TextFinish,6,21.336895,12.496764
heuristic/batch-1,2604.21959v1.pdf,TextPrepare,3,0.14957199999999998,0.07436999999999999
heuristic/batch-1,2604.18584v1.pdf,DocumentContext,1,2.06126,2.06126
heuristic/batch-1,2604.18584v1.pdf,LayoutInference,32,3064.226174999999,193.081179
heuristic/batch-1,2604.18584v1.pdf,LayoutPostprocess,32,0.43498700000000007,0.046839000000000006
heuristic/batch-1,2604.18584v1.pdf,LayoutPreprocess,32,663.1974469999999,30.082834
heuristic/batch-1,2604.18584v1.pdf,LayoutQueue,32,4078.6195669999984,309.308697
heuristic/batch-1,2604.18584v1.pdf,LayoutReadback,32,0.29372299999999996,0.015469
heuristic/batch-1,2604.18584v1.pdf,LinkValidate,1,10.149875,10.149875
heuristic/batch-1,2604.18584v1.pdf,Ocr,13,104942.383214,22125.178143999998
heuristic/batch-1,2604.18584v1.pdf,OcrDecode,882,4.321030999999996,0.028880000000000003
heuristic/batch-1,2604.18584v1.pdf,OcrDetectionInference,13,2021.72152,206.462159
heuristic/batch-1,2604.18584v1.pdf,OcrDetectionPostprocess,13,126.375484,14.96714
heuristic/batch-1,2604.18584v1.pdf,OcrDetectionPreprocess,13,650.568701,81.825867
heuristic/batch-1,2604.18584v1.pdf,OcrOrientationInference,882,1681.5350520000009,128.967221
heuristic/batch-1,2604.18584v1.pdf,OcrQueue,1790,75085.63660799981,10227.507317000001
heuristic/batch-1,2604.18584v1.pdf,OcrReadback,1777,2398.3168549999996,10.608177999999999
heuristic/batch-1,2604.18584v1.pdf,OcrRecognitionInference,882,21644.393350000017,313.310336
heuristic/batch-1,2604.18584v1.pdf,OcrRecognitionPreprocess,1764,819.4092029999999,2.972425
heuristic/batch-1,2604.18584v1.pdf,ParseTotal,1,35595.429264000006,35595.429264000006
heuristic/batch-1,2604.18584v1.pdf,PdfOpen,1,0.551624,0.551624
heuristic/batch-1,2604.18584v1.pdf,PdfRender,32,606.0216610000002,98.883412
heuristic/batch-1,2604.18584v1.pdf,PdfiumQueue,1,0.003027,0.003027
heuristic/batch-1,2604.18584v1.pdf,TableExternal,2,731.5566180000001,395.87856500000004
heuristic/batch-1,2604.18584v1.pdf,TableFill,2,0.125913,0.10082
heuristic/batch-1,2604.18584v1.pdf,TableRules,18,30.748456,6.164671
heuristic/batch-1,2604.18584v1.pdf,TextExtract,32,301.9360329999999,17.279463
heuristic/batch-1,2604.18584v1.pdf,TextFinish,64,486.0573299999999,50.881280000000004
heuristic/batch-1,2604.18584v1.pdf,TextPrepare,32,1.932811,0.152114
heuristic/batch-1,2604.18584v1.pdf,TsrInference,2,727.4627059999999,392.92803999999995
heuristic/batch-1,2604.18584v1.pdf,TsrPostprocess,2,0.07323199999999999,0.050286
heuristic/batch-1,2604.18584v1.pdf,TsrPreprocess,2,3.0680940000000003,2.419493
heuristic/batch-1,2604.18584v1.pdf,TsrQueue,2,0.335978,0.170431
heuristic/batch-1,2606.17056v1.pdf,DocumentContext,1,4.237294,4.237294
heuristic/batch-1,2606.17056v1.pdf,LayoutInference,25,2639.8947690000005,200.572203
heuristic/batch-1,2606.17056v1.pdf,LayoutPostprocess,25,0.26514899999999997,0.040542
heuristic/batch-1,2606.17056v1.pdf,LayoutPreprocess,25,538.6543190000001,30.060505000000003
heuristic/batch-1,2606.17056v1.pdf,LayoutQueue,25,3037.0058190000004,479.079623
heuristic/batch-1,2606.17056v1.pdf,LayoutReadback,25,0.194338,0.012178
heuristic/batch-1,2606.17056v1.pdf,LinkValidate,1,5.837181999999999,5.837181999999999
heuristic/batch-1,2606.17056v1.pdf,Ocr,15,144621.547381,18671.176890000002
heuristic/batch-1,2606.17056v1.pdf,OcrDecode,831,2.835161000000001,0.017686999999999998
heuristic/batch-1,2606.17056v1.pdf,OcrDetectionInference,15,2400.0424110000004,239.396998
heuristic/batch-1,2606.17056v1.pdf,OcrDetectionPostprocess,15,168.234484,17.809506
heuristic/batch-1,2606.17056v1.pdf,OcrDetectionPreprocess,15,698.4284440000001,66.468867
heuristic/batch-1,2606.17056v1.pdf,OcrOrientationInference,831,2566.084117000003,127.53653100000001
heuristic/batch-1,2606.17056v1.pdf,OcrQueue,1692,123735.28580999981,15906.604774
heuristic/batch-1,2606.17056v1.pdf,OcrReadback,1677,1458.5598910000006,11.501799
heuristic/batch-1,2606.17056v1.pdf,OcrRecognitionInference,831,12630.608633999997,321.188077
heuristic/batch-1,2606.17056v1.pdf,OcrRecognitionPreprocess,1662,511.1276680000006,3.3409389999999997
heuristic/batch-1,2606.17056v1.pdf,ParseTotal,1,40860.565959,40860.565959
heuristic/batch-1,2606.17056v1.pdf,PdfOpen,1,0.540242,0.540242
heuristic/batch-1,2606.17056v1.pdf,PdfRender,25,390.70843400000007,25.399966
heuristic/batch-1,2606.17056v1.pdf,PdfiumQueue,1,0.003218,0.003218
heuristic/batch-1,2606.17056v1.pdf,TableRules,4,3.871635,1.477395
heuristic/batch-1,2606.17056v1.pdf,TextExtract,25,263.908585,16.372291
heuristic/batch-1,2606.17056v1.pdf,TextFinish,50,233.229406,20.75766
heuristic/batch-1,2606.17056v1.pdf,TextPrepare,25,1.4671290000000003,0.12529300000000002
heuristic/batch-1,2609.04180v1.pdf,DocumentContext,1,2.1957940000000002,2.1957940000000002
heuristic/batch-1,2609.04180v1.pdf,LayoutInference,23,2030.3850830000006,155.882976
heuristic/batch-1,2609.04180v1.pdf,LayoutPostprocess,23,0.272022,0.043727999999999996
heuristic/batch-1,2609.04180v1.pdf,LayoutPreprocess,23,520.64706,32.181929
heuristic/batch-1,2609.04180v1.pdf,LayoutQueue,23,4518.487778999999,436.24273600000004
heuristic/batch-1,2609.04180v1.pdf,LayoutReadback,23,0.168084,0.012905
heuristic/batch-1,2609.04180v1.pdf,LinkValidate,1,10.093095,10.093095
heuristic/batch-1,2609.04180v1.pdf,Ocr,9,63412.46346199999,15696.447552
heuristic/batch-1,2609.04180v1.pdf,OcrDecode,755,2.8004800000000016,0.06295999999999999
heuristic/batch-1,2609.04180v1.pdf,OcrDetectionInference,9,1584.635502,261.01005599999996
heuristic/batch-1,2609.04180v1.pdf,OcrDetectionPostprocess,9,118.54966599999999,16.824768
heuristic/batch-1,2609.04180v1.pdf,OcrDetectionPreprocess,9,480.213239,72.579698
heuristic/batch-1,2609.04180v1.pdf,OcrOrientationInference,755,1980.5596169999988,65.19612599999999
heuristic/batch-1,2609.04180v1.pdf,OcrQueue,1528,47934.08427000006,8842.761568
heuristic/batch-1,2609.04180v1.pdf,OcrReadback,1519,1434.4690690000004,13.447379
heuristic/batch-1,2609.04180v1.pdf,OcrRecognitionInference,755,8998.967034000005,272.762748
heuristic/batch-1,2609.04180v1.pdf,OcrRecognitionPreprocess,1510,477.2422880000003,3.576362
heuristic/batch-1,2609.04180v1.pdf,ParseTotal,1,21218.700106,21218.700106
heuristic/batch-1,2609.04180v1.pdf,PdfOpen,1,0.744168,0.744168
heuristic/batch-1,2609.04180v1.pdf,PdfRender,23,465.133838,43.970013
heuristic/batch-1,2609.04180v1.pdf,PdfiumQueue,1,0.00353,0.00353
heuristic/batch-1,2609.04180v1.pdf,TableRules,12,6.273217999999999,0.998283
heuristic/batch-1,2609.04180v1.pdf,TextExtract,23,317.173661,26.984992
heuristic/batch-1,2609.04180v1.pdf,TextFinish,46,372.849889,28.773126
heuristic/batch-1,2609.04180v1.pdf,TextPrepare,23,1.7519649999999998,0.134305
heuristic/batch-1,2609.04184v1.pdf,DocumentContext,1,0.952679,0.952679
heuristic/batch-1,2609.04184v1.pdf,LayoutInference,8,573.229657,79.436144
heuristic/batch-1,2609.04184v1.pdf,LayoutPostprocess,8,0.10485899999999998,0.025407
heuristic/batch-1,2609.04184v1.pdf,LayoutPreprocess,8,180.190333,27.193381
heuristic/batch-1,2609.04184v1.pdf,LayoutQueue,8,1047.270876,191.31248200000002
heuristic/batch-1,2609.04184v1.pdf,LayoutReadback,8,0.038931,0.008620999999999998
heuristic/batch-1,2609.04184v1.pdf,LinkValidate,1,5.239331,5.239331
heuristic/batch-1,2609.04184v1.pdf,Ocr,5,28759.684905,7571.509821000001
heuristic/batch-1,2609.04184v1.pdf,OcrDecode,239,0.9286189999999998,0.013434
heuristic/batch-1,2609.04184v1.pdf,OcrDetectionInference,5,640.8215650000001,178.168556
heuristic/batch-1,2609.04184v1.pdf,OcrDetectionPostprocess,5,77.653592,18.130889
heuristic/batch-1,2609.04184v1.pdf,OcrDetectionPreprocess,5,230.07303299999998,54.159977
heuristic/batch-1,2609.04184v1.pdf,OcrOrientationInference,239,521.9172450000001,53.340426
heuristic/batch-1,2609.04184v1.pdf,OcrQueue,488,22800.715051000003,5922.589543
heuristic/batch-1,2609.04184v1.pdf,OcrReadback,483,419.36472100000003,4.6309439999999995
heuristic/batch-1,2609.04184v1.pdf,OcrRecognitionInference,239,3783.017967,272.378859
heuristic/batch-1,2609.04184v1.pdf,OcrRecognitionPreprocess,478,150.594379,0.9628990000000001
heuristic/batch-1,2609.04184v1.pdf,ParseTotal,1,8497.071258,8497.071258
heuristic/batch-1,2609.04184v1.pdf,PdfOpen,1,0.856986,0.856986
heuristic/batch-1,2609.04184v1.pdf,PdfRender,8,174.452197,33.736887
heuristic/batch-1,2609.04184v1.pdf,PdfiumQueue,1,0.016981,0.016981
heuristic/batch-1,2609.04184v1.pdf,TableExternal,1,162.836952,162.836952
heuristic/batch-1,2609.04184v1.pdf,TableFill,1,0.5936589999999999,0.5936589999999999
heuristic/batch-1,2609.04184v1.pdf,TableRules,7,3.348383,0.771779
heuristic/batch-1,2609.04184v1.pdf,TextExtract,8,143.50167599999997,25.004878
heuristic/batch-1,2609.04184v1.pdf,TextFinish,16,250.72199799999999,68.906141
heuristic/batch-1,2609.04184v1.pdf,TextPrepare,8,0.885117,0.145285
heuristic/batch-1,2609.04184v1.pdf,TsrInference,1,160.899611,160.899611
heuristic/batch-1,2609.04184v1.pdf,TsrPostprocess,1,0.048901,0.048901
heuristic/batch-1,2609.04184v1.pdf,TsrPreprocess,1,1.39812,1.39812
heuristic/batch-1,2609.04184v1.pdf,TsrQueue,1,0.203679,0.203679
heuristic/batch-1,2609.04203v1.pdf,DocumentContext,1,2.14009,2.14009
heuristic/batch-1,2609.04203v1.pdf,LayoutInference,20,1987.4866660000002,236.13917600000002
heuristic/batch-1,2609.04203v1.pdf,LayoutPostprocess,20,0.3453859999999999,0.0405
heuristic/batch-1,2609.04203v1.pdf,LayoutPreprocess,20,422.8958360000001,29.801543
heuristic/batch-1,2609.04203v1.pdf,LayoutQueue,20,2148.7067079999997,265.820671
heuristic/batch-1,2609.04203v1.pdf,LayoutReadback,20,0.10685899999999998,0.009655
heuristic/batch-1,2609.04203v1.pdf,LinkValidate,1,10.116119999999999,10.116119999999999
heuristic/batch-1,2609.04203v1.pdf,Ocr,9,26008.229412,5614.515788000001
heuristic/batch-1,2609.04203v1.pdf,OcrDecode,287,0.8390899999999999,0.015999
heuristic/batch-1,2609.04203v1.pdf,OcrDetectionInference,9,1283.8709349999997,167.048026
heuristic/batch-1,2609.04203v1.pdf,OcrDetectionPostprocess,9,150.146223,20.454445000000003
heuristic/batch-1,2609.04203v1.pdf,OcrDetectionPreprocess,9,451.41921899999994,72.057658
heuristic/batch-1,2609.04203v1.pdf,OcrOrientationInference,287,925.2914630000007,112.057039
heuristic/batch-1,2609.04203v1.pdf,OcrQueue,592,18892.10975700001,3281.378765
heuristic/batch-1,2609.04203v1.pdf,OcrReadback,583,482.48164899999966,5.3908949999999995
heuristic/batch-1,2609.04203v1.pdf,OcrRecognitionInference,287,3517.3320209999974,408.800657
heuristic/batch-1,2609.04203v1.pdf,OcrRecognitionPreprocess,574,160.10741299999995,1.5929410000000002
heuristic/batch-1,2609.04203v1.pdf,ParseTotal,1,8143.36394,8143.36394
heuristic/batch-1,2609.04203v1.pdf,PdfOpen,1,0.654867,0.654867
heuristic/batch-1,2609.04203v1.pdf,PdfRender,20,736.3637259999999,214.024667
heuristic/batch-1,2609.04203v1.pdf,PdfiumQueue,1,0.007459,0.007459
heuristic/batch-1,2609.04203v1.pdf,TableExternal,1,437.46065600000003,437.46065600000003
heuristic/batch-1,2609.04203v1.pdf,TableFill,1,6.512963,6.512963
heuristic/batch-1,2609.04203v1.pdf,TableRules,19,10.067917,1.451986
heuristic/batch-1,2609.04203v1.pdf,TextExtract,20,473.53028499999994,115.446111
heuristic/batch-1,2609.04203v1.pdf,TextFinish,40,602.15001,68.182042
heuristic/batch-1,2609.04203v1.pdf,TextPrepare,20,2.170443,0.20951499999999998
heuristic/batch-1,2609.04203v1.pdf,TsrInference,1,435.05428,435.05428
heuristic/batch-1,2609.04203v1.pdf,TsrPostprocess,1,0.189291,0.189291
heuristic/batch-1,2609.04203v1.pdf,TsrPreprocess,1,1.950877,1.950877
heuristic/batch-1,2609.04203v1.pdf,TsrQueue,1,0.075115,0.075115
heuristic/batch-16,2403.01632v4.pdf,DocumentContext,1,2.956745,2.956745
heuristic/batch-16,2403.01632v4.pdf,LayoutInference,47,5220.677084999998,320.214505
heuristic/batch-16,2403.01632v4.pdf,LayoutPostprocess,47,0.5960120000000001,0.036634999999999994
heuristic/batch-16,2403.01632v4.pdf,LayoutPreprocess,47,1026.972373,36.409821
heuristic/batch-16,2403.01632v4.pdf,LayoutQueue,47,10320.509230999996,530.046872
heuristic/batch-16,2403.01632v4.pdf,LayoutReadback,47,0.19846799999999995,0.009481
heuristic/batch-16,2403.01632v4.pdf,LinkValidate,1,27.050111,27.050111
heuristic/batch-16,2403.01632v4.pdf,Ocr,13,90643.15635399999,12514.648462000001
heuristic/batch-16,2403.01632v4.pdf,OcrDecode,417,1.667751,0.050882
heuristic/batch-16,2403.01632v4.pdf,OcrDetectionInference,13,2436.055166,231.449815
heuristic/batch-16,2403.01632v4.pdf,OcrDetectionPostprocess,13,139.170949,16.347009999999997
heuristic/batch-16,2403.01632v4.pdf,OcrDetectionPreprocess,13,639.075937,59.002776
heuristic/batch-16,2403.01632v4.pdf,OcrOrientationInference,197,4330.778053999994,471.388839
heuristic/batch-16,2403.01632v4.pdf,OcrQueue,420,67364.86216800002,8650.419898999999
heuristic/batch-16,2403.01632v4.pdf,OcrReadback,407,1205.3551930000008,27.058248
heuristic/batch-16,2403.01632v4.pdf,OcrRecognitionInference,197,14001.324646,599.472658
heuristic/batch-16,2403.01632v4.pdf,OcrRecognitionPreprocess,394,394.96167399999996,4.976348000000001
heuristic/batch-16,2403.01632v4.pdf,ParseTotal,1,25891.669275,25891.669275
heuristic/batch-16,2403.01632v4.pdf,PdfOpen,1,0.448185,0.448185
heuristic/batch-16,2403.01632v4.pdf,PdfRender,47,846.151579,67.426467
heuristic/batch-16,2403.01632v4.pdf,PdfiumQueue,1,0.000494,0.000494
heuristic/batch-16,2403.01632v4.pdf,TableRules,7,4.002711,1.254327
heuristic/batch-16,2403.01632v4.pdf,TextExtract,47,586.2537219999999,22.331125
heuristic/batch-16,2403.01632v4.pdf,TextFinish,94,722.6405299999998,34.191297000000006
heuristic/batch-16,2403.01632v4.pdf,TextPrepare,47,3.168761000000001,0.13004100000000002
heuristic/batch-16,2303.18223v16.pdf,DocumentContext,1,13.870667,13.870667
heuristic/batch-16,2303.18223v16.pdf,LayoutInference,144,13406.917955,230.532811
heuristic/batch-16,2303.18223v16.pdf,LayoutPostprocess,144,1.9524710000000003,0.037387
heuristic/batch-16,2303.18223v16.pdf,LayoutPreprocess,144,3215.0725170000005,36.173588
heuristic/batch-16,2303.18223v16.pdf,LayoutQueue,144,22810.547687999984,545.636251
heuristic/batch-16,2303.18223v16.pdf,LayoutReadback,144,0.6297629999999999,0.014086
heuristic/batch-16,2303.18223v16.pdf,LinkValidate,1,116.4256,116.4256
heuristic/batch-16,2303.18223v16.pdf,Ocr,16,136402.289052,15178.51525
heuristic/batch-16,2303.18223v16.pdf,OcrDecode,717,1.8343200000000015,0.033437
heuristic/batch-16,2303.18223v16.pdf,OcrDetectionInference,16,2579.8652870000005,221.32857
heuristic/batch-16,2303.18223v16.pdf,OcrDetectionPostprocess,16,289.77267,22.491004
heuristic/batch-16,2303.18223v16.pdf,OcrDetectionPreprocess,16,764.464653,57.957611
heuristic/batch-16,2303.18223v16.pdf,OcrOrientationInference,202,5311.405950000001,304.159077
heuristic/batch-16,2303.18223v16.pdf,OcrQueue,436,109096.86507999999,12637.824965
heuristic/batch-16,2303.18223v16.pdf,OcrReadback,420,1329.5842379999983,25.88425
heuristic/batch-16,2303.18223v16.pdf,OcrRecognitionInference,202,16475.972402,643.109738
heuristic/batch-16,2303.18223v16.pdf,OcrRecognitionPreprocess,404,415.6497720000003,6.6432080000000004
heuristic/batch-16,2303.18223v16.pdf,ParseTotal,1,45286.865568,45286.865568
heuristic/batch-16,2303.18223v16.pdf,PdfOpen,1,0.610782,0.610782
heuristic/batch-16,2303.18223v16.pdf,PdfRender,144,2556.949486,102.828744
heuristic/batch-16,2303.18223v16.pdf,PdfiumQueue,1,0.003226,0.003226
heuristic/batch-16,2303.18223v16.pdf,TableExternal,1,1223.59143,1223.59143
heuristic/batch-16,2303.18223v16.pdf,TableFill,1,3.344479,3.344479
heuristic/batch-16,2303.18223v16.pdf,TableRules,24,47.56843499999999,6.761686
heuristic/batch-16,2303.18223v16.pdf,TextExtract,144,2907.610846,31.875607
heuristic/batch-16,2303.18223v16.pdf,TextFinish,288,6272.925046,146.463274
heuristic/batch-16,2303.18223v16.pdf,TextPrepare,144,17.357378,0.40491499999999997
heuristic/batch-16,2303.18223v16.pdf,TsrInference,5,1211.70164,984.2473739999999
heuristic/batch-16,2303.18223v16.pdf,TsrPostprocess,5,0.281119,0.139729
heuristic/batch-16,2303.18223v16.pdf,TsrPreprocess,5,7.7540700000000005,3.540769
heuristic/batch-16,2303.18223v16.pdf,TsrQueue,5,0.752602,0.220516
heuristic/batch-16,2410.05779v3.pdf,DocumentContext,1,1.026754,1.026754
heuristic/batch-16,2410.05779v3.pdf,LayoutInference,16,1269.9459399999998,89.501593
heuristic/batch-16,2410.05779v3.pdf,LayoutPostprocess,16,0.16186900000000004,0.021244
heuristic/batch-16,2410.05779v3.pdf,LayoutPreprocess,16,333.655655,28.980841
heuristic/batch-16,2410.05779v3.pdf,LayoutQueue,16,4788.070189,544.64441
heuristic/batch-16,2410.05779v3.pdf,LayoutReadback,16,0.093843,0.009392
heuristic/batch-16,2410.05779v3.pdf,LinkValidate,1,6.859107,6.859107
heuristic/batch-16,2410.05779v3.pdf,Ocr,5,62042.387795,15683.720697
heuristic/batch-16,2410.05779v3.pdf,OcrDecode,291,1.724599,0.12742
heuristic/batch-16,2410.05779v3.pdf,OcrDetectionInference,5,764.225301,195.731924
heuristic/batch-16,2410.05779v3.pdf,OcrDetectionPostprocess,5,61.397935999999994,17.878707000000002
heuristic/batch-16,2410.05779v3.pdf,OcrDetectionPreprocess,5,234.806215,51.304408
heuristic/batch-16,2410.05779v3.pdf,OcrOrientationInference,182,2162.099999000001,286.43968199999995
heuristic/batch-16,2410.05779v3.pdf,OcrQueue,374,46771.096750000026,10790.664909000001
heuristic/batch-16,2410.05779v3.pdf,OcrReadback,369,1637.8089649999997,63.223868
heuristic/batch-16,2410.05779v3.pdf,OcrRecognitionInference,182,9796.441957999998,518.042328
heuristic/batch-16,2410.05779v3.pdf,OcrRecognitionPreprocess,364,495.08196700000025,10.14231
heuristic/batch-16,2410.05779v3.pdf,ParseTotal,1,22450.739285,22450.739285
heuristic/batch-16,2410.05779v3.pdf,PdfOpen,1,0.340095,0.340095
heuristic/batch-16,2410.05779v3.pdf,PdfRender,16,308.78110300000003,32.606348
heuristic/batch-16,2410.05779v3.pdf,PdfiumQueue,1,0.0038510000000000003,0.0038510000000000003
heuristic/batch-16,2410.05779v3.pdf,TableRules,6,12.116044,3.6443589999999997
heuristic/batch-16,2410.05779v3.pdf,TextExtract,16,191.953224,18.898905
heuristic/batch-16,2410.05779v3.pdf,TextFinish,32,181.82218999999998,26.509137
heuristic/batch-16,2410.05779v3.pdf,TextPrepare,16,1.107248,0.165715
heuristic/batch-16,2412.05210v1.pdf,DocumentContext,1,33.001946999999994,33.001946999999994
heuristic/batch-16,2412.05210v1.pdf,LayoutInference,12,1190.2947909999998,211.139772
heuristic/batch-16,2412.05210v1.pdf,LayoutPostprocess,12,0.14385599999999998,0.020946
heuristic/batch-16,2412.05210v1.pdf,LayoutPreprocess,12,270.29170899999997,25.421013
heuristic/batch-16,2412.05210v1.pdf,LayoutQueue,12,1666.867283,260.08113
heuristic/batch-16,2412.05210v1.pdf,LayoutReadback,12,0.14255900000000002,0.024264
heuristic/batch-16,2412.05210v1.pdf,LinkValidate,1,8.487007,8.487007
heuristic/batch-16,2412.05210v1.pdf,Ocr,6,45414.647238000005,14837.322647
heuristic/batch-16,2412.05210v1.pdf,OcrDecode,439,1.316804,0.016635
heuristic/batch-16,2412.05210v1.pdf,OcrDetectionInference,6,1424.128917,711.984177
heuristic/batch-16,2412.05210v1.pdf,OcrDetectionPostprocess,6,90.48999900000001,16.354632000000002
heuristic/batch-16,2412.05210v1.pdf,OcrDetectionPreprocess,6,312.85330600000003,61.917219
heuristic/batch-16,2412.05210v1.pdf,OcrOrientationInference,166,2579.8900089999997,239.164807
heuristic/batch-16,2412.05210v1.pdf,OcrQueue,344,29663.055216999986,6553.365083
heuristic/batch-16,2412.05210v1.pdf,OcrReadback,338,1077.3598059999997,28.34224
heuristic/batch-16,2412.05210v1.pdf,OcrRecognitionInference,166,9804.04137,514.109759
heuristic/batch-16,2412.05210v1.pdf,OcrRecognitionPreprocess,332,356.58554100000015,7.522041
heuristic/batch-16,2412.05210v1.pdf,ParseTotal,1,19378.898232,19378.898232
heuristic/batch-16,2412.05210v1.pdf,PdfOpen,1,0.675489,0.675489
heuristic/batch-16,2412.05210v1.pdf,PdfRender,12,359.74261099999995,79.947857
heuristic/batch-16,2412.05210v1.pdf,PdfiumQueue,1,0.004058,0.004058
heuristic/batch-16,2412.05210v1.pdf,TableRules,4,24.101183000000002,14.852836
heuristic/batch-16,2412.05210v1.pdf,TextExtract,12,236.86036299999998,36.452551
heuristic/batch-16,2412.05210v1.pdf,TextFinish,24,547.958007,272.94752500000004
heuristic/batch-16,2412.05210v1.pdf,TextPrepare,12,1.739341,0.423431
heuristic/batch-16,2603.01919v2.pdf,DocumentContext,1,2.222575,2.222575
heuristic/batch-16,2603.01919v2.pdf,LayoutInference,23,2309.3573879999994,205.730259
heuristic/batch-16,2603.01919v2.pdf,LayoutPostprocess,23,0.290436,0.022623
heuristic/batch-16,2603.01919v2.pdf,LayoutPreprocess,23,530.4638480000001,28.188916000000003
heuristic/batch-16,2603.01919v2.pdf,LayoutQueue,23,4114.681063,330.82958299999996
heuristic/batch-16,2603.01919v2.pdf,LayoutReadback,23,0.158114,0.026119
heuristic/batch-16,2603.01919v2.pdf,LinkValidate,1,26.381301999999998,26.381301999999998
heuristic/batch-16,2603.01919v2.pdf,Ocr,10,75062.207786,12588.473742
heuristic/batch-16,2603.01919v2.pdf,OcrDecode,1101,2.5628890000000006,0.35478000000000004
heuristic/batch-16,2603.01919v2.pdf,OcrDetectionInference,10,1563.781324,232.695969
heuristic/batch-16,2603.01919v2.pdf,OcrDetectionPostprocess,10,135.22887599999999,17.900089
heuristic/batch-16,2603.01919v2.pdf,OcrDetectionPreprocess,10,511.21039099999996,59.393318
heuristic/batch-16,2603.01919v2.pdf,OcrOrientationInference,193,4018.641363000003,232.886647
heuristic/batch-16,2603.01919v2.pdf,OcrQueue,406,56464.71154700007,8401.910305
heuristic/batch-16,2603.01919v2.pdf,OcrReadback,396,1888.7030059999995,26.888657
heuristic/batch-16,2603.01919v2.pdf,OcrRecognitionInference,193,9815.453584000006,416.61227299999996
heuristic/batch-16,2603.01919v2.pdf,OcrRecognitionPreprocess,386,531.4165519999998,6.713601
heuristic/batch-16,2603.01919v2.pdf,ParseTotal,1,23812.614133,23812.614133
heuristic/batch-16,2603.01919v2.pdf,PdfOpen,1,0.395282,0.395282
heuristic/batch-16,2603.01919v2.pdf,PdfRender,23,803.356381,131.30397399999998
heuristic/batch-16,2603.01919v2.pdf,PdfiumQueue,1,0.003349,0.003349
heuristic/batch-16,2603.01919v2.pdf,TableExternal,1,644.753762,644.753762
heuristic/batch-16,2603.01919v2.pdf,TableFill,1,0.278663,0.278663
heuristic/batch-16,2603.01919v2.pdf,TableRules,18,26.817992,5.293481
heuristic/batch-16,2603.01919v2.pdf,TextExtract,23,426.8571959999999,49.202774999999995
heuristic/batch-16,2603.01919v2.pdf,TextFinish,46,613.894116,92.430571
heuristic/batch-16,2603.01919v2.pdf,TextPrepare,23,2.253580000000001,0.157248
heuristic/batch-16,2603.01919v2.pdf,TsrInference,3,639.819675,480.901739
heuristic/batch-16,2603.01919v2.pdf,TsrPostprocess,3,0.28619700000000003,0.183302
heuristic/batch-16,2603.01919v2.pdf,TsrPreprocess,3,3.0853119999999996,1.6697389999999999
heuristic/batch-16,2603.01919v2.pdf,TsrQueue,3,0.41005600000000003,0.18446900000000002
heuristic/batch-16,2604.18583v1.pdf,DocumentContext,1,2.45425,2.45425
heuristic/batch-16,2604.18583v1.pdf,LayoutInference,15,1385.73201,229.216375
heuristic/batch-16,2604.18583v1.pdf,LayoutPostprocess,15,0.367098,0.11780600000000001
heuristic/batch-16,2604.18583v1.pdf,LayoutPreprocess,15,331.738312,26.433211
heuristic/batch-16,2604.18583v1.pdf,LayoutQueue,15,677.310697,193.014542
heuristic/batch-16,2604.18583v1.pdf,LayoutReadback,15,0.066145,0.006474000000000001
heuristic/batch-16,2604.18583v1.pdf,LinkValidate,1,9.078576,9.078576
heuristic/batch-16,2604.18583v1.pdf,Ocr,8,34359.229235000006,6667.13721
heuristic/batch-16,2604.18583v1.pdf,OcrDecode,100,0.29303099999999993,0.027697
heuristic/batch-16,2604.18583v1.pdf,OcrDetectionInference,8,1273.6339659999999,195.308774
heuristic/batch-16,2604.18583v1.pdf,OcrDetectionPostprocess,8,109.57502400000001,18.807002999999998
heuristic/batch-16,2604.18583v1.pdf,OcrDetectionPreprocess,8,384.02547,59.657381
heuristic/batch-16,2604.18583v1.pdf,OcrOrientationInference,30,1218.971891,307.228774
heuristic/batch-16,2604.18583v1.pdf,OcrQueue,76,27993.67688699999,6188.8336930000005
heuristic/batch-16,2604.18583v1.pdf,OcrReadback,68,205.721294,23.946942
heuristic/batch-16,2604.18583v1.pdf,OcrRecognitionInference,30,3085.186294,603.703448
heuristic/batch-16,2604.18583v1.pdf,OcrRecognitionPreprocess,60,65.35386799999999,5.218418
heuristic/batch-16,2604.18583v1.pdf,ParseTotal,1,9919.464225,9919.464225
heuristic/batch-16,2604.18583v1.pdf,PdfOpen,1,0.46631199999999995,0.46631199999999995
heuristic/batch-16,2604.18583v1.pdf,PdfRender,15,1649.4787240000003,562.095283
heuristic/batch-16,2604.18583v1.pdf,PdfiumQueue,1,0.003356,0.003356
heuristic/batch-16,2604.18583v1.pdf,TableRules,2,2.343154,1.221918
heuristic/batch-16,2604.18583v1.pdf,TextExtract,15,247.88451999999998,35.053617
heuristic/batch-16,2604.18583v1.pdf,TextFinish,30,582.4190269999999,231.710231
heuristic/batch-16,2604.18583v1.pdf,TextPrepare,15,1.780103,0.356618
heuristic/batch-16,2604.21959v1.pdf,DocumentContext,1,0.223083,0.223083
heuristic/batch-16,2604.21959v1.pdf,LayoutInference,3,390.548682,155.802864
heuristic/batch-16,2604.21959v1.pdf,LayoutPostprocess,3,0.047897,0.025283
heuristic/batch-16,2604.21959v1.pdf,LayoutPreprocess,3,62.425651,21.350027
heuristic/batch-16,2604.21959v1.pdf,LayoutQueue,3,363.532701,221.07352799999998
heuristic/batch-16,2604.21959v1.pdf,LayoutReadback,3,0.037558999999999995,0.015669
heuristic/batch-16,2604.21959v1.pdf,LinkValidate,1,0.788521,0.788521
heuristic/batch-16,2604.21959v1.pdf,Ocr,2,10267.846906,6527.640329000001
heuristic/batch-16,2604.21959v1.pdf,OcrDecode,87,0.289472,0.02909
heuristic/batch-16,2604.21959v1.pdf,OcrDetectionInference,2,546.496928,411.545906
heuristic/batch-16,2604.21959v1.pdf,OcrDetectionPostprocess,2,21.576449,11.956438
heuristic/batch-16,2604.21959v1.pdf,OcrDetectionPreprocess,2,106.088308,57.205402
heuristic/batch-16,2604.21959v1.pdf,OcrOrientationInference,27,302.432475,35.414834
heuristic/batch-16,2604.21959v1.pdf,OcrQueue,58,7331.216038,3600.355906
heuristic/batch-16,2604.21959v1.pdf,OcrReadback,56,289.1341259999999,26.377475
heuristic/batch-16,2604.21959v1.pdf,OcrRecognitionInference,27,1562.720464,300.476691
heuristic/batch-16,2604.21959v1.pdf,OcrRecognitionPreprocess,54,89.031008,5.50084
heuristic/batch-16,2604.21959v1.pdf,ParseTotal,1,6982.555751999999,6982.555751999999
heuristic/batch-16,2604.21959v1.pdf,PdfOpen,1,0.48736199999999996,0.48736199999999996
heuristic/batch-16,2604.21959v1.pdf,PdfRender,3,44.179942,15.537575
heuristic/batch-16,2604.21959v1.pdf,PdfiumQueue,1,0.003719,0.003719
heuristic/batch-16,2604.21959v1.pdf,TextExtract,3,22.535812,11.526169
heuristic/batch-16,2604.21959v1.pdf,TextFinish,6,21.016638,12.087136
heuristic/batch-16,2604.21959v1.pdf,TextPrepare,3,0.139067,0.08001899999999999
heuristic/batch-16,2604.18584v1.pdf,DocumentContext,1,1.864533,1.864533
heuristic/batch-16,2604.18584v1.pdf,LayoutInference,32,3628.657832000001,228.120096
heuristic/batch-16,2604.18584v1.pdf,LayoutPostprocess,32,0.456106,0.07879599999999999
heuristic/batch-16,2604.18584v1.pdf,LayoutPreprocess,32,690.8342000000001,27.775768
heuristic/batch-16,2604.18584v1.pdf,LayoutQueue,32,5055.761061,352.13058
heuristic/batch-16,2604.18584v1.pdf,LayoutReadback,32,0.320327,0.021960999999999998
heuristic/batch-16,2604.18584v1.pdf,LinkValidate,1,18.005011,18.005011
heuristic/batch-16,2604.18584v1.pdf,Ocr,13,95735.51083799999,22508.997070999998
heuristic/batch-16,2604.18584v1.pdf,OcrDecode,882,3.6121029999999976,0.13472
heuristic/batch-16,2604.18584v1.pdf,OcrDetectionInference,13,2208.2703859999997,371.449112
heuristic/batch-16,2604.18584v1.pdf,OcrDetectionPostprocess,13,133.192177,15.837479000000002
heuristic/batch-16,2604.18584v1.pdf,OcrDetectionPreprocess,13,642.884241,61.632495000000006
heuristic/batch-16,2604.18584v1.pdf,OcrOrientationInference,380,4906.9327040000035,210.943379
heuristic/batch-16,2604.18584v1.pdf,OcrQueue,786,64926.27245599996,6917.319683
heuristic/batch-16,2604.18584v1.pdf,OcrReadback,773,2550.329285999998,41.741763
heuristic/batch-16,2604.18584v1.pdf,OcrRecognitionInference,380,19336.28986500001,588.8213410000001
heuristic/batch-16,2604.18584v1.pdf,OcrRecognitionPreprocess,760,778.092425999999,6.593151000000001
heuristic/batch-16,2604.18584v1.pdf,ParseTotal,1,35910.779072,35910.779072
heuristic/batch-16,2604.18584v1.pdf,PdfOpen,1,0.544813,0.544813
heuristic/batch-16,2604.18584v1.pdf,PdfRender,32,653.6933879999999,101.05090799999999
heuristic/batch-16,2604.18584v1.pdf,PdfiumQueue,1,0.003765,0.003765
heuristic/batch-16,2604.18584v1.pdf,TableExternal,2,848.654736,492.652469
heuristic/batch-16,2604.18584v1.pdf,TableFill,2,0.12608,0.101908
heuristic/batch-16,2604.18584v1.pdf,TableRules,18,33.401559,7.311433
heuristic/batch-16,2604.18584v1.pdf,TextExtract,32,330.2857859999999,20.986971
heuristic/batch-16,2604.18584v1.pdf,TextFinish,64,506.2881959999999,74.988961
heuristic/batch-16,2604.18584v1.pdf,TextPrepare,32,2.1569719999999997,0.18920499999999998
heuristic/batch-16,2604.18584v1.pdf,TsrInference,2,842.936082,488.100764
heuristic/batch-16,2604.18584v1.pdf,TsrPostprocess,2,0.06249299999999999,0.054803
heuristic/batch-16,2604.18584v1.pdf,TsrPreprocess,2,4.601761,3.965916
heuristic/batch-16,2604.18584v1.pdf,TsrQueue,2,0.365222,0.19332
heuristic/batch-16,2606.17056v1.pdf,DocumentContext,1,4.167736,4.167736
heuristic/batch-16,2606.17056v1.pdf,LayoutInference,25,2802.4917309999996,216.841144
heuristic/batch-16,2606.17056v1.pdf,LayoutPostprocess,25,0.316217,0.0382
heuristic/batch-16,2606.17056v1.pdf,LayoutPreprocess,25,539.237437,42.034783
heuristic/batch-16,2606.17056v1.pdf,LayoutQueue,25,2709.8121490000008,319.48731200000003
heuristic/batch-16,2606.17056v1.pdf,LayoutReadback,25,0.19782100000000002,0.012202
heuristic/batch-16,2606.17056v1.pdf,LinkValidate,1,7.8774180000000005,7.8774180000000005
heuristic/batch-16,2606.17056v1.pdf,Ocr,15,103106.94697299998,11619.724363
heuristic/batch-16,2606.17056v1.pdf,OcrDecode,831,1.8522330000000005,0.095375
heuristic/batch-16,2606.17056v1.pdf,OcrDetectionInference,15,2469.878348,236.129022
heuristic/batch-16,2606.17056v1.pdf,OcrDetectionPostprocess,15,172.946541,19.115627999999997
heuristic/batch-16,2606.17056v1.pdf,OcrDetectionPreprocess,15,730.2398180000001,62.652129
heuristic/batch-16,2606.17056v1.pdf,OcrOrientationInference,163,2558.834892,271.547144
heuristic/batch-16,2606.17056v1.pdf,OcrQueue,356,85934.87151499998,10336.122044
heuristic/batch-16,2606.17056v1.pdf,OcrReadback,341,1484.4266580000003,26.923022
heuristic/batch-16,2606.17056v1.pdf,OcrRecognitionInference,163,9216.664344,516.555981
heuristic/batch-16,2606.17056v1.pdf,OcrRecognitionPreprocess,326,422.6599290000001,8.677342
heuristic/batch-16,2606.17056v1.pdf,ParseTotal,1,28824.596785,28824.596785
heuristic/batch-16,2606.17056v1.pdf,PdfOpen,1,0.593387,0.593387
heuristic/batch-16,2606.17056v1.pdf,PdfRender,25,419.51856,34.52026
heuristic/batch-16,2606.17056v1.pdf,PdfiumQueue,1,0.004044,0.004044
heuristic/batch-16,2606.17056v1.pdf,TableRules,4,5.013148,1.779016
heuristic/batch-16,2606.17056v1.pdf,TextExtract,25,261.918404,17.583791
heuristic/batch-16,2606.17056v1.pdf,TextFinish,50,234.17559399999988,20.129144
heuristic/batch-16,2606.17056v1.pdf,TextPrepare,25,1.4947,0.088574
heuristic/batch-16,2609.04184v1.pdf,DocumentContext,1,0.7621680000000001,0.7621680000000001
heuristic/batch-16,2609.04184v1.pdf,LayoutInference,8,737.9311499999999,100.51758
heuristic/batch-16,2609.04184v1.pdf,LayoutPostprocess,8,0.119079,0.031334999999999995
heuristic/batch-16,2609.04184v1.pdf,LayoutPreprocess,8,159.300232,22.550250000000002
heuristic/batch-16,2609.04184v1.pdf,LayoutQueue,8,1415.712531,272.006635
heuristic/batch-16,2609.04184v1.pdf,LayoutReadback,8,0.080327,0.015647
heuristic/batch-16,2609.04184v1.pdf,LinkValidate,1,7.21218,7.21218
heuristic/batch-16,2609.04184v1.pdf,Ocr,5,26166.140441000003,10413.528098
heuristic/batch-16,2609.04184v1.pdf,OcrDecode,239,0.6088320000000002,0.015464999999999998
heuristic/batch-16,2609.04184v1.pdf,OcrDetectionInference,5,812.89705,226.690487
heuristic/batch-16,2609.04184v1.pdf,OcrDetectionPostprocess,5,77.300075,17.691654
heuristic/batch-16,2609.04184v1.pdf,OcrDetectionPreprocess,5,236.104174,54.707812000000004
heuristic/batch-16,2609.04184v1.pdf,OcrOrientationInference,68,987.176141,76.389644
heuristic/batch-16,2609.04184v1.pdf,OcrQueue,146,20340.791172,9232.304183
heuristic/batch-16,2609.04184v1.pdf,OcrReadback,141,412.30046799999997,26.007484
heuristic/batch-16,2609.04184v1.pdf,OcrRecognitionInference,68,3120.525832,216.708044
heuristic/batch-16,2609.04184v1.pdf,OcrRecognitionPreprocess,136,135.250622,6.2393730000000005
heuristic/batch-16,2609.04184v1.pdf,ParseTotal,1,12672.675226,12672.675226
heuristic/batch-16,2609.04184v1.pdf,PdfOpen,1,0.776094,0.776094
heuristic/batch-16,2609.04184v1.pdf,PdfRender,8,194.47526399999998,34.123245000000004
heuristic/batch-16,2609.04184v1.pdf,PdfiumQueue,1,0.00356,0.00356
heuristic/batch-16,2609.04184v1.pdf,TableExternal,1,218.118744,218.118744
heuristic/batch-16,2609.04184v1.pdf,TableFill,1,0.9357089999999999,0.9357089999999999
heuristic/batch-16,2609.04184v1.pdf,TableRules,7,3.825359,1.309304
heuristic/batch-16,2609.04184v1.pdf,TextExtract,8,143.507209,27.889567
heuristic/batch-16,2609.04184v1.pdf,TextFinish,16,261.226897,71.987091
heuristic/batch-16,2609.04184v1.pdf,TextPrepare,8,0.7414450000000001,0.138164
heuristic/batch-16,2609.04184v1.pdf,TsrInference,1,215.136649,215.136649
heuristic/batch-16,2609.04184v1.pdf,TsrPostprocess,1,0.04865,0.04865
heuristic/batch-16,2609.04184v1.pdf,TsrPreprocess,1,2.620299,2.620299
heuristic/batch-16,2609.04184v1.pdf,TsrQueue,1,0.122094,0.122094
heuristic/batch-16,2609.04180v1.pdf,DocumentContext,1,2.365327,2.365327
heuristic/batch-16,2609.04180v1.pdf,LayoutInference,23,2283.145009,233.538098
heuristic/batch-16,2609.04180v1.pdf,LayoutPostprocess,23,0.28198,0.028498
heuristic/batch-16,2609.04180v1.pdf,LayoutPreprocess,23,516.464733,36.721174000000005
heuristic/batch-16,2609.04180v1.pdf,LayoutQueue,23,3206.4129279999997,310.63113500000003
heuristic/batch-16,2609.04180v1.pdf,LayoutReadback,23,0.172052,0.041005
heuristic/batch-16,2609.04180v1.pdf,LinkValidate,1,8.688237999999998,8.688237999999998
heuristic/batch-16,2609.04180v1.pdf,Ocr,9,51459.96885,10592.388261
heuristic/batch-16,2609.04180v1.pdf,OcrDecode,755,1.608597000000001,0.08308900000000001
heuristic/batch-16,2609.04180v1.pdf,OcrDetectionInference,9,1599.2754380000003,202.522564
heuristic/batch-16,2609.04180v1.pdf,OcrDetectionPostprocess,9,107.59929900000002,17.403172
heuristic/batch-16,2609.04180v1.pdf,OcrDetectionPreprocess,9,440.97726200000005,63.74506000000001
heuristic/batch-16,2609.04180v1.pdf,OcrOrientationInference,134,2892.918665,245.58750600000002
heuristic/batch-16,2609.04180v1.pdf,OcrQueue,286,36380.34894,8848.907966
heuristic/batch-16,2609.04180v1.pdf,OcrReadback,277,1485.425176,49.223226000000004
heuristic/batch-16,2609.04180v1.pdf,OcrRecognitionInference,134,8072.430852000005,482.054501
heuristic/batch-16,2609.04180v1.pdf,OcrRecognitionPreprocess,268,388.51410499999974,8.161658000000001
heuristic/batch-16,2609.04180v1.pdf,ParseTotal,1,15991.130078999999,15991.130078999999
heuristic/batch-16,2609.04180v1.pdf,PdfOpen,1,0.632802,0.632802
heuristic/batch-16,2609.04180v1.pdf,PdfRender,23,494.2912280000001,47.675851
heuristic/batch-16,2609.04180v1.pdf,PdfiumQueue,1,0.0033770000000000002,0.0033770000000000002
heuristic/batch-16,2609.04180v1.pdf,TableRules,12,6.812532999999999,1.1357030000000001
heuristic/batch-16,2609.04180v1.pdf,TextExtract,23,333.880732,27.25972
heuristic/batch-16,2609.04180v1.pdf,TextFinish,46,397.9532879999999,30.931803000000002
heuristic/batch-16,2609.04180v1.pdf,TextPrepare,23,1.8250009999999999,0.138575
heuristic/batch-16,2609.04203v1.pdf,DocumentContext,1,2.065331,2.065331
heuristic/batch-16,2609.04203v1.pdf,LayoutInference,20,2476.5870970000005,336.851394
heuristic/batch-16,2609.04203v1.pdf,LayoutPostprocess,20,0.37215499999999996,0.037159000000000005
heuristic/batch-16,2609.04203v1.pdf,LayoutPreprocess,20,450.82030699999996,30.976215
heuristic/batch-16,2609.04203v1.pdf,LayoutQueue,20,3015.210086,427.32813200000004
heuristic/batch-16,2609.04203v1.pdf,LayoutReadback,20,0.126055,0.009765000000000001
heuristic/batch-16,2609.04203v1.pdf,LinkValidate,1,11.406651,11.406651
heuristic/batch-16,2609.04203v1.pdf,Ocr,9,17695.315756,3547.458422
heuristic/batch-16,2609.04203v1.pdf,OcrDecode,287,0.6651819999999999,0.022464
heuristic/batch-16,2609.04203v1.pdf,OcrDetectionInference,9,1692.475934,467.98706200000004
heuristic/batch-16,2609.04203v1.pdf,OcrDetectionPostprocess,9,143.144746,22.114223
heuristic/batch-16,2609.04203v1.pdf,OcrDetectionPreprocess,9,454.418187,60.307629
heuristic/batch-16,2609.04203v1.pdf,OcrOrientationInference,56,1641.9148259999995,401.515381
heuristic/batch-16,2609.04203v1.pdf,OcrQueue,130,9957.255015000002,1671.387035
heuristic/batch-16,2609.04203v1.pdf,OcrReadback,121,492.74746300000015,25.544793
heuristic/batch-16,2609.04203v1.pdf,OcrRecognitionInference,56,3119.7663879999996,378.337767
heuristic/batch-16,2609.04203v1.pdf,OcrRecognitionPreprocess,112,152.12302300000007,7.117254
heuristic/batch-16,2609.04203v1.pdf,ParseTotal,1,6375.17581,6375.17581
heuristic/batch-16,2609.04203v1.pdf,PdfOpen,1,0.981722,0.981722
heuristic/batch-16,2609.04203v1.pdf,PdfRender,20,785.0959549999999,229.64836599999998
heuristic/batch-16,2609.04203v1.pdf,PdfiumQueue,1,0.004456,0.004456
heuristic/batch-16,2609.04203v1.pdf,TableExternal,1,666.9095040000001,666.9095040000001
heuristic/batch-16,2609.04203v1.pdf,TableFill,1,4.364421999999999,4.364421999999999
heuristic/batch-16,2609.04203v1.pdf,TableRules,19,12.729015000000002,1.568039
heuristic/batch-16,2609.04203v1.pdf,TextExtract,20,517.534334,124.710109
heuristic/batch-16,2609.04203v1.pdf,TextFinish,40,682.507149,69.07122100000001
heuristic/batch-16,2609.04203v1.pdf,TextPrepare,20,2.36281,0.23270100000000002
heuristic/batch-16,2609.04203v1.pdf,TsrInference,1,664.4577969999999,664.4577969999999
heuristic/batch-16,2609.04203v1.pdf,TsrPostprocess,1,0.113231,0.113231
heuristic/batch-16,2609.04203v1.pdf,TsrPreprocess,1,1.904438,1.904438
heuristic/batch-16,2609.04203v1.pdf,TsrQueue,1,0.152493,0.152493
heuristic/batch-4,2403.01632v4.pdf,DocumentContext,1,3.4760250000000004,3.4760250000000004
heuristic/batch-4,2403.01632v4.pdf,LayoutInference,47,4533.2973250000005,250.37930200000002
heuristic/batch-4,2403.01632v4.pdf,LayoutPostprocess,47,0.708991,0.045994
heuristic/batch-4,2403.01632v4.pdf,LayoutPreprocess,47,1000.1956040000002,32.180197
heuristic/batch-4,2403.01632v4.pdf,LayoutQueue,47,8040.236768999999,418.686314
heuristic/batch-4,2403.01632v4.pdf,LayoutReadback,47,0.19111000000000006,0.007876000000000001
heuristic/batch-4,2403.01632v4.pdf,LinkValidate,1,27.263642,27.263642
heuristic/batch-4,2403.01632v4.pdf,Ocr,13,93939.50935800001,12166.992886999999
heuristic/batch-4,2403.01632v4.pdf,OcrDecode,417,1.7124479999999986,0.041937999999999996
heuristic/batch-4,2403.01632v4.pdf,OcrDetectionInference,13,2010.016965,184.650227
heuristic/batch-4,2403.01632v4.pdf,OcrDetectionPostprocess,13,136.514929,15.813949000000001
heuristic/batch-4,2403.01632v4.pdf,OcrDetectionPreprocess,13,612.5788970000001,56.815512
heuristic/batch-4,2403.01632v4.pdf,OcrOrientationInference,240,4899.937405000001,372.8108
heuristic/batch-4,2403.01632v4.pdf,OcrQueue,506,71283.56649099993,9274.740421
heuristic/batch-4,2403.01632v4.pdf,OcrReadback,493,1176.671814000001,12.561287
heuristic/batch-4,2403.01632v4.pdf,OcrRecognitionInference,240,13254.117266999998,544.993542
heuristic/batch-4,2403.01632v4.pdf,OcrRecognitionPreprocess,480,409.9806859999999,3.805691
heuristic/batch-4,2403.01632v4.pdf,ParseTotal,1,25998.342191,25998.342191
heuristic/batch-4,2403.01632v4.pdf,PdfOpen,1,0.58513,0.58513
heuristic/batch-4,2403.01632v4.pdf,PdfRender,47,833.0216810000001,61.000039
heuristic/batch-4,2403.01632v4.pdf,PdfiumQueue,1,0.001736,0.001736
heuristic/batch-4,2403.01632v4.pdf,TableRules,7,4.141647000000001,1.166817
heuristic/batch-4,2403.01632v4.pdf,TextExtract,47,539.6440769999999,15.685253
heuristic/batch-4,2403.01632v4.pdf,TextFinish,94,709.763095,29.027164000000003
heuristic/batch-4,2403.01632v4.pdf,TextPrepare,47,3.058386,0.126105
heuristic/batch-4,2303.18223v16.pdf,DocumentContext,1,17.919636999999998,17.919636999999998
heuristic/batch-4,2303.18223v16.pdf,LayoutInference,144,11923.668329000006,270.42033999999995
heuristic/batch-4,2303.18223v16.pdf,LayoutPostprocess,144,2.250945,0.092288
heuristic/batch-4,2303.18223v16.pdf,LayoutPreprocess,144,3076.755436,35.440734
heuristic/batch-4,2303.18223v16.pdf,LayoutQueue,144,20500.066317999997,404.214269
heuristic/batch-4,2303.18223v16.pdf,LayoutReadback,144,0.6375129999999998,0.009616999999999999
heuristic/batch-4,2303.18223v16.pdf,LinkValidate,1,65.847409,65.847409
heuristic/batch-4,2303.18223v16.pdf,Ocr,16,153420.82114299998,15665.324888000001
heuristic/batch-4,2303.18223v16.pdf,OcrDecode,717,2.0896719999999984,0.024736
heuristic/batch-4,2303.18223v16.pdf,OcrDetectionInference,16,2410.625634,190.191868
heuristic/batch-4,2303.18223v16.pdf,OcrDetectionPostprocess,16,268.58948399999997,20.939652
heuristic/batch-4,2303.18223v16.pdf,OcrDetectionPreprocess,16,784.741611,56.627123000000005
heuristic/batch-4,2303.18223v16.pdf,OcrOrientationInference,304,6541.741167999999,375.30136400000004
heuristic/batch-4,2303.18223v16.pdf,OcrQueue,640,126232.53543800004,12377.095339
heuristic/batch-4,2303.18223v16.pdf,OcrReadback,624,1337.0513109999997,9.068282
heuristic/batch-4,2303.18223v16.pdf,OcrRecognitionInference,304,15240.986328999998,558.28416
heuristic/batch-4,2303.18223v16.pdf,OcrRecognitionPreprocess,608,405.719268,2.073169
heuristic/batch-4,2303.18223v16.pdf,ParseTotal,1,45818.286853000005,45818.286853000005
heuristic/batch-4,2303.18223v16.pdf,PdfOpen,1,0.676402,0.676402
heuristic/batch-4,2303.18223v16.pdf,PdfRender,144,2465.9397549999985,97.147813
heuristic/batch-4,2303.18223v16.pdf,PdfiumQueue,1,0.0033150000000000002,0.0033150000000000002
heuristic/batch-4,2303.18223v16.pdf,TableExternal,1,1001.286266,1001.286266
heuristic/batch-4,2303.18223v16.pdf,TableFill,1,1.606924,1.606924
heuristic/batch-4,2303.18223v16.pdf,TableRules,24,42.80641299999999,6.507594999999999
heuristic/batch-4,2303.18223v16.pdf,TextExtract,144,2884.195447999999,33.853789
heuristic/batch-4,2303.18223v16.pdf,TextFinish,288,6093.650148000001,137.612944
heuristic/batch-4,2303.18223v16.pdf,TextPrepare,144,17.813925,0.432191
heuristic/batch-4,2303.18223v16.pdf,TsrInference,5,989.265248,787.3545250000001
heuristic/batch-4,2303.18223v16.pdf,TsrPostprocess,5,0.29666299999999995,0.14959899999999998
heuristic/batch-4,2303.18223v16.pdf,TsrPreprocess,5,7.643165999999999,3.374457
heuristic/batch-4,2303.18223v16.pdf,TsrQueue,5,0.817619,0.256785
heuristic/batch-4,2410.05779v3.pdf,DocumentContext,1,0.690448,0.690448
heuristic/batch-4,2410.05779v3.pdf,LayoutInference,16,1153.665363,81.00774
heuristic/batch-4,2410.05779v3.pdf,LayoutPostprocess,16,0.219441,0.048602
heuristic/batch-4,2410.05779v3.pdf,LayoutPreprocess,16,346.693652,30.280494
heuristic/batch-4,2410.05779v3.pdf,LayoutQueue,16,2681.409575,205.43371399999998
heuristic/batch-4,2410.05779v3.pdf,LayoutReadback,16,0.11823499999999999,0.011256
heuristic/batch-4,2410.05779v3.pdf,LinkValidate,1,4.877108,4.877108
heuristic/batch-4,2410.05779v3.pdf,Ocr,5,59002.925751999996,16407.814053
heuristic/batch-4,2410.05779v3.pdf,OcrDecode,291,1.6798469999999999,0.080858
heuristic/batch-4,2410.05779v3.pdf,OcrDetectionInference,5,715.706272,187.393551
heuristic/batch-4,2410.05779v3.pdf,OcrDetectionPostprocess,5,53.957781,13.092803
heuristic/batch-4,2410.05779v3.pdf,OcrDetectionPreprocess,5,220.443643,49.282533
heuristic/batch-4,2410.05779v3.pdf,OcrOrientationInference,199,2682.4244989999997,274.216681
heuristic/batch-4,2410.05779v3.pdf,OcrQueue,408,41608.546969999996,11159.145383000001
heuristic/batch-4,2410.05779v3.pdf,OcrReadback,403,1592.5157150000002,61.555512
heuristic/batch-4,2410.05779v3.pdf,OcrRecognitionInference,199,11520.550940000006,410.90793399999995
heuristic/batch-4,2410.05779v3.pdf,OcrRecognitionPreprocess,398,480.6366229999999,9.486227999999999
heuristic/batch-4,2410.05779v3.pdf,ParseTotal,1,23571.073416,23571.073416
heuristic/batch-4,2410.05779v3.pdf,PdfOpen,1,0.29115800000000003,0.29115800000000003
heuristic/batch-4,2410.05779v3.pdf,PdfRender,16,297.131565,36.083257
heuristic/batch-4,2410.05779v3.pdf,PdfiumQueue,1,0.004184,0.004184
heuristic/batch-4,2410.05779v3.pdf,TableRules,6,9.378406,3.119938
heuristic/batch-4,2410.05779v3.pdf,TextExtract,16,169.807605,18.745457000000002
heuristic/batch-4,2410.05779v3.pdf,TextFinish,32,191.544198,31.86641
heuristic/batch-4,2410.05779v3.pdf,TextPrepare,16,1.158927,0.271711
heuristic/batch-4,2412.05210v1.pdf,DocumentContext,1,30.796765999999998,30.796765999999998
heuristic/batch-4,2412.05210v1.pdf,LayoutInference,12,1074.260597,193.928831
heuristic/batch-4,2412.05210v1.pdf,LayoutPostprocess,12,0.12262300000000001,0.01995
heuristic/batch-4,2412.05210v1.pdf,LayoutPreprocess,12,274.90198300000003,27.797859000000003
heuristic/batch-4,2412.05210v1.pdf,LayoutQueue,12,2044.197581,334.047097
heuristic/batch-4,2412.05210v1.pdf,LayoutReadback,12,0.101911,0.016065
heuristic/batch-4,2412.05210v1.pdf,LinkValidate,1,8.243146,8.243146
heuristic/batch-4,2412.05210v1.pdf,Ocr,6,46422.298046,11715.638887000001
heuristic/batch-4,2412.05210v1.pdf,OcrDecode,439,1.6639989999999998,0.056574
heuristic/batch-4,2412.05210v1.pdf,OcrDetectionInference,6,1367.937438,648.675312
heuristic/batch-4,2412.05210v1.pdf,OcrDetectionPostprocess,6,95.87962999999999,19.828211
heuristic/batch-4,2412.05210v1.pdf,OcrDetectionPreprocess,6,316.39776800000004,63.573194
heuristic/batch-4,2412.05210v1.pdf,OcrOrientationInference,218,3854.099144,216.663569
heuristic/batch-4,2412.05210v1.pdf,OcrQueue,448,29757.997734000008,10666.609393
heuristic/batch-4,2412.05210v1.pdf,OcrReadback,442,1048.9342139999999,17.021141
heuristic/batch-4,2412.05210v1.pdf,OcrRecognitionInference,218,9514.096373000008,545.217661
heuristic/batch-4,2412.05210v1.pdf,OcrRecognitionPreprocess,436,321.12423799999993,2.588662
heuristic/batch-4,2412.05210v1.pdf,ParseTotal,1,16271.444164999999,16271.444164999999
heuristic/batch-4,2412.05210v1.pdf,PdfOpen,1,0.451973,0.451973
heuristic/batch-4,2412.05210v1.pdf,PdfRender,12,343.21841699999993,77.099092
heuristic/batch-4,2412.05210v1.pdf,PdfiumQueue,1,0.0038260000000000004,0.0038260000000000004
heuristic/batch-4,2412.05210v1.pdf,TableRules,4,17.765213,7.978170999999999
heuristic/batch-4,2412.05210v1.pdf,TextExtract,12,220.057341,28.448088
heuristic/batch-4,2412.05210v1.pdf,TextFinish,24,531.2569659999999,258.315041
heuristic/batch-4,2412.05210v1.pdf,TextPrepare,12,1.5676230000000002,0.333286
heuristic/batch-4,2604.18583v1.pdf,DocumentContext,1,1.551065,1.551065
heuristic/batch-4,2604.18583v1.pdf,LayoutInference,15,1303.648677,192.662058
heuristic/batch-4,2604.18583v1.pdf,LayoutPostprocess,15,0.28690899999999997,0.050374999999999996
heuristic/batch-4,2604.18583v1.pdf,LayoutPreprocess,15,312.7965930000001,25.126596
heuristic/batch-4,2604.18583v1.pdf,LayoutQueue,15,507.088776,143.46937100000002
heuristic/batch-4,2604.18583v1.pdf,LayoutReadback,15,0.08108299999999999,0.011172000000000001
heuristic/batch-4,2604.18583v1.pdf,LinkValidate,1,6.614542,6.614542
heuristic/batch-4,2604.18583v1.pdf,Ocr,8,51511.519933999996,8902.518146
heuristic/batch-4,2604.18583v1.pdf,OcrDecode,100,0.363888,0.020122
heuristic/batch-4,2604.18583v1.pdf,OcrDetectionInference,8,1237.627577,211.54128599999999
heuristic/batch-4,2604.18583v1.pdf,OcrDetectionPostprocess,8,114.89764,21.60331
heuristic/batch-4,2604.18583v1.pdf,OcrDetectionPreprocess,8,368.815353,48.974956
heuristic/batch-4,2604.18583v1.pdf,OcrOrientationInference,44,599.5041469999999,32.477047
heuristic/batch-4,2604.18583v1.pdf,OcrQueue,104,47575.749026,8399.331108
heuristic/batch-4,2604.18583v1.pdf,OcrReadback,96,200.23119799999986,11.375283999999999
heuristic/batch-4,2604.18583v1.pdf,OcrRecognitionInference,44,1309.356233,62.108043
heuristic/batch-4,2604.18583v1.pdf,OcrRecognitionPreprocess,88,73.22379600000001,3.4902349999999998
heuristic/batch-4,2604.18583v1.pdf,ParseTotal,1,14172.896236,14172.896236
heuristic/batch-4,2604.18583v1.pdf,PdfOpen,1,0.36687,0.36687
heuristic/batch-4,2604.18583v1.pdf,PdfRender,15,1520.71551,544.4345470000001
heuristic/batch-4,2604.18583v1.pdf,PdfiumQueue,1,0.0027530000000000002,0.0027530000000000002
heuristic/batch-4,2604.18583v1.pdf,TableRules,2,2.029612,1.119865
heuristic/batch-4,2604.18583v1.pdf,TextExtract,15,224.96652200000005,31.865044
heuristic/batch-4,2604.18583v1.pdf,TextFinish,30,538.2815449999999,190.215631
heuristic/batch-4,2604.18583v1.pdf,TextPrepare,15,1.597569,0.32639700000000005
heuristic/batch-4,2603.01919v2.pdf,DocumentContext,1,2.287547,2.287547
heuristic/batch-4,2603.01919v2.pdf,LayoutInference,23,2104.9481110000006,203.957456
heuristic/batch-4,2603.01919v2.pdf,LayoutPostprocess,23,0.38928900000000005,0.057834
heuristic/batch-4,2603.01919v2.pdf,LayoutPreprocess,23,535.985617,48.787413
heuristic/batch-4,2603.01919v2.pdf,LayoutQueue,23,4650.630280999999,371.719812
heuristic/batch-4,2603.01919v2.pdf,LayoutReadback,23,0.13712899999999997,0.016541999999999998
heuristic/batch-4,2603.01919v2.pdf,LinkValidate,1,11.120168999999999,11.120168999999999
heuristic/batch-4,2603.01919v2.pdf,Ocr,10,93705.34671500002,14485.823459000001
heuristic/batch-4,2603.01919v2.pdf,OcrDecode,1101,2.9706620000000004,0.10965699999999999
heuristic/batch-4,2603.01919v2.pdf,OcrDetectionInference,10,1341.4482549999998,164.383792
heuristic/batch-4,2603.01919v2.pdf,OcrDetectionPostprocess,10,134.719148,18.794899
heuristic/batch-4,2603.01919v2.pdf,OcrDetectionPreprocess,10,481.464147,55.480019
heuristic/batch-4,2603.01919v2.pdf,OcrOrientationInference,370,7666.796599000002,274.48258599999997
heuristic/batch-4,2603.01919v2.pdf,OcrQueue,760,67612.46081699996,10185.496852
heuristic/batch-4,2603.01919v2.pdf,OcrReadback,750,1860.0297100000003,14.834382999999999
heuristic/batch-4,2603.01919v2.pdf,OcrRecognitionInference,370,13827.991706000004,453.417936
heuristic/batch-4,2603.01919v2.pdf,OcrRecognitionPreprocess,740,540.953642,2.860417
heuristic/batch-4,2603.01919v2.pdf,ParseTotal,1,30333.251712999998,30333.251712999998
heuristic/batch-4,2603.01919v2.pdf,PdfOpen,1,0.614629,0.614629
heuristic/batch-4,2603.01919v2.pdf,PdfRender,23,794.790828,121.819512
heuristic/batch-4,2603.01919v2.pdf,PdfiumQueue,1,0.003303,0.003303
heuristic/batch-4,2603.01919v2.pdf,TableExternal,1,610.982053,610.982053
heuristic/batch-4,2603.01919v2.pdf,TableFill,1,0.269483,0.269483
heuristic/batch-4,2603.01919v2.pdf,TableRules,18,23.776667000000003,4.558121
heuristic/batch-4,2603.01919v2.pdf,TextExtract,23,425.774475,46.030801000000004
heuristic/batch-4,2603.01919v2.pdf,TextFinish,46,603.4044560000002,88.80530300000001
heuristic/batch-4,2603.01919v2.pdf,TextPrepare,23,2.1857599999999997,0.206204
heuristic/batch-4,2603.01919v2.pdf,TsrInference,3,606.0042779999999,452.463424
heuristic/batch-4,2603.01919v2.pdf,TsrPostprocess,3,0.288923,0.171884
heuristic/batch-4,2603.01919v2.pdf,TsrPreprocess,3,3.117755,1.382539
heuristic/batch-4,2603.01919v2.pdf,TsrQueue,3,0.4868,0.240257
heuristic/batch-4,2604.21959v1.pdf,DocumentContext,1,0.15904100000000002,0.15904100000000002
heuristic/batch-4,2604.21959v1.pdf,LayoutInference,3,280.934863,128.984167
heuristic/batch-4,2604.21959v1.pdf,LayoutPostprocess,3,0.027736999999999998,0.01185
heuristic/batch-4,2604.21959v1.pdf,LayoutPreprocess,3,63.941117000000006,22.423991
heuristic/batch-4,2604.21959v1.pdf,LayoutQueue,3,282.97863099999995,172.17949199999998
heuristic/batch-4,2604.21959v1.pdf,LayoutReadback,3,0.013142999999999998,0.004618
heuristic/batch-4,2604.21959v1.pdf,LinkValidate,1,1.214131,1.214131
heuristic/batch-4,2604.21959v1.pdf,Ocr,2,11713.715075,7455.18443
heuristic/batch-4,2604.21959v1.pdf,OcrDecode,87,0.34947700000000004,0.022847
heuristic/batch-4,2604.21959v1.pdf,OcrDetectionInference,2,498.31261599999993,370.78468999999996
heuristic/batch-4,2604.21959v1.pdf,OcrDetectionPostprocess,2,18.069763000000002,10.253384
heuristic/batch-4,2604.21959v1.pdf,OcrDetectionPreprocess,2,95.929254,51.469663
heuristic/batch-4,2604.21959v1.pdf,OcrOrientationInference,38,489.514054,34.664386
heuristic/batch-4,2604.21959v1.pdf,OcrQueue,80,8383.587377,4185.007641
heuristic/batch-4,2604.21959v1.pdf,OcrReadback,78,284.96375099999995,26.044366999999998
heuristic/batch-4,2604.21959v1.pdf,OcrRecognitionInference,38,1838.735509,253.68544799999998
heuristic/batch-4,2604.21959v1.pdf,OcrRecognitionPreprocess,76,80.65948800000001,4.7078370000000005
heuristic/batch-4,2604.21959v1.pdf,ParseTotal,1,7796.435963000001,7796.435963000001
heuristic/batch-4,2604.21959v1.pdf,PdfOpen,1,0.37044699999999997,0.37044699999999997
heuristic/batch-4,2604.21959v1.pdf,PdfRender,3,46.358751,17.415383
heuristic/batch-4,2604.21959v1.pdf,PdfiumQueue,1,0.004121,0.004121
heuristic/batch-4,2604.21959v1.pdf,TextExtract,3,20.743155,9.865408
heuristic/batch-4,2604.21959v1.pdf,TextFinish,6,25.84876,15.302693
heuristic/batch-4,2604.21959v1.pdf,TextPrepare,3,0.147079,0.080581
heuristic/batch-4,2604.18584v1.pdf,DocumentContext,1,2.954974,2.954974
heuristic/batch-4,2604.18584v1.pdf,LayoutInference,32,3465.0030480000014,231.42297100000002
heuristic/batch-4,2604.18584v1.pdf,LayoutPostprocess,32,0.566192,0.053569
heuristic/batch-4,2604.18584v1.pdf,LayoutPreprocess,32,663.5228230000001,31.592080000000003
heuristic/batch-4,2604.18584v1.pdf,LayoutQueue,32,4478.420447999999,344.297988
heuristic/batch-4,2604.18584v1.pdf,LayoutReadback,32,0.178904,0.010212
heuristic/batch-4,2604.18584v1.pdf,LinkValidate,1,12.261473,12.261473
heuristic/batch-4,2604.18584v1.pdf,Ocr,13,118689.311175,24252.993449
heuristic/batch-4,2604.18584v1.pdf,OcrDecode,882,4.042335999999997,0.093482
heuristic/batch-4,2604.18584v1.pdf,OcrDetectionInference,13,2370.304348,346.485363
heuristic/batch-4,2604.18584v1.pdf,OcrDetectionPostprocess,13,134.88725200000002,16.443786
heuristic/batch-4,2604.18584v1.pdf,OcrDetectionPreprocess,13,637.5152619999999,54.411018
heuristic/batch-4,2604.18584v1.pdf,OcrOrientationInference,468,8422.940794000002,293.470535
heuristic/batch-4,2604.18584v1.pdf,OcrQueue,962,79469.9064890001,13875.61953
heuristic/batch-4,2604.18584v1.pdf,OcrReadback,949,2487.423761,32.137178000000006
heuristic/batch-4,2604.18584v1.pdf,OcrRecognitionInference,468,24119.35633699999,684.326219
heuristic/batch-4,2604.18584v1.pdf,OcrRecognitionPreprocess,936,740.1150109999998,5.79931
heuristic/batch-4,2604.18584v1.pdf,ParseTotal,1,39480.327948000006,39480.327948000006
heuristic/batch-4,2604.18584v1.pdf,PdfOpen,1,0.32782900000000004,0.32782900000000004
heuristic/batch-4,2604.18584v1.pdf,PdfRender,32,622.965509,100.759192
heuristic/batch-4,2604.18584v1.pdf,PdfiumQueue,1,0.004555,0.004555
heuristic/batch-4,2604.18584v1.pdf,TableExternal,2,881.333033,454.030104
heuristic/batch-4,2604.18584v1.pdf,TableFill,2,0.208344,0.169051
heuristic/batch-4,2604.18584v1.pdf,TableRules,18,29.950246999999997,6.509225000000001
heuristic/batch-4,2604.18584v1.pdf,TextExtract,32,309.1116,16.95454
heuristic/batch-4,2604.18584v1.pdf,TextFinish,64,493.4225799999998,54.099638999999996
heuristic/batch-4,2604.18584v1.pdf,TextPrepare,32,2.3293130000000004,0.23688299999999998
heuristic/batch-4,2604.18584v1.pdf,TsrInference,2,875.8451660000001,449.759878
heuristic/batch-4,2604.18584v1.pdf,TsrPostprocess,2,0.09238299999999999,0.07450699999999999
heuristic/batch-4,2604.18584v1.pdf,TsrPreprocess,2,4.205215,3.840379
heuristic/batch-4,2604.18584v1.pdf,TsrQueue,2,0.22184299999999998,0.167678
heuristic/batch-4,2606.17056v1.pdf,DocumentContext,1,7.420807,7.420807
heuristic/batch-4,2606.17056v1.pdf,LayoutInference,25,2741.853618,205.480895
heuristic/batch-4,2606.17056v1.pdf,LayoutPostprocess,25,0.298043,0.031314
heuristic/batch-4,2606.17056v1.pdf,LayoutPreprocess,25,513.317845,32.597550000000005
heuristic/batch-4,2606.17056v1.pdf,LayoutQueue,25,2661.403821000001,317.18896
heuristic/batch-4,2606.17056v1.pdf,LayoutReadback,25,0.167926,0.012253
heuristic/batch-4,2606.17056v1.pdf,LinkValidate,1,9.603133,9.603133
heuristic/batch-4,2606.17056v1.pdf,Ocr,15,135223.95667899997,17330.893250999998
heuristic/batch-4,2606.17056v1.pdf,OcrDecode,831,2.4128260000000017,0.103399
heuristic/batch-4,2606.17056v1.pdf,OcrDetectionInference,15,2662.383618,311.657461
heuristic/batch-4,2606.17056v1.pdf,OcrDetectionPostprocess,15,150.182601,13.785176
heuristic/batch-4,2606.17056v1.pdf,OcrDetectionPreprocess,15,730.614198,59.675988
heuristic/batch-4,2606.17056v1.pdf,OcrOrientationInference,295,5284.347668,118.654172
heuristic/batch-4,2606.17056v1.pdf,OcrQueue,620,112181.62443099995,15226.475618
heuristic/batch-4,2606.17056v1.pdf,OcrReadback,605,1485.3264709999996,21.32543
heuristic/batch-4,2606.17056v1.pdf,OcrRecognitionInference,295,12093.092179000003,511.57293400000003
heuristic/batch-4,2606.17056v1.pdf,OcrRecognitionPreprocess,590,436.52035100000046,4.488619
heuristic/batch-4,2606.17056v1.pdf,ParseTotal,1,36619.263097999996,36619.263097999996
heuristic/batch-4,2606.17056v1.pdf,PdfOpen,1,0.651984,0.651984
heuristic/batch-4,2606.17056v1.pdf,PdfRender,25,406.30384299999986,31.612970999999998
heuristic/batch-4,2606.17056v1.pdf,PdfiumQueue,1,0.004343,0.004343
heuristic/batch-4,2606.17056v1.pdf,TableRules,4,3.78308,1.515467
heuristic/batch-4,2606.17056v1.pdf,TextExtract,25,262.86839599999996,15.781350999999999
heuristic/batch-4,2606.17056v1.pdf,TextFinish,50,233.49909600000004,20.896878
heuristic/batch-4,2606.17056v1.pdf,TextPrepare,25,1.5309719999999998,0.10149799999999999
heuristic/batch-4,2609.04180v1.pdf,DocumentContext,1,1.9750290000000001,1.9750290000000001
heuristic/batch-4,2609.04180v1.pdf,LayoutInference,23,2399.1758569999997,327.65979699999997
heuristic/batch-4,2609.04180v1.pdf,LayoutPostprocess,23,0.35341900000000004,0.088143
heuristic/batch-4,2609.04180v1.pdf,LayoutPreprocess,23,507.5628489999999,27.568601
heuristic/batch-4,2609.04180v1.pdf,LayoutQueue,23,3456.765504000001,304.38563400000004
heuristic/batch-4,2609.04180v1.pdf,LayoutReadback,23,0.113324,0.009836000000000001
heuristic/batch-4,2609.04180v1.pdf,LinkValidate,1,16.744866000000002,16.744866000000002
heuristic/batch-4,2609.04180v1.pdf,Ocr,9,58817.409675999996,11532.257082999999
heuristic/batch-4,2609.04180v1.pdf,OcrDecode,755,2.005111000000001,0.047889999999999995
heuristic/batch-4,2609.04180v1.pdf,OcrDetectionInference,9,1575.229837,217.327207
heuristic/batch-4,2609.04180v1.pdf,OcrDetectionPostprocess,9,122.56036700000003,18.266005
heuristic/batch-4,2609.04180v1.pdf,OcrDetectionPreprocess,9,461.64961,64.085637
heuristic/batch-4,2609.04180v1.pdf,OcrOrientationInference,254,4373.330694000002,340.02106
heuristic/batch-4,2609.04180v1.pdf,OcrQueue,526,41410.76095400002,6641.144386
heuristic/batch-4,2609.04180v1.pdf,OcrReadback,517,1445.5083470000002,44.466806999999996
heuristic/batch-4,2609.04180v1.pdf,OcrRecognitionInference,254,8878.525499999992,462.12972
heuristic/batch-4,2609.04180v1.pdf,OcrRecognitionPreprocess,508,383.09147799999994,7.242075
heuristic/batch-4,2609.04180v1.pdf,ParseTotal,1,18235.012238,18235.012238
heuristic/batch-4,2609.04180v1.pdf,PdfOpen,1,0.642429,0.642429
heuristic/batch-4,2609.04180v1.pdf,PdfRender,23,488.4961569999999,49.907624999999996
heuristic/batch-4,2609.04180v1.pdf,PdfiumQueue,1,0.003761,0.003761
heuristic/batch-4,2609.04180v1.pdf,TableRules,12,6.784402,1.518872
heuristic/batch-4,2609.04180v1.pdf,TextExtract,23,314.02406099999996,26.946524999999998
heuristic/batch-4,2609.04180v1.pdf,TextFinish,46,395.69131500000003,33.635947
heuristic/batch-4,2609.04180v1.pdf,TextPrepare,23,1.8602009999999998,0.228165
heuristic/batch-4,2609.04184v1.pdf,DocumentContext,1,0.6645270000000001,0.6645270000000001
heuristic/batch-4,2609.04184v1.pdf,LayoutInference,8,618.516139,83.346779
heuristic/batch-4,2609.04184v1.pdf,LayoutPostprocess,8,0.12476600000000002,0.035511
heuristic/batch-4,2609.04184v1.pdf,LayoutPreprocess,8,173.61470899999998,25.720586
heuristic/batch-4,2609.04184v1.pdf,LayoutQueue,8,1751.8718410000001,298.142312
heuristic/batch-4,2609.04184v1.pdf,LayoutReadback,8,0.051059999999999994,0.008716
heuristic/batch-4,2609.04184v1.pdf,LinkValidate,1,5.698416000000001,5.698416000000001
heuristic/batch-4,2609.04184v1.pdf,Ocr,5,53124.72411,13714.428956000002
heuristic/batch-4,2609.04184v1.pdf,OcrDecode,239,0.8913470000000003,0.07721499999999999
heuristic/batch-4,2609.04184v1.pdf,OcrDetectionInference,5,729.9935329999998,204.14326699999998
heuristic/batch-4,2609.04184v1.pdf,OcrDetectionPostprocess,5,76.319976,15.957768000000002
heuristic/batch-4,2609.04184v1.pdf,OcrDetectionPreprocess,5,237.719466,55.148201
heuristic/batch-4,2609.04184v1.pdf,OcrOrientationInference,102,1528.641794,142.081494
heuristic/batch-4,2609.04184v1.pdf,OcrQueue,214,45317.02306799996,12482.735528
heuristic/batch-4,2609.04184v1.pdf,OcrReadback,209,414.29761600000006,7.830751
heuristic/batch-4,2609.04184v1.pdf,OcrRecognitionInference,102,4626.7830829999975,386.725912
heuristic/batch-4,2609.04184v1.pdf,OcrRecognitionPreprocess,204,127.82615599999997,1.99905
heuristic/batch-4,2609.04184v1.pdf,ParseTotal,1,14861.798646000001,14861.798646000001
heuristic/batch-4,2609.04184v1.pdf,PdfOpen,1,0.876208,0.876208
heuristic/batch-4,2609.04184v1.pdf,PdfRender,8,190.35404999999997,36.596363
heuristic/batch-4,2609.04184v1.pdf,PdfiumQueue,1,0.004471,0.004471
heuristic/batch-4,2609.04184v1.pdf,TableExternal,1,279.997165,279.997165
heuristic/batch-4,2609.04184v1.pdf,TableFill,1,0.860402,0.860402
heuristic/batch-4,2609.04184v1.pdf,TableRules,7,2.8101610000000004,0.727626
heuristic/batch-4,2609.04184v1.pdf,TextExtract,8,144.75807899999998,24.253771
heuristic/batch-4,2609.04184v1.pdf,TextFinish,16,252.75030200000003,67.98577999999999
heuristic/batch-4,2609.04184v1.pdf,TextPrepare,8,0.795058,0.153432
heuristic/batch-4,2609.04184v1.pdf,TsrInference,1,277.083015,277.083015
heuristic/batch-4,2609.04184v1.pdf,TsrPostprocess,1,0.048796,0.048796
heuristic/batch-4,2609.04184v1.pdf,TsrPreprocess,1,2.414795,2.414795
heuristic/batch-4,2609.04184v1.pdf,TsrQueue,1,0.06944499999999999,0.06944499999999999
heuristic/batch-4,2609.04203v1.pdf,DocumentContext,1,2.6304440000000002,2.6304440000000002
heuristic/batch-4,2609.04203v1.pdf,LayoutInference,20,2244.4211689999997,250.14071700000002
heuristic/batch-4,2609.04203v1.pdf,LayoutPostprocess,20,0.23024600000000003,0.019122
heuristic/batch-4,2609.04203v1.pdf,LayoutPreprocess,20,440.568584,31.512230000000002
heuristic/batch-4,2609.04203v1.pdf,LayoutQueue,20,2686.2952040000005,424.89926099999997
heuristic/batch-4,2609.04203v1.pdf,LayoutReadback,20,0.12789399999999998,0.00941
heuristic/batch-4,2609.04203v1.pdf,LinkValidate,1,13.767592,13.767592
heuristic/batch-4,2609.04203v1.pdf,Ocr,9,30517.805615999998,6593.615121
heuristic/batch-4,2609.04203v1.pdf,OcrDecode,287,0.67316,0.025374
heuristic/batch-4,2609.04203v1.pdf,OcrDetectionInference,9,1370.8559710000002,172.29508900000002
heuristic/batch-4,2609.04203v1.pdf,OcrDetectionPostprocess,9,148.973229,22.382863999999998
heuristic/batch-4,2609.04203v1.pdf,OcrDetectionPreprocess,9,448.912858,62.413274
heuristic/batch-4,2609.04203v1.pdf,OcrOrientationInference,102,1426.2352420000007,298.90702200000004
heuristic/batch-4,2609.04203v1.pdf,OcrQueue,222,22645.716786999998,4811.975218
heuristic/batch-4,2609.04203v1.pdf,OcrReadback,213,492.1110149999998,8.183519
heuristic/batch-4,2609.04203v1.pdf,OcrRecognitionInference,102,3766.903444,496.331459
heuristic/batch-4,2609.04203v1.pdf,OcrRecognitionPreprocess,204,149.53537800000007,2.038911
heuristic/batch-4,2609.04203v1.pdf,ParseTotal,1,9623.173788999999,9623.173788999999
heuristic/batch-4,2609.04203v1.pdf,PdfOpen,1,0.574467,0.574467
heuristic/batch-4,2609.04203v1.pdf,PdfRender,20,802.429695,233.648979
heuristic/batch-4,2609.04203v1.pdf,PdfiumQueue,1,0.0075190000000000005,0.0075190000000000005
heuristic/batch-4,2609.04203v1.pdf,TableExternal,1,637.875592,637.875592
heuristic/batch-4,2609.04203v1.pdf,TableFill,1,7.087465,7.087465
heuristic/batch-4,2609.04203v1.pdf,TableRules,19,11.752940000000002,1.619852
heuristic/batch-4,2609.04203v1.pdf,TextExtract,20,526.779749,109.453418
heuristic/batch-4,2609.04203v1.pdf,TextFinish,40,643.9946180000001,66.595856
heuristic/batch-4,2609.04203v1.pdf,TextPrepare,20,2.0137820000000004,0.140989
heuristic/batch-4,2609.04203v1.pdf,TsrInference,1,635.19676,635.19676
heuristic/batch-4,2609.04203v1.pdf,TsrPostprocess,1,0.185663,0.185663
heuristic/batch-4,2609.04203v1.pdf,TsrPreprocess,1,1.988868,1.988868
heuristic/batch-4,2609.04203v1.pdf,TsrQueue,1,0.1893,0.1893
heuristic/batch-8,2403.01632v4.pdf,DocumentContext,1,3.578195,3.578195
heuristic/batch-8,2403.01632v4.pdf,LayoutInference,47,5023.24617,268.384011
heuristic/batch-8,2403.01632v4.pdf,LayoutPostprocess,47,0.6089150000000001,0.038285
heuristic/batch-8,2403.01632v4.pdf,LayoutPreprocess,47,1013.5529269999998,27.482633999999997
heuristic/batch-8,2403.01632v4.pdf,LayoutQueue,47,9860.564543,439.157084
heuristic/batch-8,2403.01632v4.pdf,LayoutReadback,47,0.18431700000000004,0.01081
heuristic/batch-8,2403.01632v4.pdf,LinkValidate,1,20.856081,20.856081
heuristic/batch-8,2403.01632v4.pdf,Ocr,13,96334.820326,13454.620329000001
heuristic/batch-8,2403.01632v4.pdf,OcrDecode,417,1.6504160000000005,0.025736
heuristic/batch-8,2403.01632v4.pdf,OcrDetectionInference,13,2271.264384,225.37489499999998
heuristic/batch-8,2403.01632v4.pdf,OcrDetectionPostprocess,13,137.39218200000002,15.845155
heuristic/batch-8,2403.01632v4.pdf,OcrDetectionPreprocess,13,620.092024,54.040165
heuristic/batch-8,2403.01632v4.pdf,OcrOrientationInference,211,4937.209445000001,486.539945
heuristic/batch-8,2403.01632v4.pdf,OcrQueue,448,72047.587308,9620.304627
heuristic/batch-8,2403.01632v4.pdf,OcrReadback,435,1200.575659000001,15.171458000000001
heuristic/batch-8,2403.01632v4.pdf,OcrRecognitionInference,211,14572.185974000002,623.523077
heuristic/batch-8,2403.01632v4.pdf,OcrRecognitionPreprocess,422,409.48191400000013,3.817963
heuristic/batch-8,2403.01632v4.pdf,ParseTotal,1,27526.29511,27526.29511
heuristic/batch-8,2403.01632v4.pdf,PdfOpen,1,0.435264,0.435264
heuristic/batch-8,2403.01632v4.pdf,PdfRender,47,871.9401719999998,58.069836
heuristic/batch-8,2403.01632v4.pdf,PdfiumQueue,1,0.000565,0.000565
heuristic/batch-8,2403.01632v4.pdf,TableRules,7,4.7747209999999995,1.2666229999999998
heuristic/batch-8,2403.01632v4.pdf,TextExtract,47,555.0090760000002,17.002433
heuristic/batch-8,2403.01632v4.pdf,TextFinish,94,719.6794499999999,34.529559
heuristic/batch-8,2403.01632v4.pdf,TextPrepare,47,2.9119539999999993,0.122094
heuristic/batch-8,2303.18223v16.pdf,DocumentContext,1,16.557003,16.557003
heuristic/batch-8,2303.18223v16.pdf,LayoutInference,144,13102.743256000003,223.099732
heuristic/batch-8,2303.18223v16.pdf,LayoutPostprocess,144,2.0229319999999995,0.045481
heuristic/batch-8,2303.18223v16.pdf,LayoutPreprocess,144,3171.13523,34.75105
heuristic/batch-8,2303.18223v16.pdf,LayoutQueue,144,25443.319581000003,609.047333
heuristic/batch-8,2303.18223v16.pdf,LayoutReadback,144,0.61797,0.012541
heuristic/batch-8,2303.18223v16.pdf,LinkValidate,1,67.908787,67.908787
heuristic/batch-8,2303.18223v16.pdf,Ocr,16,145084.93385499998,16112.345959999999
heuristic/batch-8,2303.18223v16.pdf,OcrDecode,717,2.010573999999999,0.028829
heuristic/batch-8,2303.18223v16.pdf,OcrDetectionInference,16,2537.0495379999998,222.781973
heuristic/batch-8,2303.18223v16.pdf,OcrDetectionPostprocess,16,290.241529,32.433598
heuristic/batch-8,2303.18223v16.pdf,OcrDetectionPreprocess,16,808.3744889999999,72.980765
heuristic/batch-8,2303.18223v16.pdf,OcrOrientationInference,236,6379.636239999998,437.41415300000006
heuristic/batch-8,2303.18223v16.pdf,OcrQueue,504,116791.5830810001,13417.349331000001
heuristic/batch-8,2303.18223v16.pdf,OcrReadback,488,1337.4097939999997,14.507157999999999
heuristic/batch-8,2303.18223v16.pdf,OcrRecognitionInference,236,16358.532599000002,682.014756
heuristic/batch-8,2303.18223v16.pdf,OcrRecognitionPreprocess,472,416.7028079999999,3.853792
heuristic/batch-8,2303.18223v16.pdf,ParseTotal,1,46944.540506000005,46944.540506000005
heuristic/batch-8,2303.18223v16.pdf,PdfOpen,1,0.969073,0.969073
heuristic/batch-8,2303.18223v16.pdf,PdfRender,144,2484.570244000002,100.32845499999999
heuristic/batch-8,2303.18223v16.pdf,PdfiumQueue,1,0.003397,0.003397
heuristic/batch-8,2303.18223v16.pdf,TableExternal,1,1164.148605,1164.148605
heuristic/batch-8,2303.18223v16.pdf,TableFill,1,2.194189,2.194189
heuristic/batch-8,2303.18223v16.pdf,TableRules,24,38.000005,4.62683
heuristic/batch-8,2303.18223v16.pdf,TextExtract,144,2925.339979999999,29.220330999999998
heuristic/batch-8,2303.18223v16.pdf,TextFinish,288,6210.372464999997,142.024753
heuristic/batch-8,2303.18223v16.pdf,TextPrepare,144,17.240693000000004,0.343437
heuristic/batch-8,2303.18223v16.pdf,TsrInference,5,1150.811361,884.2597599999999
heuristic/batch-8,2303.18223v16.pdf,TsrPostprocess,5,0.23098100000000002,0.11312
heuristic/batch-8,2303.18223v16.pdf,TsrPreprocess,5,8.838011,4.170051999999999
heuristic/batch-8,2303.18223v16.pdf,TsrQueue,5,0.702813,0.181927
heuristic/batch-8,2410.05779v3.pdf,DocumentContext,1,1.147986,1.147986
heuristic/batch-8,2410.05779v3.pdf,LayoutInference,16,1389.0829689999998,155.348522
heuristic/batch-8,2410.05779v3.pdf,LayoutPostprocess,16,0.20779299999999998,0.035666
heuristic/batch-8,2410.05779v3.pdf,LayoutPreprocess,16,342.295256,28.823785
heuristic/batch-8,2410.05779v3.pdf,LayoutQueue,16,4901.492864,612.854029
heuristic/batch-8,2410.05779v3.pdf,LayoutReadback,16,0.065038,0.009387
heuristic/batch-8,2410.05779v3.pdf,LinkValidate,1,5.7517640000000005,5.7517640000000005
heuristic/batch-8,2410.05779v3.pdf,Ocr,5,64575.596793000004,15566.524465
heuristic/batch-8,2410.05779v3.pdf,OcrDecode,291,1.5753969999999997,0.027277
heuristic/batch-8,2410.05779v3.pdf,OcrDetectionInference,5,680.270645,156.604919
heuristic/batch-8,2410.05779v3.pdf,OcrDetectionPostprocess,5,52.354136000000004,13.259223
heuristic/batch-8,2410.05779v3.pdf,OcrDetectionPreprocess,5,254.64307200000002,60.301351000000004
heuristic/batch-8,2410.05779v3.pdf,OcrOrientationInference,187,2662.8833210000007,228.165822
heuristic/batch-8,2410.05779v3.pdf,OcrQueue,384,47612.681112999984,10629.173273999999
heuristic/batch-8,2410.05779v3.pdf,OcrReadback,379,1616.6897329999993,62.673506
heuristic/batch-8,2410.05779v3.pdf,OcrRecognitionInference,187,11095.626386000002,522.376631
heuristic/batch-8,2410.05779v3.pdf,OcrRecognitionPreprocess,374,479.515825,10.841955
heuristic/batch-8,2410.05779v3.pdf,ParseTotal,1,23880.261331,23880.261331
heuristic/batch-8,2410.05779v3.pdf,PdfOpen,1,0.45452699999999996,0.45452699999999996
heuristic/batch-8,2410.05779v3.pdf,PdfRender,16,299.76817,33.772152
heuristic/batch-8,2410.05779v3.pdf,PdfiumQueue,1,0.003965,0.003965
heuristic/batch-8,2410.05779v3.pdf,TableRules,6,12.306534000000001,3.942984
heuristic/batch-8,2410.05779v3.pdf,TextExtract,16,177.755522,18.08785
heuristic/batch-8,2410.05779v3.pdf,TextFinish,32,189.597587,26.651265
heuristic/batch-8,2410.05779v3.pdf,TextPrepare,16,1.292259,0.33739
heuristic/batch-8,2412.05210v1.pdf,DocumentContext,1,35.280429000000005,35.280429000000005
heuristic/batch-8,2412.05210v1.pdf,LayoutInference,12,1087.247421,131.57275099999998
heuristic/batch-8,2412.05210v1.pdf,LayoutPostprocess,12,0.196771,0.035852999999999996
heuristic/batch-8,2412.05210v1.pdf,LayoutPreprocess,12,285.36643799999996,34.005699
heuristic/batch-8,2412.05210v1.pdf,LayoutQueue,12,1591.3043439999997,256.638989
heuristic/batch-8,2412.05210v1.pdf,LayoutReadback,12,0.138033,0.022518999999999997
heuristic/batch-8,2412.05210v1.pdf,LinkValidate,1,8.655002,8.655002
heuristic/batch-8,2412.05210v1.pdf,Ocr,6,38452.822253,11060.389068999999
heuristic/batch-8,2412.05210v1.pdf,OcrDecode,439,1.4899279999999984,0.029277
heuristic/batch-8,2412.05210v1.pdf,OcrDetectionInference,6,1478.4986719999997,714.725434
heuristic/batch-8,2412.05210v1.pdf,OcrDetectionPostprocess,6,90.440582,16.456556
heuristic/batch-8,2412.05210v1.pdf,OcrDetectionPreprocess,6,296.538627,54.123681
heuristic/batch-8,2412.05210v1.pdf,OcrOrientationInference,183,2621.812021000002,240.316519
heuristic/batch-8,2412.05210v1.pdf,OcrQueue,378,23694.788921000014,4979.991335000001
heuristic/batch-8,2412.05210v1.pdf,OcrReadback,372,1052.194965,17.263198
heuristic/batch-8,2412.05210v1.pdf,OcrRecognitionInference,183,8751.270989000004,661.8775019999999
heuristic/batch-8,2412.05210v1.pdf,OcrRecognitionPreprocess,366,346.844853,4.695164
heuristic/batch-8,2412.05210v1.pdf,ParseTotal,1,15089.381476,15089.381476
heuristic/batch-8,2412.05210v1.pdf,PdfOpen,1,0.340515,0.340515
heuristic/batch-8,2412.05210v1.pdf,PdfRender,12,343.914017,74.934742
heuristic/batch-8,2412.05210v1.pdf,PdfiumQueue,1,0.004079,0.004079
heuristic/batch-8,2412.05210v1.pdf,TableRules,4,24.329729,11.250823
heuristic/batch-8,2412.05210v1.pdf,TextExtract,12,246.55269799999994,32.984610999999994
heuristic/batch-8,2412.05210v1.pdf,TextFinish,24,539.632865,246.14416599999998
heuristic/batch-8,2412.05210v1.pdf,TextPrepare,12,1.552905,0.275153
heuristic/batch-8,2604.18583v1.pdf,DocumentContext,1,1.264332,1.264332
heuristic/batch-8,2604.18583v1.pdf,LayoutInference,15,1490.113063,205.95418400000003
heuristic/batch-8,2604.18583v1.pdf,LayoutPostprocess,15,0.22380499999999998,0.023490999999999998
heuristic/batch-8,2604.18583v1.pdf,LayoutPreprocess,15,326.77578099999994,28.158863999999998
heuristic/batch-8,2604.18583v1.pdf,LayoutQueue,15,1717.870141,224.44746300000003
heuristic/batch-8,2604.18583v1.pdf,LayoutReadback,15,0.10899999999999999,0.012678
heuristic/batch-8,2604.18583v1.pdf,LinkValidate,1,5.795523,5.795523
heuristic/batch-8,2604.18583v1.pdf,Ocr,8,51303.176692,8211.726992
heuristic/batch-8,2604.18583v1.pdf,OcrDecode,100,0.29650599999999994,0.015068999999999999
heuristic/batch-8,2604.18583v1.pdf,OcrDetectionInference,8,1310.301323,266.95700500000004
heuristic/batch-8,2604.18583v1.pdf,OcrDetectionPostprocess,8,129.395174,34.794683
heuristic/batch-8,2604.18583v1.pdf,OcrDetectionPreprocess,8,390.7103880000001,59.830702
heuristic/batch-8,2604.18583v1.pdf,OcrOrientationInference,35,680.5902089999998,116.725557
heuristic/batch-8,2604.18583v1.pdf,OcrQueue,86,47166.91759700001,7610.231834
heuristic/batch-8,2604.18583v1.pdf,OcrReadback,78,196.82137999999992,13.897393
heuristic/batch-8,2604.18583v1.pdf,OcrRecognitionInference,35,1328.6172989999998,56.399809000000005
heuristic/batch-8,2604.18583v1.pdf,OcrRecognitionPreprocess,70,73.46562899999996,3.984093
heuristic/batch-8,2604.18583v1.pdf,ParseTotal,1,14349.689654,14349.689654
heuristic/batch-8,2604.18583v1.pdf,PdfOpen,1,0.33479400000000004,0.33479400000000004
heuristic/batch-8,2604.18583v1.pdf,PdfRender,15,1861.891634,693.945872
heuristic/batch-8,2604.18583v1.pdf,PdfiumQueue,1,0.003868,0.003868
heuristic/batch-8,2604.18583v1.pdf,TableRules,2,2.0946290000000003,1.246326
heuristic/batch-8,2604.18583v1.pdf,TextExtract,15,242.19496800000005,35.105991
heuristic/batch-8,2604.18583v1.pdf,TextFinish,30,549.2065249999999,202.75438100000002
heuristic/batch-8,2604.18583v1.pdf,TextPrepare,15,1.6106029999999998,0.348018
heuristic/batch-8,2603.01919v2.pdf,DocumentContext,1,2.109128,2.109128
heuristic/batch-8,2603.01919v2.pdf,LayoutInference,23,2645.4917430000005,307.696956
heuristic/batch-8,2603.01919v2.pdf,LayoutPostprocess,23,0.4044999999999999,0.050464
heuristic/batch-8,2603.01919v2.pdf,LayoutPreprocess,23,522.004856,29.155195
heuristic/batch-8,2603.01919v2.pdf,LayoutQueue,23,4743.516176000001,444.496533
heuristic/batch-8,2603.01919v2.pdf,LayoutReadback,23,0.214567,0.039620999999999996
heuristic/batch-8,2603.01919v2.pdf,LinkValidate,1,12.574501999999999,12.574501999999999
heuristic/batch-8,2603.01919v2.pdf,Ocr,10,86972.317994,13382.537275
heuristic/batch-8,2603.01919v2.pdf,OcrDecode,1101,2.505244999999997,0.117228
heuristic/batch-8,2603.01919v2.pdf,OcrDetectionInference,10,1651.367261,223.219875
heuristic/batch-8,2603.01919v2.pdf,OcrDetectionPostprocess,10,134.900286,18.724819
heuristic/batch-8,2603.01919v2.pdf,OcrDetectionPreprocess,10,528.1290730000001,66.52727
heuristic/batch-8,2603.01919v2.pdf,OcrOrientationInference,253,6123.432183999998,427.058325
heuristic/batch-8,2603.01919v2.pdf,OcrQueue,526,62793.476191999995,9623.839274
heuristic/batch-8,2603.01919v2.pdf,OcrReadback,516,1914.0713999999991,17.672513000000002
heuristic/batch-8,2603.01919v2.pdf,OcrRecognitionInference,253,13108.262806999996,510.45250799999997
heuristic/batch-8,2603.01919v2.pdf,OcrRecognitionPreprocess,506,552.5485360000005,4.518148
heuristic/batch-8,2603.01919v2.pdf,ParseTotal,1,28097.563198,28097.563198
heuristic/batch-8,2603.01919v2.pdf,PdfOpen,1,0.586465,0.586465
heuristic/batch-8,2603.01919v2.pdf,PdfRender,23,791.3747239999999,132.202518
heuristic/batch-8,2603.01919v2.pdf,PdfiumQueue,1,0.0044139999999999995,0.0044139999999999995
heuristic/batch-8,2603.01919v2.pdf,TableExternal,1,898.341586,898.341586
heuristic/batch-8,2603.01919v2.pdf,TableFill,1,0.293347,0.293347
heuristic/batch-8,2603.01919v2.pdf,TableRules,18,26.293032,5.030596
heuristic/batch-8,2603.01919v2.pdf,TextExtract,23,438.447529,51.149766
heuristic/batch-8,2603.01919v2.pdf,TextFinish,46,578.120388,79.61586199999999
heuristic/batch-8,2603.01919v2.pdf,TextPrepare,23,2.178521,0.27475
heuristic/batch-8,2603.01919v2.pdf,TsrInference,3,892.8862839999999,533.066413
heuristic/batch-8,2603.01919v2.pdf,TsrPostprocess,3,0.296436,0.18961999999999998
heuristic/batch-8,2603.01919v2.pdf,TsrPreprocess,3,3.5673169999999996,1.533348
heuristic/batch-8,2603.01919v2.pdf,TsrQueue,3,0.37945799999999996,0.192261
heuristic/batch-8,2604.21959v1.pdf,DocumentContext,1,0.187287,0.187287
heuristic/batch-8,2604.21959v1.pdf,LayoutInference,3,274.920109,121.892061
heuristic/batch-8,2604.21959v1.pdf,LayoutPostprocess,3,0.05407300000000001,0.024195
heuristic/batch-8,2604.21959v1.pdf,LayoutPreprocess,3,67.38406900000001,24.086503
heuristic/batch-8,2604.21959v1.pdf,LayoutQueue,3,268.135918,162.29258099999998
heuristic/batch-8,2604.21959v1.pdf,LayoutReadback,3,0.014695,0.005188
heuristic/batch-8,2604.21959v1.pdf,LinkValidate,1,0.918523,0.918523
heuristic/batch-8,2604.21959v1.pdf,Ocr,2,12171.515029,7358.366652
heuristic/batch-8,2604.21959v1.pdf,OcrDecode,87,0.286784,0.021879
heuristic/batch-8,2604.21959v1.pdf,OcrDetectionInference,2,627.220316,450.632093
heuristic/batch-8,2604.21959v1.pdf,OcrDetectionPostprocess,2,21.567505,12.47544
heuristic/batch-8,2604.21959v1.pdf,OcrDetectionPreprocess,2,113.41295099999999,64.58989199999999
heuristic/batch-8,2604.21959v1.pdf,OcrOrientationInference,31,632.20093,202.799229
heuristic/batch-8,2604.21959v1.pdf,OcrQueue,66,8767.998129000003,4093.528653
heuristic/batch-8,2604.21959v1.pdf,OcrReadback,64,294.2128709999999,28.491436
heuristic/batch-8,2604.21959v1.pdf,OcrRecognitionInference,31,1608.6737309999999,260.07289099999997
heuristic/batch-8,2604.21959v1.pdf,OcrRecognitionPreprocess,62,85.153462,6.325773
heuristic/batch-8,2604.21959v1.pdf,ParseTotal,1,7700.869623,7700.869623
heuristic/batch-8,2604.21959v1.pdf,PdfOpen,1,0.374242,0.374242
heuristic/batch-8,2604.21959v1.pdf,PdfRender,3,47.904022,17.468405999999998
heuristic/batch-8,2604.21959v1.pdf,PdfiumQueue,1,0.008825,0.008825
heuristic/batch-8,2604.21959v1.pdf,TextExtract,3,22.998742999999997,10.51465
heuristic/batch-8,2604.21959v1.pdf,TextFinish,6,23.953359,10.606855
heuristic/batch-8,2604.21959v1.pdf,TextPrepare,3,0.360224,0.26475899999999997
heuristic/batch-8,2604.18584v1.pdf,DocumentContext,1,2.219305,2.219305
heuristic/batch-8,2604.18584v1.pdf,LayoutInference,32,3687.85143,208.660348
heuristic/batch-8,2604.18584v1.pdf,LayoutPostprocess,32,0.37767,0.025576
heuristic/batch-8,2604.18584v1.pdf,LayoutPreprocess,32,725.9137840000001,33.539198999999996
heuristic/batch-8,2604.18584v1.pdf,LayoutQueue,32,5139.785439000001,343.05937
heuristic/batch-8,2604.18584v1.pdf,LayoutReadback,32,0.18634799999999996,0.009623999999999999
heuristic/batch-8,2604.18584v1.pdf,LinkValidate,1,13.812946,13.812946
heuristic/batch-8,2604.18584v1.pdf,Ocr,13,104311.610262,23347.896339
heuristic/batch-8,2604.18584v1.pdf,OcrDecode,882,3.365081999999996,0.031829
heuristic/batch-8,2604.18584v1.pdf,OcrDetectionInference,13,2090.843693,197.08131400000002
heuristic/batch-8,2604.18584v1.pdf,OcrDetectionPostprocess,13,130.809809,16.150438
heuristic/batch-8,2604.18584v1.pdf,OcrDetectionPreprocess,13,621.231355,53.917138
heuristic/batch-8,2604.18584v1.pdf,OcrOrientationInference,409,6734.352303000005,261.39126699999997
heuristic/batch-8,2604.18584v1.pdf,OcrQueue,844,69448.35891300012,7789.140235
heuristic/batch-8,2604.18584v1.pdf,OcrReadback,831,2538.1561299999985,39.743934
heuristic/batch-8,2604.18584v1.pdf,OcrRecognitionInference,409,21640.000305999994,499.883568
heuristic/batch-8,2604.18584v1.pdf,OcrRecognitionPreprocess,818,839.0109810000002,8.870825
heuristic/batch-8,2604.18584v1.pdf,ParseTotal,1,37829.658696000006,37829.658696000006
heuristic/batch-8,2604.18584v1.pdf,PdfOpen,1,0.5112180000000001,0.5112180000000001
heuristic/batch-8,2604.18584v1.pdf,PdfRender,32,639.8568549999999,102.106052
heuristic/batch-8,2604.18584v1.pdf,PdfiumQueue,1,0.004628,0.004628
heuristic/batch-8,2604.18584v1.pdf,TableExternal,2,733.984746,718.044583
heuristic/batch-8,2604.18584v1.pdf,TableFill,2,0.183062,0.153855
heuristic/batch-8,2604.18584v1.pdf,TableRules,18,30.445466,7.381882999999999
heuristic/batch-8,2604.18584v1.pdf,TextExtract,32,301.32579100000004,17.960614
heuristic/batch-8,2604.18584v1.pdf,TextFinish,64,490.461578,53.916478
heuristic/batch-8,2604.18584v1.pdf,TextPrepare,32,2.0564350000000005,0.17682799999999999
heuristic/batch-8,2604.18584v1.pdf,TsrInference,2,728.689557,713.8113040000001
heuristic/batch-8,2604.18584v1.pdf,TsrPostprocess,2,0.091325,0.078739
heuristic/batch-8,2604.18584v1.pdf,TsrPreprocess,2,4.337445000000001,3.7426920000000004
heuristic/batch-8,2604.18584v1.pdf,TsrQueue,2,0.36102,0.188302
heuristic/batch-8,2606.17056v1.pdf,DocumentContext,1,5.522405,5.522405
heuristic/batch-8,2606.17056v1.pdf,LayoutInference,25,2755.3652729999994,204.936196
heuristic/batch-8,2606.17056v1.pdf,LayoutPostprocess,25,0.25308,0.024432
heuristic/batch-8,2606.17056v1.pdf,LayoutPreprocess,25,535.5287159999999,33.12191
heuristic/batch-8,2606.17056v1.pdf,LayoutQueue,25,3013.6458209999996,371.70471399999997
heuristic/batch-8,2606.17056v1.pdf,LayoutReadback,25,0.14169700000000002,0.011299
heuristic/batch-8,2606.17056v1.pdf,LinkValidate,1,5.58055,5.58055
heuristic/batch-8,2606.17056v1.pdf,Ocr,15,118660.29556599999,13713.978489000001
heuristic/batch-8,2606.17056v1.pdf,OcrDecode,831,2.0800199999999998,0.082115
heuristic/batch-8,2606.17056v1.pdf,OcrDetectionInference,15,2484.7369150000004,231.39844000000002
heuristic/batch-8,2606.17056v1.pdf,OcrDetectionPostprocess,15,160.08743399999997,13.712854
heuristic/batch-8,2606.17056v1.pdf,OcrDetectionPreprocess,15,723.169668,56.828571000000004
heuristic/batch-8,2606.17056v1.pdf,OcrOrientationInference,207,4248.036386,293.94266200000004
heuristic/batch-8,2606.17056v1.pdf,OcrQueue,444,98094.53925800008,11840.002011999999
heuristic/batch-8,2606.17056v1.pdf,OcrReadback,429,1509.803028000001,23.828139
heuristic/batch-8,2606.17056v1.pdf,OcrRecognitionInference,207,10833.072947999995,525.825123
heuristic/batch-8,2606.17056v1.pdf,OcrRecognitionPreprocess,414,460.1560299999999,6.531023
heuristic/batch-8,2606.17056v1.pdf,ParseTotal,1,31483.033556,31483.033556
heuristic/batch-8,2606.17056v1.pdf,PdfOpen,1,0.668137,0.668137
heuristic/batch-8,2606.17056v1.pdf,PdfRender,25,377.83297,21.649964
heuristic/batch-8,2606.17056v1.pdf,PdfiumQueue,1,0.007088,0.007088
heuristic/batch-8,2606.17056v1.pdf,TableRules,4,3.9497040000000005,1.7258410000000002
heuristic/batch-8,2606.17056v1.pdf,TextExtract,25,263.60717399999993,17.136511
heuristic/batch-8,2606.17056v1.pdf,TextFinish,50,241.58044900000007,20.386639000000002
heuristic/batch-8,2606.17056v1.pdf,TextPrepare,25,1.395236,0.084554
heuristic/batch-8,2609.04184v1.pdf,DocumentContext,1,0.649751,0.649751
heuristic/batch-8,2609.04184v1.pdf,LayoutInference,8,621.0187320000001,80.32293
heuristic/batch-8,2609.04184v1.pdf,LayoutPostprocess,8,0.09445199999999998,0.024352
heuristic/batch-8,2609.04184v1.pdf,LayoutPreprocess,8,176.054113,29.975282
heuristic/batch-8,2609.04184v1.pdf,LayoutQueue,8,1145.7440560000002,214.20747500000002
heuristic/batch-8,2609.04184v1.pdf,LayoutReadback,8,0.04792400000000001,0.011625
heuristic/batch-8,2609.04184v1.pdf,LinkValidate,1,4.082459,4.082459
heuristic/batch-8,2609.04184v1.pdf,Ocr,5,28960.874871,11280.696357
heuristic/batch-8,2609.04184v1.pdf,OcrDecode,239,0.7123899999999997,0.060875000000000005
heuristic/batch-8,2609.04184v1.pdf,OcrDetectionInference,5,921.6576209999998,243.49199199999998
heuristic/batch-8,2609.04184v1.pdf,OcrDetectionPostprocess,5,77.771937,17.109502
heuristic/batch-8,2609.04184v1.pdf,OcrDetectionPreprocess,5,267.10875999999996,69.77503999999999
heuristic/batch-8,2609.04184v1.pdf,OcrOrientationInference,80,1272.7560400000007,87.479164
heuristic/batch-8,2609.04184v1.pdf,OcrQueue,170,22446.763427000005,10219.519821
heuristic/batch-8,2609.04184v1.pdf,OcrReadback,165,409.47012199999983,12.98175
heuristic/batch-8,2609.04184v1.pdf,OcrRecognitionInference,80,3383.486957999999,254.74723300000002
heuristic/batch-8,2609.04184v1.pdf,OcrRecognitionPreprocess,160,126.69040899999999,3.3919129999999997
heuristic/batch-8,2609.04184v1.pdf,ParseTotal,1,14137.870342,14137.870342
heuristic/batch-8,2609.04184v1.pdf,PdfOpen,1,0.678027,0.678027
heuristic/batch-8,2609.04184v1.pdf,PdfRender,8,188.63508499999998,35.66335
heuristic/batch-8,2609.04184v1.pdf,PdfiumQueue,1,0.003948999999999999,0.003948999999999999
heuristic/batch-8,2609.04184v1.pdf,TableExternal,1,209.564525,209.564525
heuristic/batch-8,2609.04184v1.pdf,TableFill,1,0.9960640000000001,0.9960640000000001
heuristic/batch-8,2609.04184v1.pdf,TableRules,7,2.6958029999999997,0.654434
heuristic/batch-8,2609.04184v1.pdf,TextExtract,8,139.002428,23.308000999999997
heuristic/batch-8,2609.04184v1.pdf,TextFinish,16,263.82284899999996,70.07179199999999
heuristic/batch-8,2609.04184v1.pdf,TextPrepare,8,0.7359479999999999,0.131818
heuristic/batch-8,2609.04184v1.pdf,TsrInference,1,207.36777800000002,207.36777800000002
heuristic/batch-8,2609.04184v1.pdf,TsrPostprocess,1,0.046666,0.046666
heuristic/batch-8,2609.04184v1.pdf,TsrPreprocess,1,1.562883,1.562883
heuristic/batch-8,2609.04184v1.pdf,TsrQueue,1,0.19092499999999998,0.19092499999999998
heuristic/batch-8,2609.04180v1.pdf,DocumentContext,1,2.2438,2.2438
heuristic/batch-8,2609.04180v1.pdf,LayoutInference,23,2238.9709059999996,257.339896
heuristic/batch-8,2609.04180v1.pdf,LayoutPostprocess,23,0.23824299999999998,0.028
heuristic/batch-8,2609.04180v1.pdf,LayoutPreprocess,23,535.8667400000002,32.189533
heuristic/batch-8,2609.04180v1.pdf,LayoutQueue,23,3757.319548999999,449.711113
heuristic/batch-8,2609.04180v1.pdf,LayoutReadback,23,0.10113900000000002,0.008957000000000001
heuristic/batch-8,2609.04180v1.pdf,LinkValidate,1,11.141067,11.141067
heuristic/batch-8,2609.04180v1.pdf,Ocr,9,67279.14221600001,12192.674797
heuristic/batch-8,2609.04180v1.pdf,OcrDecode,755,1.705602000000001,0.027509
heuristic/batch-8,2609.04180v1.pdf,OcrDetectionInference,9,1572.783847,206.251676
heuristic/batch-8,2609.04180v1.pdf,OcrDetectionPostprocess,9,122.87821299999997,19.674754999999998
heuristic/batch-8,2609.04180v1.pdf,OcrDetectionPreprocess,9,478.62912299999994,63.67634799999999
heuristic/batch-8,2609.04180v1.pdf,OcrOrientationInference,175,4764.777977,386.24111700000003
heuristic/batch-8,2609.04180v1.pdf,OcrQueue,368,49129.348068000065,7367.382797
heuristic/batch-8,2609.04180v1.pdf,OcrReadback,359,1497.6978789999994,41.612466
heuristic/batch-8,2609.04180v1.pdf,OcrRecognitionInference,175,9198.731800000007,534.0984159999999
heuristic/batch-8,2609.04180v1.pdf,OcrRecognitionPreprocess,350,392.9708000000001,7.483204000000001
heuristic/batch-8,2609.04180v1.pdf,ParseTotal,1,21065.140061000002,21065.140061000002
heuristic/batch-8,2609.04180v1.pdf,PdfOpen,1,0.8465910000000001,0.8465910000000001
heuristic/batch-8,2609.04180v1.pdf,PdfRender,23,475.3312240000001,49.238667
heuristic/batch-8,2609.04180v1.pdf,PdfiumQueue,1,0.003982,0.003982
heuristic/batch-8,2609.04180v1.pdf,TableRules,12,6.527548,1.356907
heuristic/batch-8,2609.04180v1.pdf,TextExtract,23,311.802812,26.246282
heuristic/batch-8,2609.04180v1.pdf,TextFinish,46,410.64715299999995,32.712941
heuristic/batch-8,2609.04180v1.pdf,TextPrepare,23,1.7997629999999998,0.22237200000000001
heuristic/batch-8,2609.04203v1.pdf,DocumentContext,1,2.82456,2.82456
heuristic/batch-8,2609.04203v1.pdf,LayoutInference,20,2500.1170230000002,240.990138
heuristic/batch-8,2609.04203v1.pdf,LayoutPostprocess,20,0.291866,0.035668
heuristic/batch-8,2609.04203v1.pdf,LayoutPreprocess,20,447.24783199999996,31.975347000000003
heuristic/batch-8,2609.04203v1.pdf,LayoutQueue,20,2590.119543,309.021479
heuristic/batch-8,2609.04203v1.pdf,LayoutReadback,20,0.10426,0.014487
heuristic/batch-8,2609.04203v1.pdf,LinkValidate,1,13.594166,13.594166
heuristic/batch-8,2609.04203v1.pdf,Ocr,9,23296.359922,4535.582061
heuristic/batch-8,2609.04203v1.pdf,OcrDecode,287,0.7659469999999998,0.024548
heuristic/batch-8,2609.04203v1.pdf,OcrDetectionInference,9,1947.3703079999998,788.9253779999999
heuristic/batch-8,2609.04203v1.pdf,OcrDetectionPostprocess,9,132.72004600000002,17.207746
heuristic/batch-8,2609.04203v1.pdf,OcrDetectionPreprocess,9,414.31494200000003,54.468413
heuristic/batch-8,2609.04203v1.pdf,OcrOrientationInference,72,1958.9261089999995,304.553119
heuristic/batch-8,2609.04203v1.pdf,OcrQueue,162,13617.622126,2553.342334
heuristic/batch-8,2609.04203v1.pdf,OcrReadback,153,484.3455100000004,14.870522000000001
heuristic/batch-8,2609.04203v1.pdf,OcrRecognitionInference,72,4547.187524999999,455.426803
heuristic/batch-8,2609.04203v1.pdf,OcrRecognitionPreprocess,144,141.03627499999993,3.420926
heuristic/batch-8,2609.04203v1.pdf,ParseTotal,1,7574.973214,7574.973214
heuristic/batch-8,2609.04203v1.pdf,PdfOpen,1,0.597291,0.597291
heuristic/batch-8,2609.04203v1.pdf,PdfRender,20,799.205265,234.94267399999998
heuristic/batch-8,2609.04203v1.pdf,PdfiumQueue,1,0.003267,0.003267
heuristic/batch-8,2609.04203v1.pdf,TableExternal,1,606.552509,606.552509
heuristic/batch-8,2609.04203v1.pdf,TableFill,1,6.571536,6.571536
heuristic/batch-8,2609.04203v1.pdf,TableRules,19,10.349923,1.2142959999999998
heuristic/batch-8,2609.04203v1.pdf,TextExtract,20,495.038796,114.817035
heuristic/batch-8,2609.04203v1.pdf,TextFinish,40,638.280266,64.99426299999999
heuristic/batch-8,2609.04203v1.pdf,TextPrepare,20,2.248282,0.173919
heuristic/batch-8,2609.04203v1.pdf,TsrInference,1,602.82503,602.82503
heuristic/batch-8,2609.04203v1.pdf,TsrPostprocess,1,0.16611499999999998,0.16611499999999998
heuristic/batch-8,2609.04203v1.pdf,TsrPreprocess,1,3.1046810000000002,3.1046810000000002
heuristic/batch-8,2609.04203v1.pdf,TsrQueue,1,0.163155,0.163155
