ocr_mode,concurrency,file,stage,count,total_ms,max_ms
ocr-off,2,2403.01632v4.pdf,DocumentContext,1,2.396166,2.396166
ocr-off,2,2403.01632v4.pdf,LayoutInference,47,3263.015833,75.798969
ocr-off,2,2403.01632v4.pdf,LayoutPostprocess,47,0.8061260000000001,0.068273
ocr-off,2,2403.01632v4.pdf,LayoutPreprocess,47,845.9213349999999,24.759542999999997
ocr-off,2,2403.01632v4.pdf,LayoutQueue,47,12354.114054000001,495.77589
ocr-off,2,2403.01632v4.pdf,LayoutReadback,47,0.17226999999999998,0.01257
ocr-off,2,2403.01632v4.pdf,LinkValidate,1,17.723124,17.723124
ocr-off,2,2403.01632v4.pdf,ParseTotal,1,4950.759096,4950.759096
ocr-off,2,2403.01632v4.pdf,PdfOpen,1,0.459291,0.459291
ocr-off,2,2403.01632v4.pdf,PdfRender,47,706.979029,53.014445
ocr-off,2,2403.01632v4.pdf,PdfiumQueue,1,0.000491,0.000491
ocr-off,2,2403.01632v4.pdf,TableRules,7,2.4734010000000004,0.6212179999999999
ocr-off,2,2403.01632v4.pdf,TextExtract,47,462.6044119999999,13.813816
ocr-off,2,2403.01632v4.pdf,TextFinish,94,582.873587,23.659498
ocr-off,2,2403.01632v4.pdf,TextPrepare,47,1.5256179999999997,0.123699
ocr-off,2,2410.05779v3.pdf,DocumentContext,1,0.9601689999999999,0.9601689999999999
ocr-off,2,2410.05779v3.pdf,LayoutInference,16,1073.171033,75.485049
ocr-off,2,2410.05779v3.pdf,LayoutPostprocess,16,0.188909,0.02694
ocr-off,2,2410.05779v3.pdf,LayoutPreprocess,16,404.20658199999997,29.220702000000003
ocr-off,2,2410.05779v3.pdf,LayoutQueue,16,6556.622326999999,448.43123099999997
ocr-off,2,2410.05779v3.pdf,LayoutReadback,16,0.06318299999999999,0.0054670000000000005
ocr-off,2,2410.05779v3.pdf,LinkValidate,1,6.1231230000000005,6.1231230000000005
ocr-off,2,2410.05779v3.pdf,ParseTotal,1,2421.000824,2421.000824
ocr-off,2,2410.05779v3.pdf,PdfOpen,1,0.318025,0.318025
ocr-off,2,2410.05779v3.pdf,PdfRender,16,350.54516500000005,37.604864
ocr-off,2,2410.05779v3.pdf,PdfiumQueue,1,0.00359,0.00359
ocr-off,2,2410.05779v3.pdf,TableRules,6,10.125319,2.816068
ocr-off,2,2410.05779v3.pdf,TextExtract,16,221.03077600000003,23.098124000000002
ocr-off,2,2410.05779v3.pdf,TextFinish,32,199.00307400000005,29.779549
ocr-off,2,2410.05779v3.pdf,TextPrepare,16,0.5830350000000001,0.064804
ocr-off,2,2412.05210v1.pdf,DocumentContext,1,45.625187999999994,45.625187999999994
ocr-off,2,2412.05210v1.pdf,LayoutInference,12,816.221477,72.33832799999999
ocr-off,2,2412.05210v1.pdf,LayoutPostprocess,12,0.22641699999999998,0.040533
ocr-off,2,2412.05210v1.pdf,LayoutPreprocess,12,314.686214,34.615409
ocr-off,2,2412.05210v1.pdf,LayoutQueue,12,4974.605111,471.469203
ocr-off,2,2412.05210v1.pdf,LayoutReadback,12,0.050365,0.00945
ocr-off,2,2412.05210v1.pdf,LinkValidate,1,7.950380999999999,7.950380999999999
ocr-off,2,2412.05210v1.pdf,ParseTotal,1,2117.332141,2117.332141
ocr-off,2,2412.05210v1.pdf,PdfOpen,1,0.470961,0.470961
ocr-off,2,2412.05210v1.pdf,PdfRender,12,418.480525,89.35959100000001
ocr-off,2,2412.05210v1.pdf,PdfiumQueue,1,0.004174,0.004174
ocr-off,2,2412.05210v1.pdf,TableRules,4,21.288238999999997,9.702795
ocr-off,2,2412.05210v1.pdf,TextExtract,12,304.33314999999993,36.587446
ocr-off,2,2412.05210v1.pdf,TextFinish,24,503.1502099999999,234.26486799999998
ocr-off,2,2412.05210v1.pdf,TextPrepare,12,0.8357209999999999,0.160222
ocr-off,2,2603.01919v2.pdf,DocumentContext,1,1.9001020000000002,1.9001020000000002
ocr-off,2,2603.01919v2.pdf,LayoutInference,23,1586.9900739999998,77.963178
ocr-off,2,2603.01919v2.pdf,LayoutPostprocess,23,0.393085,0.038755
ocr-off,2,2603.01919v2.pdf,LayoutPreprocess,23,659.1095680000001,35.541117
ocr-off,2,2603.01919v2.pdf,LayoutQueue,23,9907.901786,472.973638
ocr-off,2,2603.01919v2.pdf,LayoutReadback,23,0.11009000000000001,0.006246
ocr-off,2,2603.01919v2.pdf,LinkValidate,1,11.864688,11.864688
ocr-off,2,2603.01919v2.pdf,ParseTotal,1,7877.236522,7877.236522
ocr-off,2,2603.01919v2.pdf,PdfOpen,1,0.541024,0.541024
ocr-off,2,2603.01919v2.pdf,PdfRender,23,982.5904240000001,179.996265
ocr-off,2,2603.01919v2.pdf,PdfiumQueue,1,0.003629,0.003629
ocr-off,2,2603.01919v2.pdf,TableExternal,1,5169.619944,5169.619944
ocr-off,2,2603.01919v2.pdf,TableFill,1,0.052852,0.052852
ocr-off,2,2603.01919v2.pdf,TableRules,18,29.843996999999998,6.514263000000001
ocr-off,2,2603.01919v2.pdf,TextExtract,23,459.41608700000006,56.811042
ocr-off,2,2603.01919v2.pdf,TextFinish,46,705.6095470000001,99.717284
ocr-off,2,2603.01919v2.pdf,TextPrepare,23,1.134429,0.12118999999999999
ocr-off,2,2603.01919v2.pdf,TsrInference,3,2628.7308139999996,2542.682105
ocr-off,2,2603.01919v2.pdf,TsrPostprocess,3,0.329513,0.23653500000000002
ocr-off,2,2603.01919v2.pdf,TsrPreprocess,3,3.99235,1.9242110000000001
ocr-off,2,2603.01919v2.pdf,TsrQueue,3,2535.418494,2422.834502
ocr-off,2,2303.18223v16.pdf,DocumentContext,1,16.255539,16.255539
ocr-off,2,2303.18223v16.pdf,LayoutInference,144,9842.162469999996,82.554811
ocr-off,2,2303.18223v16.pdf,LayoutPostprocess,144,2.176624999999999,0.044579999999999995
ocr-off,2,2303.18223v16.pdf,LayoutPreprocess,144,3805.2201750000004,41.064958
ocr-off,2,2303.18223v16.pdf,LayoutQueue,144,44109.37662099999,492.424335
ocr-off,2,2303.18223v16.pdf,LayoutReadback,144,0.6380690000000003,0.011103
ocr-off,2,2303.18223v16.pdf,LinkValidate,1,71.863909,71.863909
ocr-off,2,2303.18223v16.pdf,ParseTotal,1,17600.361013,17600.361013
ocr-off,2,2303.18223v16.pdf,PdfOpen,1,0.944087,0.944087
ocr-off,2,2303.18223v16.pdf,PdfRender,144,2890.9460670000003,89.115926
ocr-off,2,2303.18223v16.pdf,PdfiumQueue,1,0.003805,0.003805
ocr-off,2,2303.18223v16.pdf,TableExternal,1,9175.731161,9175.731161
ocr-off,2,2303.18223v16.pdf,TableFill,1,1.5128570000000001,1.5128570000000001
ocr-off,2,2303.18223v16.pdf,TableRules,24,40.40899,4.701646
ocr-off,2,2303.18223v16.pdf,TextExtract,144,2510.7375449999986,31.230121
ocr-off,2,2303.18223v16.pdf,TextFinish,288,7112.491768000003,180.95265999999998
ocr-off,2,2303.18223v16.pdf,TextPrepare,144,9.123281,0.180392
ocr-off,2,2303.18223v16.pdf,TsrInference,5,6542.690594,6400.860879
ocr-off,2,2303.18223v16.pdf,TsrPostprocess,5,0.259933,0.146432
ocr-off,2,2303.18223v16.pdf,TsrPreprocess,5,7.3766169999999995,2.4503049999999997
ocr-off,2,2303.18223v16.pdf,TsrQueue,5,2621.090532,2538.3358500000004
ocr-off,2,2604.18583v1.pdf,DocumentContext,1,1.128361,1.128361
ocr-off,2,2604.18583v1.pdf,LayoutInference,15,1055.84318,76.204378
ocr-off,2,2604.18583v1.pdf,LayoutPostprocess,15,0.24126199999999998,0.039016
ocr-off,2,2604.18583v1.pdf,LayoutPreprocess,15,308.81753399999997,27.753159999999998
ocr-off,2,2604.18583v1.pdf,LayoutQueue,15,3072.6114759999996,474.563088
ocr-off,2,2604.18583v1.pdf,LayoutReadback,15,0.072898,0.012536
ocr-off,2,2604.18583v1.pdf,LinkValidate,1,5.192156,5.192156
ocr-off,2,2604.18583v1.pdf,ParseTotal,1,2578.623401,2578.623401
ocr-off,2,2604.18583v1.pdf,PdfOpen,1,0.217381,0.217381
ocr-off,2,2604.18583v1.pdf,PdfRender,15,1517.2463030000001,574.3173400000001
ocr-off,2,2604.18583v1.pdf,PdfiumQueue,1,0.0035470000000000002,0.0035470000000000002
ocr-off,2,2604.18583v1.pdf,TableRules,2,1.4603009999999998,0.949457
ocr-off,2,2604.18583v1.pdf,TextExtract,15,214.88517,28.151773000000002
ocr-off,2,2604.18583v1.pdf,TextFinish,30,442.34031500000003,161.235757
ocr-off,2,2604.18583v1.pdf,TextPrepare,15,0.766753,0.151514
ocr-off,2,2604.21959v1.pdf,DocumentContext,1,0.161355,0.161355
ocr-off,2,2604.21959v1.pdf,LayoutInference,3,217.44405799999998,73.744373
ocr-off,2,2604.21959v1.pdf,LayoutPostprocess,3,0.046386000000000004,0.027044000000000002
ocr-off,2,2604.21959v1.pdf,LayoutPreprocess,3,56.885878000000005,20.770727
ocr-off,2,2604.21959v1.pdf,LayoutQueue,3,956.644055,402.648758
ocr-off,2,2604.21959v1.pdf,LayoutReadback,3,0.011042,0.00387
ocr-off,2,2604.21959v1.pdf,LinkValidate,1,0.7660629999999999,0.7660629999999999
ocr-off,2,2604.21959v1.pdf,ParseTotal,1,559.798063,559.798063
ocr-off,2,2604.21959v1.pdf,PdfOpen,1,0.176987,0.176987
ocr-off,2,2604.21959v1.pdf,PdfRender,3,44.154607999999996,16.614068999999997
ocr-off,2,2604.21959v1.pdf,PdfiumQueue,1,0.003303,0.003303
ocr-off,2,2604.21959v1.pdf,TextExtract,3,19.910736,9.697345
ocr-off,2,2604.21959v1.pdf,TextFinish,6,21.996803,12.413367999999998
ocr-off,2,2604.21959v1.pdf,TextPrepare,3,0.076214,0.035311999999999996
ocr-off,2,2604.18584v1.pdf,DocumentContext,1,1.810219,1.810219
ocr-off,2,2604.18584v1.pdf,LayoutInference,32,2324.6866570000007,81.86188899999999
ocr-off,2,2604.18584v1.pdf,LayoutPostprocess,32,0.36344799999999994,0.033937999999999996
ocr-off,2,2604.18584v1.pdf,LayoutPreprocess,32,632.4623300000001,26.563778
ocr-off,2,2604.18584v1.pdf,LayoutQueue,32,9798.991359000003,486.14174399999996
ocr-off,2,2604.18584v1.pdf,LayoutReadback,32,0.16367300000000004,0.016184999999999998
ocr-off,2,2604.18584v1.pdf,LinkValidate,1,14.80368,14.80368
ocr-off,2,2604.18584v1.pdf,ParseTotal,1,4279.071813,4279.071813
ocr-off,2,2604.18584v1.pdf,PdfOpen,1,0.492921,0.492921
ocr-off,2,2604.18584v1.pdf,PdfRender,32,600.1205860000001,91.74518099999999
ocr-off,2,2604.18584v1.pdf,PdfiumQueue,1,0.002978,0.002978
ocr-off,2,2604.18584v1.pdf,TableExternal,2,2105.897596,1874.343922
ocr-off,2,2604.18584v1.pdf,TableFill,2,0.158654,0.130938
ocr-off,2,2604.18584v1.pdf,TableRules,18,28.814038000000004,7.208895
ocr-off,2,2604.18584v1.pdf,TextExtract,32,294.37578,15.976351999999999
ocr-off,2,2604.18584v1.pdf,TextFinish,64,424.599975,53.90508
ocr-off,2,2604.18584v1.pdf,TextPrepare,32,1.033138,0.0626
ocr-off,2,2604.18584v1.pdf,TsrInference,2,2101.227814,1870.556243
ocr-off,2,2604.18584v1.pdf,TsrPostprocess,2,0.068191,0.059238
ocr-off,2,2604.18584v1.pdf,TsrPreprocess,2,3.493081,3.192359
ocr-off,2,2604.18584v1.pdf,TsrQueue,2,0.394341,0.21178
ocr-off,2,2606.17056v1.pdf,DocumentContext,1,5.195842,5.195842
ocr-off,2,2606.17056v1.pdf,LayoutInference,25,1735.8707849999996,78.290426
ocr-off,2,2606.17056v1.pdf,LayoutPostprocess,25,0.4418760000000001,0.090838
ocr-off,2,2606.17056v1.pdf,LayoutPreprocess,25,635.4320729999998,30.09194
ocr-off,2,2606.17056v1.pdf,LayoutQueue,25,6585.150181000001,474.384927
ocr-off,2,2606.17056v1.pdf,LayoutReadback,25,0.147113,0.01216
ocr-off,2,2606.17056v1.pdf,LinkValidate,1,9.698084,9.698084
ocr-off,2,2606.17056v1.pdf,ParseTotal,1,2764.04587,2764.04587
ocr-off,2,2606.17056v1.pdf,PdfOpen,1,0.4984120000000001,0.4984120000000001
ocr-off,2,2606.17056v1.pdf,PdfRender,25,465.968762,30.090702
ocr-off,2,2606.17056v1.pdf,PdfiumQueue,1,0.004084,0.004084
ocr-off,2,2606.17056v1.pdf,TableRules,4,4.625142,1.864688
ocr-off,2,2606.17056v1.pdf,TextExtract,25,291.156558,18.119883
ocr-off,2,2606.17056v1.pdf,TextFinish,50,290.35378700000007,25.907499
ocr-off,2,2606.17056v1.pdf,TextPrepare,25,0.802519,0.073174
ocr-off,2,2609.04184v1.pdf,DocumentContext,1,1.010716,1.010716
ocr-off,2,2609.04184v1.pdf,LayoutInference,8,572.9884549999999,78.910885
ocr-off,2,2609.04184v1.pdf,LayoutPostprocess,8,0.118122,0.018167
ocr-off,2,2609.04184v1.pdf,LayoutPreprocess,8,218.72416600000003,28.799299
ocr-off,2,2609.04184v1.pdf,LayoutQueue,8,3249.252006,480.793633
ocr-off,2,2609.04184v1.pdf,LayoutReadback,8,0.060133000000000006,0.013797
ocr-off,2,2609.04184v1.pdf,LinkValidate,1,3.650175,3.650175
ocr-off,2,2609.04184v1.pdf,ParseTotal,1,1882.572905,1882.572905
ocr-off,2,2609.04184v1.pdf,PdfOpen,1,1.156863,1.156863
ocr-off,2,2609.04184v1.pdf,PdfRender,8,254.090338,46.297644
ocr-off,2,2609.04184v1.pdf,PdfiumQueue,1,0.004031,0.004031
ocr-off,2,2609.04184v1.pdf,TableExternal,1,576.5499,576.5499
ocr-off,2,2609.04184v1.pdf,TableFill,1,0.905825,0.905825
ocr-off,2,2609.04184v1.pdf,TableRules,7,3.3139580000000004,0.816447
ocr-off,2,2609.04184v1.pdf,TextExtract,8,214.31628,36.974306
ocr-off,2,2609.04184v1.pdf,TextFinish,16,298.718956,76.45645900000001
ocr-off,2,2609.04184v1.pdf,TextPrepare,8,0.493779,0.07806199999999999
ocr-off,2,2609.04184v1.pdf,TsrInference,1,574.326176,574.326176
ocr-off,2,2609.04184v1.pdf,TsrPostprocess,1,0.052197,0.052197
ocr-off,2,2609.04184v1.pdf,TsrPreprocess,1,1.717238,1.717238
ocr-off,2,2609.04184v1.pdf,TsrQueue,1,0.087827,0.087827
ocr-off,2,2609.04180v1.pdf,DocumentContext,1,2.5701970000000003,2.5701970000000003
ocr-off,2,2609.04180v1.pdf,LayoutInference,23,1613.110423,76.09510499999999
ocr-off,2,2609.04180v1.pdf,LayoutPostprocess,23,0.373504,0.032818
ocr-off,2,2609.04180v1.pdf,LayoutPreprocess,23,658.6081470000001,36.49209
ocr-off,2,2609.04180v1.pdf,LayoutQueue,23,7950.285136,483.690451
ocr-off,2,2609.04180v1.pdf,LayoutReadback,23,0.16318499999999997,0.022462
ocr-off,2,2609.04180v1.pdf,LinkValidate,1,11.068615000000001,11.068615000000001
ocr-off,2,2609.04180v1.pdf,ParseTotal,1,3180.713216,3180.713216
ocr-off,2,2609.04180v1.pdf,PdfOpen,1,0.8267030000000001,0.8267030000000001
ocr-off,2,2609.04180v1.pdf,PdfRender,23,610.707949,60.116493
ocr-off,2,2609.04180v1.pdf,PdfiumQueue,1,0.003422,0.003422
ocr-off,2,2609.04180v1.pdf,TableRules,12,5.9538910000000005,1.045818
ocr-off,2,2609.04180v1.pdf,TextExtract,23,419.47489600000006,37.050339
ocr-off,2,2609.04180v1.pdf,TextFinish,46,459.25250600000015,34.793659999999996
ocr-off,2,2609.04180v1.pdf,TextPrepare,23,1.0616510000000001,0.071103
ocr-off,2,2609.04203v1.pdf,DocumentContext,1,1.9608910000000002,1.9608910000000002
ocr-off,2,2609.04203v1.pdf,LayoutInference,20,1352.347017,75.902758
ocr-off,2,2609.04203v1.pdf,LayoutPostprocess,20,0.30144499999999996,0.027978
ocr-off,2,2609.04203v1.pdf,LayoutPreprocess,20,379.718955,29.111199
ocr-off,2,2609.04203v1.pdf,LayoutQueue,20,2787.928886,199.260075
ocr-off,2,2609.04203v1.pdf,LayoutReadback,20,0.085199,0.008581
ocr-off,2,2609.04203v1.pdf,LinkValidate,1,7.624949,7.624949
ocr-off,2,2609.04203v1.pdf,ParseTotal,1,2255.000062,2255.000062
ocr-off,2,2609.04203v1.pdf,PdfOpen,1,0.7206429999999999,0.7206429999999999
ocr-off,2,2609.04203v1.pdf,PdfRender,20,657.988354,183.37040499999998
ocr-off,2,2609.04203v1.pdf,PdfiumQueue,1,0.007244,0.007244
ocr-off,2,2609.04203v1.pdf,TableExternal,1,1014.812504,1014.812504
ocr-off,2,2609.04203v1.pdf,TableFill,1,4.529757,4.529757
ocr-off,2,2609.04203v1.pdf,TableRules,19,9.784467000000001,1.264896
ocr-off,2,2609.04203v1.pdf,TextExtract,20,493.469712,121.431549
ocr-off,2,2609.04203v1.pdf,TextFinish,40,552.9576989999998,52.656752000000004
ocr-off,2,2609.04203v1.pdf,TextPrepare,20,0.9214800000000001,0.066184
ocr-off,2,2609.04203v1.pdf,TsrInference,1,1012.533801,1012.533801
ocr-off,2,2609.04203v1.pdf,TsrPostprocess,1,0.156237,0.156237
ocr-off,2,2609.04203v1.pdf,TsrPreprocess,1,1.65256,1.65256
ocr-off,2,2609.04203v1.pdf,TsrQueue,1,0.171132,0.171132
ocr-off,3,2410.05779v3.pdf,DocumentContext,1,0.6285149999999999,0.6285149999999999
ocr-off,3,2410.05779v3.pdf,LayoutInference,16,1142.785804,82.31467400000001
ocr-off,3,2410.05779v3.pdf,LayoutPostprocess,16,0.21902100000000002,0.083873
ocr-off,3,2410.05779v3.pdf,LayoutPreprocess,16,312.045397,26.040657
ocr-off,3,2410.05779v3.pdf,LayoutQueue,16,4523.059779,507.743556
ocr-off,3,2410.05779v3.pdf,LayoutReadback,16,0.05829300000000001,0.004960999999999999
ocr-off,3,2410.05779v3.pdf,LinkValidate,1,3.5911020000000002,3.5911020000000002
ocr-off,3,2410.05779v3.pdf,ParseTotal,1,1950.071042,1950.071042
ocr-off,3,2410.05779v3.pdf,PdfOpen,1,0.504371,0.504371
ocr-off,3,2410.05779v3.pdf,PdfRender,16,301.40362799999997,27.804465
ocr-off,3,2410.05779v3.pdf,PdfiumQueue,1,0.000243,0.000243
ocr-off,3,2410.05779v3.pdf,TableRules,6,8.448357,3.016782
ocr-off,3,2410.05779v3.pdf,TextExtract,16,171.85259,17.674512
ocr-off,3,2410.05779v3.pdf,TextFinish,32,165.15097099999994,24.183006
ocr-off,3,2410.05779v3.pdf,TextPrepare,16,0.45091400000000004,0.047438999999999995
ocr-off,3,2412.05210v1.pdf,DocumentContext,1,34.128852,34.128852
ocr-off,3,2412.05210v1.pdf,LayoutInference,12,840.60664,78.704623
ocr-off,3,2412.05210v1.pdf,LayoutPostprocess,12,0.244835,0.117576
ocr-off,3,2412.05210v1.pdf,LayoutPreprocess,12,261.615829,26.068786
ocr-off,3,2412.05210v1.pdf,LayoutQueue,12,6449.181234999998,749.0985959999999
ocr-off,3,2412.05210v1.pdf,LayoutReadback,12,0.045984,0.004524
ocr-off,3,2412.05210v1.pdf,LinkValidate,1,9.416748,9.416748
ocr-off,3,2412.05210v1.pdf,ParseTotal,1,2584.826382,2584.826382
ocr-off,3,2412.05210v1.pdf,PdfOpen,1,0.315844,0.315844
ocr-off,3,2412.05210v1.pdf,PdfRender,12,340.543725,73.175518
ocr-off,3,2412.05210v1.pdf,PdfiumQueue,1,0.0027259999999999997,0.0027259999999999997
ocr-off,3,2412.05210v1.pdf,TableRules,4,19.727117,10.014581
ocr-off,3,2412.05210v1.pdf,TextExtract,12,218.826897,27.709935
ocr-off,3,2412.05210v1.pdf,TextFinish,24,522.48112,240.64712799999998
ocr-off,3,2412.05210v1.pdf,TextPrepare,12,0.629585,0.107904
ocr-off,3,2403.01632v4.pdf,DocumentContext,1,3.63462,3.63462
ocr-off,3,2403.01632v4.pdf,LayoutInference,47,3288.5229000000004,80.42009
ocr-off,3,2403.01632v4.pdf,LayoutPostprocess,47,0.7530410000000001,0.055847
ocr-off,3,2403.01632v4.pdf,LayoutPreprocess,47,1057.312516,29.959397
ocr-off,3,2403.01632v4.pdf,LayoutQueue,47,25381.70799699999,768.243257
ocr-off,3,2403.01632v4.pdf,LayoutReadback,47,0.19648199999999996,0.00902
ocr-off,3,2403.01632v4.pdf,LinkValidate,1,17.040046999999998,17.040046999999998
ocr-off,3,2403.01632v4.pdf,ParseTotal,1,8400.305849,8400.305849
ocr-off,3,2403.01632v4.pdf,PdfOpen,1,0.537196,0.537196
ocr-off,3,2403.01632v4.pdf,PdfRender,47,878.328742,72.330596
ocr-off,3,2403.01632v4.pdf,PdfiumQueue,1,0.000309,0.000309
ocr-off,3,2403.01632v4.pdf,TableRules,7,3.191922,0.837335
ocr-off,3,2403.01632v4.pdf,TextExtract,47,561.034176,20.842271
ocr-off,3,2403.01632v4.pdf,TextFinish,94,729.7406660000001,31.504758000000002
ocr-off,3,2403.01632v4.pdf,TextPrepare,47,1.6934660000000006,0.070737
ocr-off,3,2604.18583v1.pdf,DocumentContext,1,1.9231070000000001,1.9231070000000001
ocr-off,3,2604.18583v1.pdf,LayoutInference,15,1050.627994,79.445232
ocr-off,3,2604.18583v1.pdf,LayoutPostprocess,15,0.202654,0.030960999999999995
ocr-off,3,2604.18583v1.pdf,LayoutPreprocess,15,347.93217400000003,31.115894
ocr-off,3,2604.18583v1.pdf,LayoutQueue,15,7964.1367900000005,729.102442
ocr-off,3,2604.18583v1.pdf,LayoutReadback,15,0.082566,0.007919
ocr-off,3,2604.18583v1.pdf,LinkValidate,1,7.104683,7.104683
ocr-off,3,2604.18583v1.pdf,ParseTotal,1,3268.744067,3268.744067
ocr-off,3,2604.18583v1.pdf,PdfOpen,1,0.302479,0.302479
ocr-off,3,2604.18583v1.pdf,PdfRender,15,1795.37713,592.263269
ocr-off,3,2604.18583v1.pdf,PdfiumQueue,1,0.003164,0.003164
ocr-off,3,2604.18583v1.pdf,TableRules,2,1.9259050000000002,1.071654
ocr-off,3,2604.18583v1.pdf,TextExtract,15,268.657498,37.149089000000004
ocr-off,3,2604.18583v1.pdf,TextFinish,30,577.260642,223.33982699999999
ocr-off,3,2604.18583v1.pdf,TextPrepare,15,0.824461,0.154196
ocr-off,3,2604.18584v1.pdf,DocumentContext,1,2.4056130000000002,2.4056130000000002
ocr-off,3,2604.18584v1.pdf,LayoutInference,32,2215.7674340000003,81.149131
ocr-off,3,2604.18584v1.pdf,LayoutPostprocess,32,0.5448319999999999,0.12365999999999999
ocr-off,3,2604.18584v1.pdf,LayoutPreprocess,32,793.3599260000001,28.850671000000002
ocr-off,3,2604.18584v1.pdf,LayoutQueue,32,14253.787713000002,501.34983200000005
ocr-off,3,2604.18584v1.pdf,LayoutReadback,32,0.13218300000000002,0.005997000000000001
ocr-off,3,2604.18584v1.pdf,LinkValidate,1,24.663607,24.663607
ocr-off,3,2604.18584v1.pdf,ParseTotal,1,8861.294078,8861.294078
ocr-off,3,2604.18584v1.pdf,PdfOpen,1,0.490869,0.490869
ocr-off,3,2604.18584v1.pdf,PdfRender,32,764.7636580000003,113.065372
ocr-off,3,2604.18584v1.pdf,PdfiumQueue,1,0.00386,0.00386
ocr-off,3,2604.18584v1.pdf,TableExternal,2,11566.828212,5947.628128
ocr-off,3,2604.18584v1.pdf,TableFill,2,0.272932,0.190044
ocr-off,3,2604.18584v1.pdf,TableRules,18,30.099764000000004,5.978728
ocr-off,3,2604.18584v1.pdf,TextExtract,32,403.58851599999997,21.905084
ocr-off,3,2604.18584v1.pdf,TextFinish,64,471.9421360000001,56.95824
ocr-off,3,2604.18584v1.pdf,TextPrepare,32,1.1729429999999998,0.13090000000000002
ocr-off,3,2604.18584v1.pdf,TsrInference,2,83.502341,72.84799100000001
ocr-off,3,2604.18584v1.pdf,TsrPostprocess,2,0.082829,0.071226
ocr-off,3,2604.18584v1.pdf,TsrPreprocess,2,3.31622,2.724519
ocr-off,3,2604.18584v1.pdf,TsrQueue,2,11479.182275000001,5936.047416
ocr-off,3,2603.01919v2.pdf,DocumentContext,1,2.4321859999999997,2.4321859999999997
ocr-off,3,2603.01919v2.pdf,LayoutInference,23,1569.035826,77.854986
ocr-off,3,2603.01919v2.pdf,LayoutPostprocess,23,0.338156,0.031569
ocr-off,3,2603.01919v2.pdf,LayoutPreprocess,23,595.179482,31.197672
ocr-off,3,2603.01919v2.pdf,LayoutQueue,23,14906.037391,721.527052
ocr-off,3,2603.01919v2.pdf,LayoutReadback,23,0.17427200000000004,0.061834999999999994
ocr-off,3,2603.01919v2.pdf,LinkValidate,1,18.247564,18.247564
ocr-off,3,2603.01919v2.pdf,ParseTotal,1,16272.545565000002,16272.545565000002
ocr-off,3,2603.01919v2.pdf,PdfOpen,1,0.631185,0.631185
ocr-off,3,2603.01919v2.pdf,PdfRender,23,889.0721409999999,140.85565599999998
ocr-off,3,2603.01919v2.pdf,PdfiumQueue,1,0.004296,0.004296
ocr-off,3,2603.01919v2.pdf,TableExternal,1,12404.880731000001,12404.880731000001
ocr-off,3,2603.01919v2.pdf,TableFill,1,0.120308,0.120308
ocr-off,3,2603.01919v2.pdf,TableRules,18,25.901304999999997,5.320367
ocr-off,3,2603.01919v2.pdf,TextExtract,23,513.712943,60.482396
ocr-off,3,2603.01919v2.pdf,TextFinish,46,619.4081150000001,93.005763
ocr-off,3,2603.01919v2.pdf,TextPrepare,23,1.054227,0.09263
ocr-off,3,2603.01919v2.pdf,TsrInference,3,7099.046523999999,6878.381388
ocr-off,3,2603.01919v2.pdf,TsrPostprocess,3,0.404908,0.17535
ocr-off,3,2603.01919v2.pdf,TsrPreprocess,3,4.466711999999999,1.550289
ocr-off,3,2603.01919v2.pdf,TsrQueue,3,5300.236643,5277.034993
ocr-off,3,2604.21959v1.pdf,DocumentContext,1,0.223445,0.223445
ocr-off,3,2604.21959v1.pdf,LayoutInference,3,219.73663600000003,78.474044
ocr-off,3,2604.21959v1.pdf,LayoutPostprocess,3,0.09007899999999999,0.035141
ocr-off,3,2604.21959v1.pdf,LayoutPreprocess,3,88.793679,31.013506
ocr-off,3,2604.21959v1.pdf,LayoutQueue,3,148.751789,100.633897
ocr-off,3,2604.21959v1.pdf,LayoutReadback,3,0.059289999999999995,0.040986999999999996
ocr-off,3,2604.21959v1.pdf,LinkValidate,1,0.557896,0.557896
ocr-off,3,2604.21959v1.pdf,ParseTotal,1,308.154585,308.154585
ocr-off,3,2604.21959v1.pdf,PdfOpen,1,0.49632400000000004,0.49632400000000004
ocr-off,3,2604.21959v1.pdf,PdfRender,3,61.680026999999995,21.769382
ocr-off,3,2604.21959v1.pdf,PdfiumQueue,1,0.004236,0.004236
ocr-off,3,2604.21959v1.pdf,TextExtract,3,32.933820999999995,16.544375
ocr-off,3,2604.21959v1.pdf,TextFinish,6,26.895378,17.947402
ocr-off,3,2604.21959v1.pdf,TextPrepare,3,0.11309,0.056884
ocr-off,3,2303.18223v16.pdf,DocumentContext,1,13.843051,13.843051
ocr-off,3,2303.18223v16.pdf,LayoutInference,144,10093.431832999997,81.510384
ocr-off,3,2303.18223v16.pdf,LayoutPostprocess,144,2.2100169999999992,0.054123
ocr-off,3,2303.18223v16.pdf,LayoutPreprocess,144,3751.1782780000003,37.81501
ocr-off,3,2303.18223v16.pdf,LayoutQueue,144,56347.217738999985,752.554497
ocr-off,3,2303.18223v16.pdf,LayoutReadback,144,0.6846310000000002,0.009765000000000001
ocr-off,3,2303.18223v16.pdf,LinkValidate,1,76.098902,76.098902
ocr-off,3,2303.18223v16.pdf,ParseTotal,1,21249.120955,21249.120955
ocr-off,3,2303.18223v16.pdf,PdfOpen,1,0.820438,0.820438
ocr-off,3,2303.18223v16.pdf,PdfRender,144,2935.1525650000003,118.303134
ocr-off,3,2303.18223v16.pdf,PdfiumQueue,1,0.006558,0.006558
ocr-off,3,2303.18223v16.pdf,TableExternal,1,9822.419172,9822.419172
ocr-off,3,2303.18223v16.pdf,TableFill,1,1.632684,1.632684
ocr-off,3,2303.18223v16.pdf,TableRules,24,41.34656400000001,5.732366
ocr-off,3,2303.18223v16.pdf,TextExtract,144,2751.6619869999986,27.166857999999998
ocr-off,3,2303.18223v16.pdf,TextFinish,288,7429.426487000001,159.857264
ocr-off,3,2303.18223v16.pdf,TextPrepare,144,8.897922999999995,0.16388
ocr-off,3,2303.18223v16.pdf,TsrInference,5,5518.920522,5195.485593
ocr-off,3,2303.18223v16.pdf,TsrPostprocess,5,0.252577,0.15414899999999998
ocr-off,3,2303.18223v16.pdf,TsrPreprocess,5,8.381877999999999,2.911323
ocr-off,3,2303.18223v16.pdf,TsrQueue,5,4290.177782,3993.438029
ocr-off,3,2609.04184v1.pdf,DocumentContext,1,0.740876,0.740876
ocr-off,3,2609.04184v1.pdf,LayoutInference,8,554.21946,78.07528599999999
ocr-off,3,2609.04184v1.pdf,LayoutPostprocess,8,0.231262,0.068326
ocr-off,3,2609.04184v1.pdf,LayoutPreprocess,8,150.121573,20.942458000000002
ocr-off,3,2609.04184v1.pdf,LayoutQueue,8,5317.956383,763.878852
ocr-off,3,2609.04184v1.pdf,LayoutReadback,8,0.09780299999999999,0.03155
ocr-off,3,2609.04184v1.pdf,LinkValidate,1,4.951996,4.951996
ocr-off,3,2609.04184v1.pdf,ParseTotal,1,3225.854613,3225.854613
ocr-off,3,2609.04184v1.pdf,PdfOpen,1,0.779598,0.779598
ocr-off,3,2609.04184v1.pdf,PdfRender,8,185.89899799999998,37.200798999999996
ocr-off,3,2609.04184v1.pdf,PdfiumQueue,1,0.002641,0.002641
ocr-off,3,2609.04184v1.pdf,TableExternal,1,1519.3812659999999,1519.3812659999999
ocr-off,3,2609.04184v1.pdf,TableFill,1,1.041528,1.041528
ocr-off,3,2609.04184v1.pdf,TableRules,7,2.877779,0.6988679999999999
ocr-off,3,2609.04184v1.pdf,TextExtract,8,141.181222,25.029379000000002
ocr-off,3,2609.04184v1.pdf,TextFinish,16,232.70158100000003,65.221503
ocr-off,3,2609.04184v1.pdf,TextPrepare,8,0.454588,0.086123
ocr-off,3,2609.04184v1.pdf,TsrInference,1,1517.411101,1517.411101
ocr-off,3,2609.04184v1.pdf,TsrPostprocess,1,0.06301699999999999,0.06301699999999999
ocr-off,3,2609.04184v1.pdf,TsrPreprocess,1,1.390514,1.390514
ocr-off,3,2609.04184v1.pdf,TsrQueue,1,0.072673,0.072673
ocr-off,3,2606.17056v1.pdf,DocumentContext,1,4.252584000000001,4.252584000000001
ocr-off,3,2606.17056v1.pdf,LayoutInference,25,1761.8348259999996,80.20416399999999
ocr-off,3,2606.17056v1.pdf,LayoutPostprocess,25,0.34375599999999995,0.038051
ocr-off,3,2606.17056v1.pdf,LayoutPreprocess,25,509.16129900000004,25.266650000000002
ocr-off,3,2606.17056v1.pdf,LayoutQueue,25,11975.871861000001,761.245412
ocr-off,3,2606.17056v1.pdf,LayoutReadback,25,0.23030599999999998,0.045774
ocr-off,3,2606.17056v1.pdf,LinkValidate,1,8.277275000000001,8.277275000000001
ocr-off,3,2606.17056v1.pdf,ParseTotal,1,4095.755347,4095.755347
ocr-off,3,2606.17056v1.pdf,PdfOpen,1,0.482495,0.482495
ocr-off,3,2606.17056v1.pdf,PdfRender,25,393.48450099999997,24.235917999999998
ocr-off,3,2606.17056v1.pdf,PdfiumQueue,1,0.004153,0.004153
ocr-off,3,2606.17056v1.pdf,TableRules,4,4.165188,1.569491
ocr-off,3,2606.17056v1.pdf,TextExtract,25,301.47220400000003,18.616431
ocr-off,3,2606.17056v1.pdf,TextFinish,50,246.30556299999998,20.018959
ocr-off,3,2606.17056v1.pdf,TextPrepare,25,0.792141,0.051116999999999996
ocr-off,3,2609.04180v1.pdf,DocumentContext,1,2.2072239999999996,2.2072239999999996
ocr-off,3,2609.04180v1.pdf,LayoutInference,23,1635.3402069999995,82.38346800000001
ocr-off,3,2609.04180v1.pdf,LayoutPostprocess,23,0.4792,0.141046
ocr-off,3,2609.04180v1.pdf,LayoutPreprocess,23,512.1336869999999,27.985172
ocr-off,3,2609.04180v1.pdf,LayoutQueue,23,12364.378873,758.361257
ocr-off,3,2609.04180v1.pdf,LayoutReadback,23,0.24080600000000002,0.049353
ocr-off,3,2609.04180v1.pdf,LinkValidate,1,8.936118,8.936118
ocr-off,3,2609.04180v1.pdf,ParseTotal,1,4245.681347,4245.681347
ocr-off,3,2609.04180v1.pdf,PdfOpen,1,0.6355609999999999,0.6355609999999999
ocr-off,3,2609.04180v1.pdf,PdfRender,23,491.601586,46.13628
ocr-off,3,2609.04180v1.pdf,PdfiumQueue,1,0.002598,0.002598
ocr-off,3,2609.04180v1.pdf,TableRules,12,5.9420350000000015,1.0617020000000001
ocr-off,3,2609.04180v1.pdf,TextExtract,23,357.10686699999997,30.093673000000003
ocr-off,3,2609.04180v1.pdf,TextFinish,46,374.52384299999994,28.706736
ocr-off,3,2609.04180v1.pdf,TextPrepare,23,0.883198,0.056215
ocr-off,3,2609.04203v1.pdf,DocumentContext,1,3.0762929999999997,3.0762929999999997
ocr-off,3,2609.04203v1.pdf,LayoutInference,20,1397.966727,76.923664
ocr-off,3,2609.04203v1.pdf,LayoutPostprocess,20,0.362657,0.044889
ocr-off,3,2609.04203v1.pdf,LayoutPreprocess,20,409.2869830000001,32.076537
ocr-off,3,2609.04203v1.pdf,LayoutQueue,20,2819.8800619999997,204.349584
ocr-off,3,2609.04203v1.pdf,LayoutReadback,20,0.157899,0.018397
ocr-off,3,2609.04203v1.pdf,LinkValidate,1,12.495368999999998,12.495368999999998
ocr-off,3,2609.04203v1.pdf,ParseTotal,1,2490.356062,2490.356062
ocr-off,3,2609.04203v1.pdf,PdfOpen,1,0.7905829999999999,0.7905829999999999
ocr-off,3,2609.04203v1.pdf,PdfRender,20,770.9003040000001,233.163909
ocr-off,3,2609.04203v1.pdf,PdfiumQueue,1,0.004092999999999999,0.004092999999999999
ocr-off,3,2609.04203v1.pdf,TableExternal,1,1045.967765,1045.967765
ocr-off,3,2609.04203v1.pdf,TableFill,1,4.418461000000001,4.418461000000001
ocr-off,3,2609.04203v1.pdf,TableRules,19,10.602827000000001,1.540718
ocr-off,3,2609.04203v1.pdf,TextExtract,20,607.5105629999998,130.233251
ocr-off,3,2609.04203v1.pdf,TextFinish,40,595.929493,59.913155
ocr-off,3,2609.04203v1.pdf,TextPrepare,20,1.1143249999999998,0.162972
ocr-off,3,2609.04203v1.pdf,TsrInference,1,1043.4374360000002,1043.4374360000002
ocr-off,3,2609.04203v1.pdf,TsrPostprocess,1,0.159471,0.159471
ocr-off,3,2609.04203v1.pdf,TsrPreprocess,1,1.852436,1.852436
ocr-off,3,2609.04203v1.pdf,TsrQueue,1,0.191333,0.191333
ocr-off,4,2412.05210v1.pdf,DocumentContext,1,39.033376000000004,39.033376000000004
ocr-off,4,2412.05210v1.pdf,LayoutInference,12,868.5877550000001,83.42451200000001
ocr-off,4,2412.05210v1.pdf,LayoutPostprocess,12,0.11693300000000001,0.016744000000000002
ocr-off,4,2412.05210v1.pdf,LayoutPreprocess,12,263.27165,24.50484
ocr-off,4,2412.05210v1.pdf,LayoutQueue,12,6998.86363,821.471545
ocr-off,4,2412.05210v1.pdf,LayoutReadback,12,0.042345,0.0044009999999999995
ocr-off,4,2412.05210v1.pdf,LinkValidate,1,7.748456,7.748456
ocr-off,4,2412.05210v1.pdf,ParseTotal,1,2657.676078,2657.676078
ocr-off,4,2412.05210v1.pdf,PdfOpen,1,0.42048800000000003,0.42048800000000003
ocr-off,4,2412.05210v1.pdf,PdfRender,12,374.533072,80.42709500000001
ocr-off,4,2412.05210v1.pdf,PdfiumQueue,1,0.000434,0.000434
ocr-off,4,2412.05210v1.pdf,TableRules,4,17.569814,8.962147
ocr-off,4,2412.05210v1.pdf,TextExtract,12,245.818,30.549155000000003
ocr-off,4,2412.05210v1.pdf,TextFinish,24,458.43769900000007,216.32721999999998
ocr-off,4,2412.05210v1.pdf,TextPrepare,12,0.549442,0.082048
ocr-off,4,2410.05779v3.pdf,DocumentContext,1,0.7983410000000001,0.7983410000000001
ocr-off,4,2410.05779v3.pdf,LayoutInference,16,1116.053269,80.004932
ocr-off,4,2410.05779v3.pdf,LayoutPostprocess,16,0.194622,0.036067
ocr-off,4,2410.05779v3.pdf,LayoutPreprocess,16,334.052998,23.871919
ocr-off,4,2410.05779v3.pdf,LayoutQueue,16,7543.341345,813.3371569999999
ocr-off,4,2410.05779v3.pdf,LayoutReadback,16,0.059251,0.005339999999999999
ocr-off,4,2410.05779v3.pdf,LinkValidate,1,4.341622,4.341622
ocr-off,4,2410.05779v3.pdf,ParseTotal,1,2782.258814,2782.258814
ocr-off,4,2410.05779v3.pdf,PdfOpen,1,0.319242,0.319242
ocr-off,4,2410.05779v3.pdf,PdfRender,16,324.21687,33.408712
ocr-off,4,2410.05779v3.pdf,PdfiumQueue,1,0.000359,0.000359
ocr-off,4,2410.05779v3.pdf,TableRules,6,8.747929000000001,2.5590159999999997
ocr-off,4,2410.05779v3.pdf,TextExtract,16,172.442561,19.150956
ocr-off,4,2410.05779v3.pdf,TextFinish,32,173.01094899999995,25.979899
ocr-off,4,2410.05779v3.pdf,TextPrepare,16,0.461089,0.056553
ocr-off,4,2604.18583v1.pdf,DocumentContext,1,1.782894,1.782894
ocr-off,4,2604.18583v1.pdf,LayoutInference,15,1053.102641,77.658322
ocr-off,4,2604.18583v1.pdf,LayoutPostprocess,15,0.29164,0.040791
ocr-off,4,2604.18583v1.pdf,LayoutPreprocess,15,405.92467899999997,32.640292
ocr-off,4,2604.18583v1.pdf,LayoutQueue,15,13897.193909999998,1034.155298
ocr-off,4,2604.18583v1.pdf,LayoutReadback,15,0.06431899999999999,0.006241
ocr-off,4,2604.18583v1.pdf,LinkValidate,1,6.30755,6.30755
ocr-off,4,2604.18583v1.pdf,ParseTotal,1,5051.168044,5051.168044
ocr-off,4,2604.18583v1.pdf,PdfOpen,1,0.28324699999999997,0.28324699999999997
ocr-off,4,2604.18583v1.pdf,PdfRender,15,2407.3575929999997,1058.762159
ocr-off,4,2604.18583v1.pdf,PdfiumQueue,1,0.003212,0.003212
ocr-off,4,2604.18583v1.pdf,TableRules,2,1.920715,1.19038
ocr-off,4,2604.18583v1.pdf,TextExtract,15,273.71157000000005,38.980267
ocr-off,4,2604.18583v1.pdf,TextFinish,30,613.398448,221.045785
ocr-off,4,2604.18583v1.pdf,TextPrepare,15,0.8271000000000001,0.110731
ocr-off,4,2403.01632v4.pdf,DocumentContext,1,2.426025,2.426025
ocr-off,4,2403.01632v4.pdf,LayoutInference,47,3339.8215179999993,83.033094
ocr-off,4,2403.01632v4.pdf,LayoutPostprocess,47,0.695362,0.06557
ocr-off,4,2403.01632v4.pdf,LayoutPreprocess,47,1120.4947220000004,36.931204
ocr-off,4,2403.01632v4.pdf,LayoutQueue,47,36467.85466499999,1040.267568
ocr-off,4,2403.01632v4.pdf,LayoutReadback,47,0.19083699999999998,0.005901
ocr-off,4,2403.01632v4.pdf,LinkValidate,1,17.829899,17.829899
ocr-off,4,2403.01632v4.pdf,ParseTotal,1,11032.518069,11032.518069
ocr-off,4,2403.01632v4.pdf,PdfOpen,1,0.433157,0.433157
ocr-off,4,2403.01632v4.pdf,PdfRender,47,914.6292789999999,74.419607
ocr-off,4,2403.01632v4.pdf,PdfiumQueue,1,0.0006090000000000001,0.0006090000000000001
ocr-off,4,2403.01632v4.pdf,TableRules,7,4.439602,1.2267700000000001
ocr-off,4,2403.01632v4.pdf,TextExtract,47,594.5613239999999,18.33768
ocr-off,4,2403.01632v4.pdf,TextFinish,94,761.5003559999996,30.8486
ocr-off,4,2403.01632v4.pdf,TextPrepare,47,1.7004069999999996,0.097318
ocr-off,4,2604.21959v1.pdf,DocumentContext,1,0.24686899999999998,0.24686899999999998
ocr-off,4,2604.21959v1.pdf,LayoutInference,3,197.90720000000002,66.308481
ocr-off,4,2604.21959v1.pdf,LayoutPostprocess,3,0.040919,0.019483999999999998
ocr-off,4,2604.21959v1.pdf,LayoutPreprocess,3,82.89543,28.764779
ocr-off,4,2604.21959v1.pdf,LayoutQueue,3,1672.036369,627.561351
ocr-off,4,2604.21959v1.pdf,LayoutReadback,3,0.014814999999999998,0.006587
ocr-off,4,2604.21959v1.pdf,LinkValidate,1,0.7221280000000001,0.7221280000000001
ocr-off,4,2604.21959v1.pdf,ParseTotal,1,811.247117,811.247117
ocr-off,4,2604.21959v1.pdf,PdfOpen,1,0.486872,0.486872
ocr-off,4,2604.21959v1.pdf,PdfRender,3,57.10488599999999,19.544428
ocr-off,4,2604.21959v1.pdf,PdfiumQueue,1,0.004507000000000001,0.004507000000000001
ocr-off,4,2604.21959v1.pdf,TextExtract,3,28.087177000000004,14.076839000000001
ocr-off,4,2604.21959v1.pdf,TextFinish,6,26.770754999999998,17.152998999999998
ocr-off,4,2604.21959v1.pdf,TextPrepare,3,0.145085,0.094456
ocr-off,4,2604.18584v1.pdf,DocumentContext,1,2.0312989999999997,2.0312989999999997
ocr-off,4,2604.18584v1.pdf,LayoutInference,32,2266.700161,81.73417099999999
ocr-off,4,2604.18584v1.pdf,LayoutPostprocess,32,0.5167390000000001,0.064206
ocr-off,4,2604.18584v1.pdf,LayoutPreprocess,32,777.6066400000001,29.427863
ocr-off,4,2604.18584v1.pdf,LayoutQueue,32,23734.588743999993,977.640248
ocr-off,4,2604.18584v1.pdf,LayoutReadback,32,0.14467700000000003,0.007730000000000001
ocr-off,4,2604.18584v1.pdf,LinkValidate,1,13.089085,13.089085
ocr-off,4,2604.18584v1.pdf,ParseTotal,1,8499.523387,8499.523387
ocr-off,4,2604.18584v1.pdf,PdfOpen,1,0.587684,0.587684
ocr-off,4,2604.18584v1.pdf,PdfRender,32,697.7888719999999,112.70369199999999
ocr-off,4,2604.18584v1.pdf,PdfiumQueue,1,0.003821,0.003821
ocr-off,4,2604.18584v1.pdf,TableExternal,2,6264.8406319999995,3822.491559
ocr-off,4,2604.18584v1.pdf,TableFill,2,0.18880500000000003,0.15449800000000002
ocr-off,4,2604.18584v1.pdf,TableRules,18,31.784248,7.190221
ocr-off,4,2604.18584v1.pdf,TextExtract,32,339.988691,16.999828
ocr-off,4,2604.18584v1.pdf,TextFinish,64,498.11986999999993,64.922933
ocr-off,4,2604.18584v1.pdf,TextPrepare,32,1.0949039999999999,0.09171399999999999
ocr-off,4,2604.18584v1.pdf,TsrInference,2,2066.836948,1860.297698
ocr-off,4,2604.18584v1.pdf,TsrPostprocess,2,0.079074,0.0655
ocr-off,4,2604.18584v1.pdf,TsrPreprocess,2,3.1225419999999997,2.732296
ocr-off,4,2604.18584v1.pdf,TsrQueue,2,4194.212566,2235.1081480000003
ocr-off,4,2606.17056v1.pdf,DocumentContext,1,5.668627,5.668627
ocr-off,4,2606.17056v1.pdf,LayoutInference,25,1735.2751809999997,79.015587
ocr-off,4,2606.17056v1.pdf,LayoutPostprocess,25,0.342905,0.04154
ocr-off,4,2606.17056v1.pdf,LayoutPreprocess,25,602.6289949999999,29.524397
ocr-off,4,2606.17056v1.pdf,LayoutQueue,25,15487.780487999999,777.4503699999999
ocr-off,4,2606.17056v1.pdf,LayoutReadback,25,0.116766,0.020906
ocr-off,4,2606.17056v1.pdf,LinkValidate,1,7.376391000000001,7.376391000000001
ocr-off,4,2606.17056v1.pdf,ParseTotal,1,5133.66789,5133.66789
ocr-off,4,2606.17056v1.pdf,PdfOpen,1,0.456058,0.456058
ocr-off,4,2606.17056v1.pdf,PdfRender,25,460.8039059999999,28.112609
ocr-off,4,2606.17056v1.pdf,PdfiumQueue,1,0.00466,0.00466
ocr-off,4,2606.17056v1.pdf,TableRules,4,3.728611,1.4399140000000001
ocr-off,4,2606.17056v1.pdf,TextExtract,25,326.86607899999996,20.762431000000003
ocr-off,4,2606.17056v1.pdf,TextFinish,50,264.40942899999993,20.824118
ocr-off,4,2606.17056v1.pdf,TextPrepare,25,0.8527100000000001,0.060031
ocr-off,4,2609.04180v1.pdf,DocumentContext,1,2.0340800000000003,2.0340800000000003
ocr-off,4,2609.04180v1.pdf,LayoutInference,23,1576.994185,77.799171
ocr-off,4,2609.04180v1.pdf,LayoutPostprocess,23,0.41649600000000003,0.057463
ocr-off,4,2609.04180v1.pdf,LayoutPreprocess,23,759.9749069999999,45.609635000000004
ocr-off,4,2609.04180v1.pdf,LayoutQueue,23,12388.70886,774.5253439999999
ocr-off,4,2609.04180v1.pdf,LayoutReadback,23,0.120238,0.012831
ocr-off,4,2609.04180v1.pdf,LinkValidate,1,10.471217999999999,10.471217999999999
ocr-off,4,2609.04180v1.pdf,ParseTotal,1,4398.174773,4398.174773
ocr-off,4,2609.04180v1.pdf,PdfOpen,1,0.645399,0.645399
ocr-off,4,2609.04180v1.pdf,PdfRender,23,662.205972,71.30292800000001
ocr-off,4,2609.04180v1.pdf,PdfiumQueue,1,0.003613,0.003613
ocr-off,4,2609.04180v1.pdf,TableRules,12,7.810129999999999,1.372877
ocr-off,4,2609.04180v1.pdf,TextExtract,23,429.565337,34.564849
ocr-off,4,2609.04180v1.pdf,TextFinish,46,553.898566,46.150192
ocr-off,4,2609.04180v1.pdf,TextPrepare,23,1.1831019999999999,0.07988899999999999
ocr-off,4,2609.04184v1.pdf,DocumentContext,1,1.211619,1.211619
ocr-off,4,2609.04184v1.pdf,LayoutInference,8,568.4680470000001,74.26862
ocr-off,4,2609.04184v1.pdf,LayoutPostprocess,8,0.12025600000000002,0.022772
ocr-off,4,2609.04184v1.pdf,LayoutPreprocess,8,241.821632,33.092194
ocr-off,4,2609.04184v1.pdf,LayoutQueue,8,5491.657447,762.075836
ocr-off,4,2609.04184v1.pdf,LayoutReadback,8,0.042964999999999996,0.007703000000000001
ocr-off,4,2609.04184v1.pdf,LinkValidate,1,5.637535,5.637535
ocr-off,4,2609.04184v1.pdf,ParseTotal,1,9019.527386,9019.527386
ocr-off,4,2609.04184v1.pdf,PdfOpen,1,1.039188,1.039188
ocr-off,4,2609.04184v1.pdf,PdfRender,8,255.671468,45.061953
ocr-off,4,2609.04184v1.pdf,PdfiumQueue,1,0.0038369999999999997,0.0038369999999999997
ocr-off,4,2609.04184v1.pdf,TableExternal,1,7127.402655,7127.402655
ocr-off,4,2609.04184v1.pdf,TableFill,1,0.96393,0.96393
ocr-off,4,2609.04184v1.pdf,TableRules,7,4.0252360000000005,1.074768
ocr-off,4,2609.04184v1.pdf,TextExtract,8,198.00136300000003,35.356358
ocr-off,4,2609.04184v1.pdf,TextFinish,16,406.8363,114.169157
ocr-off,4,2609.04184v1.pdf,TextPrepare,8,0.7247379999999999,0.195161
ocr-off,4,2609.04184v1.pdf,TsrInference,1,1399.553829,1399.553829
ocr-off,4,2609.04184v1.pdf,TsrPostprocess,1,0.048317,0.048317
ocr-off,4,2609.04184v1.pdf,TsrPreprocess,1,3.502466,3.502466
ocr-off,4,2609.04184v1.pdf,TsrQueue,1,5723.9849429999995,5723.9849429999995
ocr-off,4,2609.04203v1.pdf,DocumentContext,1,2.550764,2.550764
ocr-off,4,2609.04203v1.pdf,LayoutInference,20,1427.5868919999998,80.518222
ocr-off,4,2609.04203v1.pdf,LayoutPostprocess,20,0.3646070000000001,0.035727
ocr-off,4,2609.04203v1.pdf,LayoutPreprocess,20,461.8275249999999,27.983416000000002
ocr-off,4,2609.04203v1.pdf,LayoutQueue,20,8846.451397,495.535974
ocr-off,4,2609.04203v1.pdf,LayoutReadback,20,0.08749500000000002,0.008028
ocr-off,4,2609.04203v1.pdf,LinkValidate,1,11.402605999999999,11.402605999999999
ocr-off,4,2609.04203v1.pdf,ParseTotal,1,5489.208675000001,5489.208675000001
ocr-off,4,2609.04203v1.pdf,PdfOpen,1,0.776427,0.776427
ocr-off,4,2609.04203v1.pdf,PdfRender,20,855.1020179999999,247.292598
ocr-off,4,2609.04203v1.pdf,PdfiumQueue,1,0.003705,0.003705
ocr-off,4,2609.04203v1.pdf,TableExternal,1,3430.3471820000004,3430.3471820000004
ocr-off,4,2609.04203v1.pdf,TableFill,1,6.335456,6.335456
ocr-off,4,2609.04203v1.pdf,TableRules,19,9.953261,1.365085
ocr-off,4,2609.04203v1.pdf,TextExtract,20,642.471787,150.693266
ocr-off,4,2609.04203v1.pdf,TextFinish,40,678.2066700000001,69.241259
ocr-off,4,2609.04203v1.pdf,TextPrepare,20,1.1657790000000001,0.103632
ocr-off,4,2609.04203v1.pdf,TsrInference,1,228.90834800000002,228.90834800000002
ocr-off,4,2609.04203v1.pdf,TsrPostprocess,1,0.19658699999999998,0.19658699999999998
ocr-off,4,2609.04203v1.pdf,TsrPreprocess,1,2.74442,2.74442
ocr-off,4,2609.04203v1.pdf,TsrQueue,1,3198.0897910000003,3198.0897910000003
ocr-off,4,2603.01919v2.pdf,DocumentContext,1,2.417866,2.417866
ocr-off,4,2603.01919v2.pdf,LayoutInference,23,1567.87762,72.534636
ocr-off,4,2603.01919v2.pdf,LayoutPostprocess,23,0.3178859999999999,0.034270999999999996
ocr-off,4,2603.01919v2.pdf,LayoutPreprocess,23,609.7595489999999,32.817486
ocr-off,4,2603.01919v2.pdf,LayoutQueue,23,21094.427137000002,1025.7506839999999
ocr-off,4,2603.01919v2.pdf,LayoutReadback,23,0.110722,0.01643
ocr-off,4,2603.01919v2.pdf,LinkValidate,1,14.234925,14.234925
ocr-off,4,2603.01919v2.pdf,ParseTotal,1,23756.577481,23756.577481
ocr-off,4,2603.01919v2.pdf,PdfOpen,1,0.500358,0.500358
ocr-off,4,2603.01919v2.pdf,PdfRender,23,894.6058750000001,136.371444
ocr-off,4,2603.01919v2.pdf,PdfiumQueue,1,0.001658,0.001658
ocr-off,4,2603.01919v2.pdf,TableExternal,1,18864.858848,18864.858848
ocr-off,4,2603.01919v2.pdf,TableFill,1,0.20108199999999998,0.20108199999999998
ocr-off,4,2603.01919v2.pdf,TableRules,18,28.307228999999992,6.261327
ocr-off,4,2603.01919v2.pdf,TextExtract,23,494.863666,59.768178999999996
ocr-off,4,2603.01919v2.pdf,TextFinish,46,644.839463,110.832741
ocr-off,4,2603.01919v2.pdf,TextPrepare,23,1.1576239999999998,0.152267
ocr-off,4,2603.01919v2.pdf,TsrInference,3,8510.206603,6741.625768000001
ocr-off,4,2603.01919v2.pdf,TsrPostprocess,3,0.42560600000000004,0.22530799999999998
ocr-off,4,2603.01919v2.pdf,TsrPreprocess,3,3.985538,1.535739
ocr-off,4,2603.01919v2.pdf,TsrQueue,3,10349.125819,8701.342874
ocr-off,4,2303.18223v16.pdf,DocumentContext,1,17.596102,17.596102
ocr-off,4,2303.18223v16.pdf,LayoutInference,144,10105.118807000003,83.343218
ocr-off,4,2303.18223v16.pdf,LayoutPostprocess,144,2.272634,0.051035000000000004
ocr-off,4,2303.18223v16.pdf,LayoutPreprocess,144,3842.823491999999,38.173953
ocr-off,4,2303.18223v16.pdf,LayoutQueue,144,77884.39901800001,1044.994765
ocr-off,4,2303.18223v16.pdf,LayoutReadback,144,0.6623980000000002,0.011314999999999999
ocr-off,4,2303.18223v16.pdf,LinkValidate,1,73.809268,73.809268
ocr-off,4,2303.18223v16.pdf,ParseTotal,1,26670.491037,26670.491037
ocr-off,4,2303.18223v16.pdf,PdfOpen,1,0.781252,0.781252
ocr-off,4,2303.18223v16.pdf,PdfRender,144,3026.747380999999,124.502976
ocr-off,4,2303.18223v16.pdf,PdfiumQueue,1,0.0030580000000000004,0.0030580000000000004
ocr-off,4,2303.18223v16.pdf,TableExternal,1,12720.241182,12720.241182
ocr-off,4,2303.18223v16.pdf,TableFill,1,1.565025,1.565025
ocr-off,4,2303.18223v16.pdf,TableRules,24,49.22089999999999,8.317184
ocr-off,4,2303.18223v16.pdf,TextExtract,144,2956.844246000001,32.350803
ocr-off,4,2303.18223v16.pdf,TextFinish,288,7047.983738,150.83554900000001
ocr-off,4,2303.18223v16.pdf,TextPrepare,144,8.838653999999998,0.16073500000000002
ocr-off,4,2303.18223v16.pdf,TsrInference,5,6812.019104,6636.625153
ocr-off,4,2303.18223v16.pdf,TsrPostprocess,5,0.264216,0.154908
ocr-off,4,2303.18223v16.pdf,TsrPreprocess,5,8.12524,2.615831
ocr-off,4,2303.18223v16.pdf,TsrQueue,5,5895.891269000001,3342.556861
ocr-off,5,2412.05210v1.pdf,DocumentContext,1,36.334538,36.334538
ocr-off,5,2412.05210v1.pdf,LayoutInference,12,870.776205,83.546456
ocr-off,5,2412.05210v1.pdf,LayoutPostprocess,12,0.14447,0.045576
ocr-off,5,2412.05210v1.pdf,LayoutPreprocess,12,281.10541,28.057691
ocr-off,5,2412.05210v1.pdf,LayoutQueue,12,9148.456441,1090.552156
ocr-off,5,2412.05210v1.pdf,LayoutReadback,12,0.058562,0.010778000000000001
ocr-off,5,2412.05210v1.pdf,LinkValidate,1,9.030813,9.030813
ocr-off,5,2412.05210v1.pdf,ParseTotal,1,3228.9362229999997,3228.9362229999997
ocr-off,5,2412.05210v1.pdf,PdfOpen,1,0.270029,0.270029
ocr-off,5,2412.05210v1.pdf,PdfRender,12,386.507614,84.35324499999999
ocr-off,5,2412.05210v1.pdf,PdfiumQueue,1,0.0005700000000000001,0.0005700000000000001
ocr-off,5,2412.05210v1.pdf,TableRules,4,19.542047,9.980431999999999
ocr-off,5,2412.05210v1.pdf,TextExtract,12,242.752506,31.123472
ocr-off,5,2412.05210v1.pdf,TextFinish,24,502.703487,234.604737
ocr-off,5,2412.05210v1.pdf,TextPrepare,12,0.652795,0.114229
ocr-off,5,2410.05779v3.pdf,DocumentContext,1,0.730792,0.730792
ocr-off,5,2410.05779v3.pdf,LayoutInference,16,1116.668694,76.775122
ocr-off,5,2410.05779v3.pdf,LayoutPostprocess,16,0.20229299999999997,0.029219
ocr-off,5,2410.05779v3.pdf,LayoutPreprocess,16,354.782614,25.091663999999998
ocr-off,5,2410.05779v3.pdf,LayoutQueue,16,9442.123027,1096.0674749999998
ocr-off,5,2410.05779v3.pdf,LayoutReadback,16,0.07914700000000001,0.014168
ocr-off,5,2410.05779v3.pdf,LinkValidate,1,5.983013,5.983013
ocr-off,5,2410.05779v3.pdf,ParseTotal,1,3365.335673,3365.335673
ocr-off,5,2410.05779v3.pdf,PdfOpen,1,0.387104,0.387104
ocr-off,5,2410.05779v3.pdf,PdfRender,16,329.01472400000006,34.16467900000001
ocr-off,5,2410.05779v3.pdf,PdfiumQueue,1,0.0005489999999999999,0.0005489999999999999
ocr-off,5,2410.05779v3.pdf,TableRules,6,9.413786,2.914499
ocr-off,5,2410.05779v3.pdf,TextExtract,16,190.99495000000002,20.656803
ocr-off,5,2410.05779v3.pdf,TextFinish,32,179.53371200000004,26.159744
ocr-off,5,2410.05779v3.pdf,TextPrepare,16,0.49654600000000004,0.06190999999999999
ocr-off,5,2604.18583v1.pdf,DocumentContext,1,1.79735,1.79735
ocr-off,5,2604.18583v1.pdf,LayoutInference,15,1039.372768,77.032037
ocr-off,5,2604.18583v1.pdf,LayoutPostprocess,15,0.342032,0.074457
ocr-off,5,2604.18583v1.pdf,LayoutPreprocess,15,428.26213800000005,33.082428
ocr-off,5,2604.18583v1.pdf,LayoutQueue,15,17083.123105,1318.559289
ocr-off,5,2604.18583v1.pdf,LayoutReadback,15,0.070997,0.0056040000000000005
ocr-off,5,2604.18583v1.pdf,LinkValidate,1,7.193097,7.193097
ocr-off,5,2604.18583v1.pdf,ParseTotal,1,5541.37202,5541.37202
ocr-off,5,2604.18583v1.pdf,PdfOpen,1,0.448731,0.448731
ocr-off,5,2604.18583v1.pdf,PdfRender,15,2446.9624380000005,1040.2420590000002
ocr-off,5,2604.18583v1.pdf,PdfiumQueue,1,0.004347,0.004347
ocr-off,5,2604.18583v1.pdf,TableRules,2,2.143705,1.10362
ocr-off,5,2604.18583v1.pdf,TextExtract,15,278.90795199999997,39.973161
ocr-off,5,2604.18583v1.pdf,TextFinish,30,642.504347,226.863051
ocr-off,5,2604.18583v1.pdf,TextPrepare,15,1.035863,0.25009499999999996
ocr-off,5,2604.21959v1.pdf,DocumentContext,1,0.193167,0.193167
ocr-off,5,2604.21959v1.pdf,LayoutInference,3,215.911191,76.23377
ocr-off,5,2604.21959v1.pdf,LayoutPostprocess,3,0.044463,0.018372
ocr-off,5,2604.21959v1.pdf,LayoutPreprocess,3,74.433853,26.673652
ocr-off,5,2604.21959v1.pdf,LayoutQueue,3,2508.220534,888.880425
ocr-off,5,2604.21959v1.pdf,LayoutReadback,3,0.012784,0.004913
ocr-off,5,2604.21959v1.pdf,LinkValidate,1,0.536712,0.536712
ocr-off,5,2604.21959v1.pdf,ParseTotal,1,1072.485398,1072.485398
ocr-off,5,2604.21959v1.pdf,PdfOpen,1,0.479156,0.479156
ocr-off,5,2604.21959v1.pdf,PdfRender,3,54.891104999999996,18.525537
ocr-off,5,2604.21959v1.pdf,PdfiumQueue,1,0.003502,0.003502
ocr-off,5,2604.21959v1.pdf,TextExtract,3,26.338513,13.019677
ocr-off,5,2604.21959v1.pdf,TextFinish,6,22.07092,14.199307
ocr-off,5,2604.21959v1.pdf,TextPrepare,3,0.095845,0.0407
ocr-off,5,2604.18584v1.pdf,DocumentContext,1,2.404415,2.404415
ocr-off,5,2604.18584v1.pdf,LayoutInference,32,2217.3660639999994,77.663057
ocr-off,5,2604.18584v1.pdf,LayoutPostprocess,32,0.4669779999999999,0.039489
ocr-off,5,2604.18584v1.pdf,LayoutPreprocess,32,848.0527820000002,33.254799
ocr-off,5,2604.18584v1.pdf,LayoutQueue,32,33464.719709,1323.8960980000002
ocr-off,5,2604.18584v1.pdf,LayoutReadback,32,0.158833,0.010224
ocr-off,5,2604.18584v1.pdf,LinkValidate,1,20.826562,20.826562
ocr-off,5,2604.18584v1.pdf,ParseTotal,1,10085.868852000001,10085.868852000001
ocr-off,5,2604.18584v1.pdf,PdfOpen,1,0.569932,0.569932
ocr-off,5,2604.18584v1.pdf,PdfRender,32,769.5488540000001,113.241573
ocr-off,5,2604.18584v1.pdf,PdfiumQueue,1,0.004301999999999999,0.004301999999999999
ocr-off,5,2604.18584v1.pdf,TableExternal,2,5915.047067,3465.098706
ocr-off,5,2604.18584v1.pdf,TableFill,2,0.19488899999999998,0.159712
ocr-off,5,2604.18584v1.pdf,TableRules,18,33.692645,8.371438999999999
ocr-off,5,2604.18584v1.pdf,TextExtract,32,380.272754,20.424764000000003
ocr-off,5,2604.18584v1.pdf,TextFinish,64,530.791082,64.45825500000001
ocr-off,5,2604.18584v1.pdf,TextPrepare,32,1.1459350000000001,0.11524999999999999
ocr-off,5,2604.18584v1.pdf,TsrInference,2,2109.965876,1904.745785
ocr-off,5,2604.18584v1.pdf,TsrPostprocess,2,0.21521300000000002,0.184897
ocr-off,5,2604.18584v1.pdf,TsrPreprocess,2,3.2367150000000002,2.711082
ocr-off,5,2604.18584v1.pdf,TsrQueue,2,3801.049639,2243.904729
ocr-off,5,2403.01632v4.pdf,DocumentContext,1,3.42475,3.42475
ocr-off,5,2403.01632v4.pdf,LayoutInference,47,3282.5526330000002,80.298725
ocr-off,5,2403.01632v4.pdf,LayoutPostprocess,47,0.7447759999999997,0.048820999999999996
ocr-off,5,2403.01632v4.pdf,LayoutPreprocess,47,1212.7546359999997,32.872189000000006
ocr-off,5,2403.01632v4.pdf,LayoutQueue,47,47500.249706999995,1321.104148
ocr-off,5,2403.01632v4.pdf,LayoutReadback,47,0.213461,0.007977
ocr-off,5,2403.01632v4.pdf,LinkValidate,1,20.108259,20.108259
ocr-off,5,2403.01632v4.pdf,ParseTotal,1,13969.922026,13969.922026
ocr-off,5,2403.01632v4.pdf,PdfOpen,1,0.527255,0.527255
ocr-off,5,2403.01632v4.pdf,PdfRender,47,979.013181,70.082984
ocr-off,5,2403.01632v4.pdf,PdfiumQueue,1,0.002126,0.002126
ocr-off,5,2403.01632v4.pdf,TableRules,7,4.636443000000001,1.267105
ocr-off,5,2403.01632v4.pdf,TextExtract,47,624.612566,18.716251
ocr-off,5,2403.01632v4.pdf,TextFinish,94,809.8126529999998,35.805589
ocr-off,5,2403.01632v4.pdf,TextPrepare,47,1.7783399999999996,0.06746400000000001
ocr-off,5,2603.01919v2.pdf,DocumentContext,1,2.6179319999999997,2.6179319999999997
ocr-off,5,2603.01919v2.pdf,LayoutInference,23,1604.8994980000004,79.785938
ocr-off,5,2603.01919v2.pdf,LayoutPostprocess,23,0.315696,0.030332
ocr-off,5,2603.01919v2.pdf,LayoutPreprocess,23,579.483165,32.73356999999999
ocr-off,5,2603.01919v2.pdf,LayoutQueue,23,23141.097638000007,1328.835969
ocr-off,5,2603.01919v2.pdf,LayoutReadback,23,0.113675,0.010913
ocr-off,5,2603.01919v2.pdf,LinkValidate,1,15.121568,15.121568
ocr-off,5,2603.01919v2.pdf,ParseTotal,1,16834.075179,16834.075179
ocr-off,5,2603.01919v2.pdf,PdfOpen,1,0.5432119999999999,0.5432119999999999
ocr-off,5,2603.01919v2.pdf,PdfRender,23,908.824893,169.808176
ocr-off,5,2603.01919v2.pdf,PdfiumQueue,1,0.000184,0.000184
ocr-off,5,2603.01919v2.pdf,TableExternal,1,12360.785516,12360.785516
ocr-off,5,2603.01919v2.pdf,TableFill,1,0.06667300000000001,0.06667300000000001
ocr-off,5,2603.01919v2.pdf,TableRules,18,28.931892999999995,6.550609
ocr-off,5,2603.01919v2.pdf,TextExtract,23,502.520114,59.530766
ocr-off,5,2603.01919v2.pdf,TextFinish,46,609.344355,79.547673
ocr-off,5,2603.01919v2.pdf,TextPrepare,23,0.9559900000000002,0.073184
ocr-off,5,2603.01919v2.pdf,TsrInference,3,10245.916685999999,6889.393508
ocr-off,5,2603.01919v2.pdf,TsrPostprocess,3,0.38248699999999997,0.24566
ocr-off,5,2603.01919v2.pdf,TsrPreprocess,3,5.310087,2.686308
ocr-off,5,2603.01919v2.pdf,TsrQueue,3,2108.035993,2107.625431
ocr-off,5,2606.17056v1.pdf,DocumentContext,1,4.681141,4.681141
ocr-off,5,2606.17056v1.pdf,LayoutInference,25,1728.8037960000004,75.232655
ocr-off,5,2606.17056v1.pdf,LayoutPostprocess,25,0.273014,0.022403
ocr-off,5,2606.17056v1.pdf,LayoutPreprocess,25,716.356049,38.200097
ocr-off,5,2606.17056v1.pdf,LayoutQueue,25,22383.576071999996,1043.575717
ocr-off,5,2606.17056v1.pdf,LayoutReadback,25,0.129482,0.008232
ocr-off,5,2606.17056v1.pdf,LinkValidate,1,7.8048,7.8048
ocr-off,5,2606.17056v1.pdf,ParseTotal,1,7107.295977,7107.295977
ocr-off,5,2606.17056v1.pdf,PdfOpen,1,0.7316370000000001,0.7316370000000001
ocr-off,5,2606.17056v1.pdf,PdfRender,25,517.0299269999999,28.061066
ocr-off,5,2606.17056v1.pdf,PdfiumQueue,1,0.005201,0.005201
ocr-off,5,2606.17056v1.pdf,TableRules,4,4.9193359999999995,1.696516
ocr-off,5,2606.17056v1.pdf,TextExtract,25,312.584068,19.366606
ocr-off,5,2606.17056v1.pdf,TextFinish,50,315.473626,27.635198
ocr-off,5,2606.17056v1.pdf,TextPrepare,25,0.9015639999999998,0.058217000000000005
ocr-off,5,2609.04184v1.pdf,DocumentContext,1,1.109277,1.109277
ocr-off,5,2609.04184v1.pdf,LayoutInference,8,549.1959099999999,73.44212999999999
ocr-off,5,2609.04184v1.pdf,LayoutPostprocess,8,0.147136,0.03375
ocr-off,5,2609.04184v1.pdf,LayoutPreprocess,8,225.32960699999995,31.611565000000002
ocr-off,5,2609.04184v1.pdf,LayoutQueue,8,7684.378564000001,1034.4977689999998
ocr-off,5,2609.04184v1.pdf,LayoutReadback,8,0.03550400000000001,0.006753
ocr-off,5,2609.04184v1.pdf,LinkValidate,1,4.493868,4.493868
ocr-off,5,2609.04184v1.pdf,ParseTotal,1,4306.423442,4306.423442
ocr-off,5,2609.04184v1.pdf,PdfOpen,1,1.064951,1.064951
ocr-off,5,2609.04184v1.pdf,PdfRender,8,258.75599800000003,48.144213
ocr-off,5,2609.04184v1.pdf,PdfiumQueue,1,0.007914000000000001,0.007914000000000001
ocr-off,5,2609.04184v1.pdf,TableExternal,1,1896.531896,1896.531896
ocr-off,5,2609.04184v1.pdf,TableFill,1,0.8898159999999999,0.8898159999999999
ocr-off,5,2609.04184v1.pdf,TableRules,7,2.5511709999999996,0.576447
ocr-off,5,2609.04184v1.pdf,TextExtract,8,221.67838600000002,38.196427
ocr-off,5,2609.04184v1.pdf,TextFinish,16,268.850344,71.32131899999999
ocr-off,5,2609.04184v1.pdf,TextPrepare,8,0.458053,0.089582
ocr-off,5,2609.04184v1.pdf,TsrInference,1,1550.543836,1550.543836
ocr-off,5,2609.04184v1.pdf,TsrPostprocess,1,0.060343,0.060343
ocr-off,5,2609.04184v1.pdf,TsrPreprocess,1,1.5263900000000001,1.5263900000000001
ocr-off,5,2609.04184v1.pdf,TsrQueue,1,344.137352,344.137352
ocr-off,5,2609.04180v1.pdf,DocumentContext,1,3.0031709999999996,3.0031709999999996
ocr-off,5,2609.04180v1.pdf,LayoutInference,23,1662.8529919999999,85.184921
ocr-off,5,2609.04180v1.pdf,LayoutPostprocess,23,0.346454,0.0511
ocr-off,5,2609.04180v1.pdf,LayoutPreprocess,23,606.518549,37.983873
ocr-off,5,2609.04180v1.pdf,LayoutQueue,23,17097.030574999997,1036.4255600000001
ocr-off,5,2609.04180v1.pdf,LayoutReadback,23,0.119419,0.011217
ocr-off,5,2609.04180v1.pdf,LinkValidate,1,13.099315,13.099315
ocr-off,5,2609.04180v1.pdf,ParseTotal,1,5772.187515,5772.187515
ocr-off,5,2609.04180v1.pdf,PdfOpen,1,0.797052,0.797052
ocr-off,5,2609.04180v1.pdf,PdfRender,23,584.2148400000001,47.967559
ocr-off,5,2609.04180v1.pdf,PdfiumQueue,1,0.005977,0.005977
ocr-off,5,2609.04180v1.pdf,TableRules,12,6.869054,1.416715
ocr-off,5,2609.04180v1.pdf,TextExtract,23,544.299859,43.891876
ocr-off,5,2609.04180v1.pdf,TextFinish,46,421.36379000000005,33.718047
ocr-off,5,2609.04180v1.pdf,TextPrepare,23,1.114579,0.09854299999999999
ocr-off,5,2609.04203v1.pdf,DocumentContext,1,2.6690669999999996,2.6690669999999996
ocr-off,5,2609.04203v1.pdf,LayoutInference,20,1437.45984,76.534461
ocr-off,5,2609.04203v1.pdf,LayoutPostprocess,20,0.418706,0.051573
ocr-off,5,2609.04203v1.pdf,LayoutPreprocess,20,497.433272,27.699744
ocr-off,5,2609.04203v1.pdf,LayoutQueue,20,11565.382038000002,830.004927
ocr-off,5,2609.04203v1.pdf,LayoutReadback,20,0.10200199999999997,0.013103
ocr-off,5,2609.04203v1.pdf,LinkValidate,1,14.763568,14.763568
ocr-off,5,2609.04203v1.pdf,ParseTotal,1,9458.702390999999,9458.702390999999
ocr-off,5,2609.04203v1.pdf,PdfOpen,1,0.675076,0.675076
ocr-off,5,2609.04203v1.pdf,PdfRender,20,818.7935569999997,227.117751
ocr-off,5,2609.04203v1.pdf,PdfiumQueue,1,0.004427,0.004427
ocr-off,5,2609.04203v1.pdf,TableExternal,1,6854.586532,6854.586532
ocr-off,5,2609.04203v1.pdf,TableFill,1,9.563231,9.563231
ocr-off,5,2609.04203v1.pdf,TableRules,19,11.428789,1.8073849999999998
ocr-off,5,2609.04203v1.pdf,TextExtract,20,530.304734,122.306183
ocr-off,5,2609.04203v1.pdf,TextFinish,40,770.263826,82.07402599999999
ocr-off,5,2609.04203v1.pdf,TextPrepare,20,1.183993,0.094286
ocr-off,5,2609.04203v1.pdf,TsrInference,1,1044.87301,1044.87301
ocr-off,5,2609.04203v1.pdf,TsrPostprocess,1,0.237065,0.237065
ocr-off,5,2609.04203v1.pdf,TsrPreprocess,1,3.059268,3.059268
ocr-off,5,2609.04203v1.pdf,TsrQueue,1,5806.111178,5806.111178
ocr-off,5,2303.18223v16.pdf,DocumentContext,1,16.034906000000003,16.034906000000003
ocr-off,5,2303.18223v16.pdf,LayoutInference,144,10065.134090999998,82.243038
ocr-off,5,2303.18223v16.pdf,LayoutPostprocess,144,2.261124000000001,0.061401000000000004
ocr-off,5,2303.18223v16.pdf,LayoutPreprocess,144,3803.614564,41.407355
ocr-off,5,2303.18223v16.pdf,LayoutQueue,144,77503.40044199994,1335.227771
ocr-off,5,2303.18223v16.pdf,LayoutReadback,144,0.7464280000000003,0.029717
ocr-off,5,2303.18223v16.pdf,LinkValidate,1,88.759174,88.759174
ocr-off,5,2303.18223v16.pdf,ParseTotal,1,26627.336884999997,26627.336884999997
ocr-off,5,2303.18223v16.pdf,PdfOpen,1,1.075194,1.075194
ocr-off,5,2303.18223v16.pdf,PdfRender,144,2964.7769680000006,135.824879
ocr-off,5,2303.18223v16.pdf,PdfiumQueue,1,0.00294,0.00294
ocr-off,5,2303.18223v16.pdf,TableExternal,1,9773.402547,9773.402547
ocr-off,5,2303.18223v16.pdf,TableFill,1,2.1515649999999997,2.1515649999999997
ocr-off,5,2303.18223v16.pdf,TableRules,24,43.55219099999999,6.937899
ocr-off,5,2303.18223v16.pdf,TextExtract,144,3077.662590000001,32.94007
ocr-off,5,2303.18223v16.pdf,TextFinish,288,7126.986435999999,145.61159
ocr-off,5,2303.18223v16.pdf,TextPrepare,144,9.726453999999995,0.278986
ocr-off,5,2303.18223v16.pdf,TsrInference,5,7113.74594,6900.389634
ocr-off,5,2303.18223v16.pdf,TsrPostprocess,5,0.381245,0.155205
ocr-off,5,2303.18223v16.pdf,TsrPreprocess,5,9.591633,3.2439999999999998
ocr-off,5,2303.18223v16.pdf,TsrQueue,5,2645.463179,1604.8111359999998
ocr-on,2,2403.01632v4.pdf,DocumentContext,1,3.182642,3.182642
ocr-on,2,2403.01632v4.pdf,LayoutInference,47,4656.842978000001,271.849682
ocr-on,2,2403.01632v4.pdf,LayoutPostprocess,47,0.7322200000000002,0.135244
ocr-on,2,2403.01632v4.pdf,LayoutPreprocess,47,984.3523060000003,30.399107
ocr-on,2,2403.01632v4.pdf,LayoutQueue,47,8778.668222999999,444.330107
ocr-on,2,2403.01632v4.pdf,LayoutReadback,47,0.193543,0.006860000000000001
ocr-on,2,2403.01632v4.pdf,LinkValidate,1,12.583326000000001,12.583326000000001
ocr-on,2,2403.01632v4.pdf,Ocr,13,93021.32373999999,12162.669158
ocr-on,2,2403.01632v4.pdf,OcrDecode,417,1.6522960000000002,0.016599000000000003
ocr-on,2,2403.01632v4.pdf,OcrDetectionInference,13,2092.490121,195.757926
ocr-on,2,2403.01632v4.pdf,OcrDetectionPostprocess,13,141.47061599999998,17.824454
ocr-on,2,2403.01632v4.pdf,OcrDetectionPreprocess,13,606.6960650000001,65.360155
ocr-on,2,2403.01632v4.pdf,OcrOrientationInference,417,2609.0055580000003,196.045566
ocr-on,2,2403.01632v4.pdf,OcrQueue,860,72920.99633400008,9525.848460000001
ocr-on,2,2403.01632v4.pdf,OcrReadback,847,1136.683312000001,13.318150000000001
ocr-on,2,2403.01632v4.pdf,OcrRecognitionInference,417,12819.329937999997,542.242786
ocr-on,2,2403.01632v4.pdf,OcrRecognitionPreprocess,834,270.1237319999998,3.6861450000000002
ocr-on,2,2403.01632v4.pdf,ParseTotal,1,26762.27475,26762.27475
ocr-on,2,2403.01632v4.pdf,PdfOpen,1,0.43121499999999996,0.43121499999999996
ocr-on,2,2403.01632v4.pdf,PdfRender,47,779.9466449999999,57.21823
ocr-on,2,2403.01632v4.pdf,PdfiumQueue,1,0.0005589999999999999,0.0005589999999999999
ocr-on,2,2403.01632v4.pdf,TableRules,7,3.6815740000000003,1.1148099999999999
ocr-on,2,2403.01632v4.pdf,TextExtract,47,516.827514,16.258194
ocr-on,2,2403.01632v4.pdf,TextFinish,94,667.397235,31.111915
ocr-on,2,2403.01632v4.pdf,TextPrepare,47,3.059646,0.138317
ocr-on,2,2303.18223v16.pdf,DocumentContext,1,17.668236,17.668236
ocr-on,2,2303.18223v16.pdf,LayoutInference,144,12126.719885999995,210.739291
ocr-on,2,2303.18223v16.pdf,LayoutPostprocess,144,1.9168610000000004,0.032898000000000004
ocr-on,2,2303.18223v16.pdf,LayoutPreprocess,144,3033.216398,31.578407000000002
ocr-on,2,2303.18223v16.pdf,LayoutQueue,144,19984.962458999995,387.322028
ocr-on,2,2303.18223v16.pdf,LayoutReadback,144,0.8811449999999997,0.016609
ocr-on,2,2303.18223v16.pdf,LinkValidate,1,72.70375399999999,72.70375399999999
ocr-on,2,2303.18223v16.pdf,Ocr,16,149446.49326699998,15187.737368
ocr-on,2,2303.18223v16.pdf,OcrDecode,717,2.2414889999999987,0.015892
ocr-on,2,2303.18223v16.pdf,OcrDetectionInference,16,2483.8293230000004,201.219339
ocr-on,2,2303.18223v16.pdf,OcrDetectionPostprocess,16,286.086309,26.948843
ocr-on,2,2303.18223v16.pdf,OcrDetectionPreprocess,16,726.4734789999999,61.736504
ocr-on,2,2303.18223v16.pdf,OcrOrientationInference,717,2826.7349089999975,160.088358
ocr-on,2,2303.18223v16.pdf,OcrQueue,1466,125660.79546899993,13211.933894
ocr-on,2,2303.18223v16.pdf,OcrReadback,1450,1282.2897369999996,7.998221999999999
ocr-on,2,2303.18223v16.pdf,OcrRecognitionInference,717,15264.552562000008,499.659556
ocr-on,2,2303.18223v16.pdf,OcrRecognitionPreprocess,1434,258.7287619999998,2.47781
ocr-on,2,2303.18223v16.pdf,ParseTotal,1,46470.145336,46470.145336
ocr-on,2,2303.18223v16.pdf,PdfOpen,1,0.84318,0.84318
ocr-on,2,2303.18223v16.pdf,PdfRender,144,2415.284537999999,105.413319
ocr-on,2,2303.18223v16.pdf,PdfiumQueue,1,0.0067139999999999995,0.0067139999999999995
ocr-on,2,2303.18223v16.pdf,TableExternal,1,1083.952313,1083.952313
ocr-on,2,2303.18223v16.pdf,TableFill,1,1.656867,1.656867
ocr-on,2,2303.18223v16.pdf,TableRules,24,39.24646200000001,4.404911
ocr-on,2,2303.18223v16.pdf,TextExtract,144,2733.893813,26.313887
ocr-on,2,2303.18223v16.pdf,TextFinish,288,5844.297568,127.18995699999999
ocr-on,2,2303.18223v16.pdf,TextPrepare,144,17.050793000000002,0.292141
ocr-on,2,2303.18223v16.pdf,TsrInference,5,1071.123842,859.682142
ocr-on,2,2303.18223v16.pdf,TsrPostprocess,5,0.21488499999999996,0.124914
ocr-on,2,2303.18223v16.pdf,TsrPreprocess,5,8.420429,3.7255130000000003
ocr-on,2,2303.18223v16.pdf,TsrQueue,5,0.809317,0.216756
ocr-on,2,2410.05779v3.pdf,DocumentContext,1,0.823377,0.823377
ocr-on,2,2410.05779v3.pdf,LayoutInference,16,1156.1766469999998,80.843286
ocr-on,2,2410.05779v3.pdf,LayoutPostprocess,16,0.159531,0.020773
ocr-on,2,2410.05779v3.pdf,LayoutPreprocess,16,325.40456700000004,32.828683
ocr-on,2,2410.05779v3.pdf,LayoutQueue,16,2692.0704450000003,206.900306
ocr-on,2,2410.05779v3.pdf,LayoutReadback,16,0.062991,0.0049629999999999995
ocr-on,2,2410.05779v3.pdf,LinkValidate,1,6.392502,6.392502
ocr-on,2,2410.05779v3.pdf,Ocr,5,66708.157024,16814.145231000002
ocr-on,2,2410.05779v3.pdf,OcrDecode,291,1.6577350000000002,0.020916
ocr-on,2,2410.05779v3.pdf,OcrDetectionInference,5,702.326838,178.329133
ocr-on,2,2410.05779v3.pdf,OcrDetectionPostprocess,5,53.837926,14.350091
ocr-on,2,2410.05779v3.pdf,OcrDetectionPreprocess,5,222.336965,48.951345
ocr-on,2,2410.05779v3.pdf,OcrOrientationInference,291,721.7337099999995,117.509822
ocr-on,2,2410.05779v3.pdf,OcrQueue,592,49780.03064500006,12218.595943
ocr-on,2,2410.05779v3.pdf,OcrReadback,587,1607.0218309999996,15.543374
ocr-on,2,2410.05779v3.pdf,OcrRecognitionInference,291,12904.513843999996,395.682061
ocr-on,2,2410.05779v3.pdf,OcrRecognitionPreprocess,582,374.59856799999994,4.326914
ocr-on,2,2410.05779v3.pdf,ParseTotal,1,23640.597687999998,23640.597687999998
ocr-on,2,2410.05779v3.pdf,PdfOpen,1,0.204953,0.204953
ocr-on,2,2410.05779v3.pdf,PdfRender,16,302.50212500000004,33.605201
ocr-on,2,2410.05779v3.pdf,PdfiumQueue,1,0.004256,0.004256
ocr-on,2,2410.05779v3.pdf,TableRules,6,9.359108,2.72607
ocr-on,2,2410.05779v3.pdf,TextExtract,16,179.198274,20.156671
ocr-on,2,2410.05779v3.pdf,TextFinish,32,176.16231100000002,25.33794
ocr-on,2,2410.05779v3.pdf,TextPrepare,16,0.897933,0.12239900000000001
ocr-on,2,2412.05210v1.pdf,DocumentContext,1,32.071614999999994,32.071614999999994
ocr-on,2,2412.05210v1.pdf,LayoutInference,12,1029.3014400000002,125.77706099999999
ocr-on,2,2412.05210v1.pdf,LayoutPostprocess,12,0.14320300000000002,0.021807
ocr-on,2,2412.05210v1.pdf,LayoutPreprocess,12,288.080173,41.126964
ocr-on,2,2412.05210v1.pdf,LayoutQueue,12,1476.9557309999998,244.28935900000002
ocr-on,2,2412.05210v1.pdf,LayoutReadback,12,0.080911,0.013427999999999999
ocr-on,2,2412.05210v1.pdf,LinkValidate,1,8.469918,8.469918
ocr-on,2,2412.05210v1.pdf,Ocr,6,49280.86674799999,13735.671855
ocr-on,2,2412.05210v1.pdf,OcrDecode,439,1.718849000000001,0.026906999999999997
ocr-on,2,2412.05210v1.pdf,OcrDetectionInference,6,1416.8168890000002,688.73327
ocr-on,2,2412.05210v1.pdf,OcrDetectionPostprocess,6,89.015665,16.048312
ocr-on,2,2412.05210v1.pdf,OcrDetectionPreprocess,6,290.788138,50.8073
ocr-on,2,2412.05210v1.pdf,OcrOrientationInference,439,1137.7482329999991,116.521035
ocr-on,2,2412.05210v1.pdf,OcrQueue,890,35687.378710000055,8769.987711
ocr-on,2,2412.05210v1.pdf,OcrReadback,884,1077.2006870000002,7.758789999999999
ocr-on,2,2412.05210v1.pdf,OcrRecognitionInference,439,8910.079729999994,314.950151
ocr-on,2,2412.05210v1.pdf,OcrRecognitionPreprocess,878,245.48560800000038,2.207137
ocr-on,2,2412.05210v1.pdf,ParseTotal,1,19102.625708000003,19102.625708000003
ocr-on,2,2412.05210v1.pdf,PdfOpen,1,0.5507240000000001,0.5507240000000001
ocr-on,2,2412.05210v1.pdf,PdfRender,12,346.390581,78.775022
ocr-on,2,2412.05210v1.pdf,PdfiumQueue,1,0.007306,0.007306
ocr-on,2,2412.05210v1.pdf,TableRules,4,22.460818,10.347356
ocr-on,2,2412.05210v1.pdf,TextExtract,12,235.00230200000001,33.325168000000005
ocr-on,2,2412.05210v1.pdf,TextFinish,24,526.6707090000001,245.392543
ocr-on,2,2412.05210v1.pdf,TextPrepare,12,1.418965,0.25412
ocr-on,2,2604.18583v1.pdf,DocumentContext,1,1.5670140000000001,1.5670140000000001
ocr-on,2,2604.18583v1.pdf,LayoutInference,15,1317.3413810000002,191.383632
ocr-on,2,2604.18583v1.pdf,LayoutPostprocess,15,0.22006100000000003,0.029901999999999998
ocr-on,2,2604.18583v1.pdf,LayoutPreprocess,15,322.7914420000001,25.7678
ocr-on,2,2604.18583v1.pdf,LayoutQueue,15,927.7466489999998,187.36708
ocr-on,2,2604.18583v1.pdf,LayoutReadback,15,0.10633500000000001,0.011601
ocr-on,2,2604.18583v1.pdf,LinkValidate,1,8.815956,8.815956
ocr-on,2,2604.18583v1.pdf,Ocr,8,44077.669773,8550.069641
ocr-on,2,2604.18583v1.pdf,OcrDecode,100,0.32797099999999996,0.015783000000000002
ocr-on,2,2604.18583v1.pdf,OcrDetectionInference,8,1110.757766,163.655698
ocr-on,2,2604.18583v1.pdf,OcrDetectionPostprocess,8,115.806151,18.502652
ocr-on,2,2604.18583v1.pdf,OcrDetectionPreprocess,8,375.28240100000005,57.990998000000005
ocr-on,2,2604.18583v1.pdf,OcrOrientationInference,100,166.4638620000001,11.643785
ocr-on,2,2604.18583v1.pdf,OcrQueue,216,40666.82943299999,8263.939049999999
ocr-on,2,2604.18583v1.pdf,OcrReadback,208,193.57759100000004,10.549884
ocr-on,2,2604.18583v1.pdf,OcrRecognitionInference,100,1304.7926280000004,55.30375
ocr-on,2,2604.18583v1.pdf,OcrRecognitionPreprocess,200,43.415083,3.135254
ocr-on,2,2604.18583v1.pdf,ParseTotal,1,12401.299054000001,12401.299054000001
ocr-on,2,2604.18583v1.pdf,PdfOpen,1,0.305187,0.305187
ocr-on,2,2604.18583v1.pdf,PdfRender,15,1766.645176,710.608963
ocr-on,2,2604.18583v1.pdf,PdfiumQueue,1,0.003453,0.003453
ocr-on,2,2604.18583v1.pdf,TableRules,2,2.0486269999999998,1.1265859999999999
ocr-on,2,2604.18583v1.pdf,TextExtract,15,237.30478599999998,32.410384
ocr-on,2,2604.18583v1.pdf,TextFinish,30,535.6843880000001,196.464841
ocr-on,2,2604.18583v1.pdf,TextPrepare,15,1.7813620000000001,0.23652600000000001
ocr-on,2,2603.01919v2.pdf,DocumentContext,1,2.448707,2.448707
ocr-on,2,2603.01919v2.pdf,LayoutInference,23,2150.6860189999998,317.178218
ocr-on,2,2603.01919v2.pdf,LayoutPostprocess,23,0.31243800000000005,0.034441
ocr-on,2,2603.01919v2.pdf,LayoutPreprocess,23,529.2991139999999,32.799493
ocr-on,2,2603.01919v2.pdf,LayoutQueue,23,3733.1623240000004,353.97617599999995
ocr-on,2,2603.01919v2.pdf,LayoutReadback,23,0.13815100000000005,0.014070000000000001
ocr-on,2,2603.01919v2.pdf,LinkValidate,1,15.936691,15.936691
ocr-on,2,2603.01919v2.pdf,Ocr,10,96480.52836,13512.002159
ocr-on,2,2603.01919v2.pdf,OcrDecode,1101,3.001375999999994,0.078815
ocr-on,2,2603.01919v2.pdf,OcrDetectionInference,10,1414.2414009999998,188.28322599999998
ocr-on,2,2603.01919v2.pdf,OcrDetectionPostprocess,10,130.16351,17.235889
ocr-on,2,2603.01919v2.pdf,OcrDetectionPreprocess,10,500.78945099999993,68.657682
ocr-on,2,2603.01919v2.pdf,OcrOrientationInference,1101,3103.686798999997,174.291832
ocr-on,2,2603.01919v2.pdf,OcrQueue,2222,72476.43299200018,7270.658144999999
ocr-on,2,2603.01919v2.pdf,OcrReadback,2212,1925.5172619999992,15.545472
ocr-on,2,2603.01919v2.pdf,OcrRecognitionInference,1101,15644.43847700001,330.44625
ocr-on,2,2603.01919v2.pdf,OcrRecognitionPreprocess,2202,307.3686600000002,4.53483
ocr-on,2,2603.01919v2.pdf,ParseTotal,1,31220.889576,31220.889576
ocr-on,2,2603.01919v2.pdf,PdfOpen,1,0.57661,0.57661
ocr-on,2,2603.01919v2.pdf,PdfRender,23,777.488577,128.876549
ocr-on,2,2603.01919v2.pdf,PdfiumQueue,1,0.0035659999999999997,0.0035659999999999997
ocr-on,2,2603.01919v2.pdf,TableExternal,1,1268.677923,1268.677923
ocr-on,2,2603.01919v2.pdf,TableFill,1,0.202155,0.202155
ocr-on,2,2603.01919v2.pdf,TableRules,18,25.40999499999999,5.105206
ocr-on,2,2603.01919v2.pdf,TextExtract,23,425.8984649999999,52.852042000000004
ocr-on,2,2603.01919v2.pdf,TextFinish,46,581.8636039999998,84.370508
ocr-on,2,2603.01919v2.pdf,TextPrepare,23,1.874726,0.189304
ocr-on,2,2603.01919v2.pdf,TsrInference,3,1262.3689359999998,1112.4083819999998
ocr-on,2,2603.01919v2.pdf,TsrPostprocess,3,0.322119,0.227465
ocr-on,2,2603.01919v2.pdf,TsrPreprocess,3,4.55776,2.2911479999999997
ocr-on,2,2603.01919v2.pdf,TsrQueue,3,0.47131199999999995,0.175206
ocr-on,2,2604.21959v1.pdf,DocumentContext,1,0.16123400000000002,0.16123400000000002
ocr-on,2,2604.21959v1.pdf,LayoutInference,3,244.63278300000002,94.90219900000001
ocr-on,2,2604.21959v1.pdf,LayoutPostprocess,3,0.029301,0.013375
ocr-on,2,2604.21959v1.pdf,LayoutPreprocess,3,60.223575,20.699123999999998
ocr-on,2,2604.21959v1.pdf,LayoutQueue,3,217.831076,136.773499
ocr-on,2,2604.21959v1.pdf,LayoutReadback,3,0.021473,0.008372000000000001
ocr-on,2,2604.21959v1.pdf,LinkValidate,1,0.8176869999999999,0.8176869999999999
ocr-on,2,2604.21959v1.pdf,Ocr,2,9650.27173,6217.785715
ocr-on,2,2604.21959v1.pdf,OcrDecode,87,0.33457100000000006,0.026097000000000002
ocr-on,2,2604.21959v1.pdf,OcrDetectionInference,2,499.22535300000004,368.348738
ocr-on,2,2604.21959v1.pdf,OcrDetectionPostprocess,2,25.049275,13.891974
ocr-on,2,2604.21959v1.pdf,OcrDetectionPreprocess,2,96.782157,48.550295
ocr-on,2,2604.21959v1.pdf,OcrOrientationInference,87,273.449807,70.932278
ocr-on,2,2604.21959v1.pdf,OcrQueue,178,6787.225195999993,3354.970954
ocr-on,2,2604.21959v1.pdf,OcrReadback,176,299.93024700000007,11.222957000000001
ocr-on,2,2604.21959v1.pdf,OcrRecognitionInference,87,1511.481944,42.664512
ocr-on,2,2604.21959v1.pdf,OcrRecognitionPreprocess,174,66.28489200000001,3.401312
ocr-on,2,2604.21959v1.pdf,ParseTotal,1,6526.356412,6526.356412
ocr-on,2,2604.21959v1.pdf,PdfOpen,1,0.415726,0.415726
ocr-on,2,2604.21959v1.pdf,PdfRender,3,44.139958,15.555872
ocr-on,2,2604.21959v1.pdf,PdfiumQueue,1,0.004385,0.004385
ocr-on,2,2604.21959v1.pdf,TextExtract,3,23.513637000000003,11.560153
ocr-on,2,2604.21959v1.pdf,TextFinish,6,22.970449000000002,12.093774
ocr-on,2,2604.21959v1.pdf,TextPrepare,3,0.159519,0.08567
ocr-on,2,2604.18584v1.pdf,DocumentContext,1,2.38077,2.38077
ocr-on,2,2604.18584v1.pdf,LayoutInference,32,3224.5859029999997,262.968615
ocr-on,2,2604.18584v1.pdf,LayoutPostprocess,32,0.432872,0.064285
ocr-on,2,2604.18584v1.pdf,LayoutPreprocess,32,698.726932,32.137477999999994
ocr-on,2,2604.18584v1.pdf,LayoutQueue,32,4640.376799999998,369.21040999999997
ocr-on,2,2604.18584v1.pdf,LayoutReadback,32,0.21657999999999994,0.015880000000000002
ocr-on,2,2604.18584v1.pdf,LinkValidate,1,11.899167,11.899167
ocr-on,2,2604.18584v1.pdf,Ocr,13,123986.426896,24465.270103000003
ocr-on,2,2604.18584v1.pdf,OcrDecode,882,3.9330719999999992,0.072639
ocr-on,2,2604.18584v1.pdf,OcrDetectionInference,13,2170.417044,301.93195699999995
ocr-on,2,2604.18584v1.pdf,OcrDetectionPostprocess,13,137.96315199999998,16.808789
ocr-on,2,2604.18584v1.pdf,OcrDetectionPreprocess,13,657.5810389999999,69.51268300000001
ocr-on,2,2604.18584v1.pdf,OcrOrientationInference,882,1944.8936239999987,156.66423400000002
ocr-on,2,2604.18584v1.pdf,OcrQueue,1790,91677.10794099986,19284.022106999997
ocr-on,2,2604.18584v1.pdf,OcrReadback,1777,2575.0065710000035,12.252554
ocr-on,2,2604.18584v1.pdf,OcrRecognitionInference,882,23360.213288999963,484.304982
ocr-on,2,2604.18584v1.pdf,OcrRecognitionPreprocess,1764,591.7242889999997,3.428994
ocr-on,2,2604.18584v1.pdf,ParseTotal,1,38989.793378999995,38989.793378999995
ocr-on,2,2604.18584v1.pdf,PdfOpen,1,0.400368,0.400368
ocr-on,2,2604.18584v1.pdf,PdfRender,32,628.519358,95.901255
ocr-on,2,2604.18584v1.pdf,PdfiumQueue,1,0.003702,0.003702
ocr-on,2,2604.18584v1.pdf,TableExternal,2,775.393691,439.699058
ocr-on,2,2604.18584v1.pdf,TableFill,2,0.153094,0.133107
ocr-on,2,2604.18584v1.pdf,TableRules,18,28.757411000000005,5.460919
ocr-on,2,2604.18584v1.pdf,TextExtract,32,312.82770800000003,17.785625
ocr-on,2,2604.18584v1.pdf,TextFinish,64,480.152297,50.450601
ocr-on,2,2604.18584v1.pdf,TextPrepare,32,2.0786599999999997,0.18426
ocr-on,2,2604.18584v1.pdf,TsrInference,2,770.128434,435.297931
ocr-on,2,2604.18584v1.pdf,TsrPostprocess,2,0.09366599999999999,0.08139099999999999
ocr-on,2,2604.18584v1.pdf,TsrPreprocess,2,4.290567,3.9086950000000003
ocr-on,2,2604.18584v1.pdf,TsrQueue,2,0.248504,0.171649
ocr-on,2,2606.17056v1.pdf,DocumentContext,1,4.454742,4.454742
ocr-on,2,2606.17056v1.pdf,LayoutInference,25,2547.4595959999997,196.246755
ocr-on,2,2606.17056v1.pdf,LayoutPostprocess,25,0.270221,0.02042
ocr-on,2,2606.17056v1.pdf,LayoutPreprocess,25,506.4037279999999,26.950601000000002
ocr-on,2,2606.17056v1.pdf,LayoutQueue,25,3272.668489,358.900013
ocr-on,2,2606.17056v1.pdf,LayoutReadback,25,0.216224,0.017227999999999997
ocr-on,2,2606.17056v1.pdf,LinkValidate,1,5.566957,5.566957
ocr-on,2,2606.17056v1.pdf,Ocr,15,142410.08618,23399.841989999997
ocr-on,2,2606.17056v1.pdf,OcrDecode,831,2.4680269999999993,0.09955599999999999
ocr-on,2,2606.17056v1.pdf,OcrDetectionInference,15,2311.5141550000003,240.08594399999998
ocr-on,2,2606.17056v1.pdf,OcrDetectionPostprocess,15,163.65134100000003,14.184935
ocr-on,2,2606.17056v1.pdf,OcrDetectionPreprocess,15,752.1262589999999,63.787571
ocr-on,2,2606.17056v1.pdf,OcrOrientationInference,831,2219.7524850000004,105.393129
ocr-on,2,2606.17056v1.pdf,OcrQueue,1692,122044.72354000005,19169.717475999998
ocr-on,2,2606.17056v1.pdf,OcrReadback,1677,1508.3581160000003,12.054227000000001
ocr-on,2,2606.17056v1.pdf,OcrRecognitionInference,831,12416.188143999982,320.44486900000004
ocr-on,2,2606.17056v1.pdf,OcrRecognitionPreprocess,1662,245.21138200000004,3.5404210000000003
ocr-on,2,2606.17056v1.pdf,ParseTotal,1,37897.847155999996,37897.847155999996
ocr-on,2,2606.17056v1.pdf,PdfOpen,1,0.522723,0.522723
ocr-on,2,2606.17056v1.pdf,PdfRender,25,401.3568479999999,23.654543
ocr-on,2,2606.17056v1.pdf,PdfiumQueue,1,0.003511,0.003511
ocr-on,2,2606.17056v1.pdf,TableRules,4,3.985774,1.557485
ocr-on,2,2606.17056v1.pdf,TextExtract,25,257.21533800000003,15.897716999999998
ocr-on,2,2606.17056v1.pdf,TextFinish,50,246.938789,21.340954
ocr-on,2,2606.17056v1.pdf,TextPrepare,25,1.3893260000000005,0.09969
ocr-on,2,2609.04184v1.pdf,DocumentContext,1,0.961685,0.961685
ocr-on,2,2609.04184v1.pdf,LayoutInference,8,568.220879,82.918962
ocr-on,2,2609.04184v1.pdf,LayoutPostprocess,8,0.09628400000000001,0.028512
ocr-on,2,2609.04184v1.pdf,LayoutPreprocess,8,152.610617,21.204674999999998
ocr-on,2,2609.04184v1.pdf,LayoutQueue,8,1029.497932,202.261725
ocr-on,2,2609.04184v1.pdf,LayoutReadback,8,0.061971000000000005,0.011224
ocr-on,2,2609.04184v1.pdf,LinkValidate,1,3.785872,3.785872
ocr-on,2,2609.04184v1.pdf,Ocr,5,47778.870512,12171.883241
ocr-on,2,2609.04184v1.pdf,OcrDecode,239,0.7687559999999998,0.012505
ocr-on,2,2609.04184v1.pdf,OcrDetectionInference,5,749.880422,207.764365
ocr-on,2,2609.04184v1.pdf,OcrDetectionPostprocess,5,91.00537800000001,22.552626999999998
ocr-on,2,2609.04184v1.pdf,OcrDetectionPreprocess,5,236.568938,51.347602
ocr-on,2,2609.04184v1.pdf,OcrOrientationInference,239,449.6845320000003,4.2640839999999995
ocr-on,2,2609.04184v1.pdf,OcrQueue,488,42949.80249000002,11413.357891
ocr-on,2,2609.04184v1.pdf,OcrReadback,483,407.13971299999974,4.043324
ocr-on,2,2609.04184v1.pdf,OcrRecognitionInference,239,2601.0651589999984,35.209513
ocr-on,2,2609.04184v1.pdf,OcrRecognitionPreprocess,478,79.5946750000001,1.155629
ocr-on,2,2609.04184v1.pdf,ParseTotal,1,14299.415766,14299.415766
ocr-on,2,2609.04184v1.pdf,PdfOpen,1,0.716446,0.716446
ocr-on,2,2609.04184v1.pdf,PdfRender,8,186.77681,31.760405
ocr-on,2,2609.04184v1.pdf,PdfiumQueue,1,0.002872,0.002872
ocr-on,2,2609.04184v1.pdf,TableExternal,1,204.847589,204.847589
ocr-on,2,2609.04184v1.pdf,TableFill,1,0.685221,0.685221
ocr-on,2,2609.04184v1.pdf,TableRules,7,3.2003269999999997,0.754903
ocr-on,2,2609.04184v1.pdf,TextExtract,8,150.814965,30.212394
ocr-on,2,2609.04184v1.pdf,TextFinish,16,265.53666799999996,68.356645
ocr-on,2,2609.04184v1.pdf,TextPrepare,8,0.8470540000000001,0.181041
ocr-on,2,2609.04184v1.pdf,TsrInference,1,202.823067,202.823067
ocr-on,2,2609.04184v1.pdf,TsrPostprocess,1,0.046692,0.046692
ocr-on,2,2609.04184v1.pdf,TsrPreprocess,1,1.4278,1.4278
ocr-on,2,2609.04184v1.pdf,TsrQueue,1,0.219108,0.219108
ocr-on,2,2609.04180v1.pdf,DocumentContext,1,1.812303,1.812303
ocr-on,2,2609.04180v1.pdf,LayoutInference,23,2129.590061,310.35345800000005
ocr-on,2,2609.04180v1.pdf,LayoutPostprocess,23,0.272549,0.034531
ocr-on,2,2609.04180v1.pdf,LayoutPreprocess,23,553.957611,33.65423800000001
ocr-on,2,2609.04180v1.pdf,LayoutQueue,23,4269.723908,394.748918
ocr-on,2,2609.04180v1.pdf,LayoutReadback,23,0.16302800000000003,0.014999
ocr-on,2,2609.04180v1.pdf,LinkValidate,1,7.718534,7.718534
ocr-on,2,2609.04180v1.pdf,Ocr,9,71748.94773300001,16398.224941
ocr-on,2,2609.04180v1.pdf,OcrDecode,755,2.2464300000000015,0.031747
ocr-on,2,2609.04180v1.pdf,OcrDetectionInference,9,1541.426164,229.29348399999998
ocr-on,2,2609.04180v1.pdf,OcrDetectionPostprocess,9,118.72618299999999,17.228495
ocr-on,2,2609.04180v1.pdf,OcrDetectionPreprocess,9,436.99728899999997,57.41669
ocr-on,2,2609.04180v1.pdf,OcrOrientationInference,755,1881.650226,168.190728
ocr-on,2,2609.04180v1.pdf,OcrQueue,1528,54308.487704999956,12013.128216000001
ocr-on,2,2609.04180v1.pdf,OcrReadback,1519,1481.9115640000039,13.302734000000001
ocr-on,2,2609.04180v1.pdf,OcrRecognitionInference,755,11051.491721999999,257.76954
ocr-on,2,2609.04180v1.pdf,OcrRecognitionPreprocess,1510,237.59146599999985,3.593585
ocr-on,2,2609.04180v1.pdf,ParseTotal,1,23547.779959,23547.779959
ocr-on,2,2609.04180v1.pdf,PdfOpen,1,0.5520240000000001,0.5520240000000001
ocr-on,2,2609.04180v1.pdf,PdfRender,23,479.134153,47.891408000000006
ocr-on,2,2609.04180v1.pdf,PdfiumQueue,1,0.004032,0.004032
ocr-on,2,2609.04180v1.pdf,TableRules,12,6.161781,1.253607
ocr-on,2,2609.04180v1.pdf,TextExtract,23,330.065454,27.656448
ocr-on,2,2609.04180v1.pdf,TextFinish,46,379.999699,36.519394
ocr-on,2,2609.04180v1.pdf,TextPrepare,23,1.671221,0.114199
ocr-on,2,2609.04203v1.pdf,DocumentContext,1,2.37404,2.37404
ocr-on,2,2609.04203v1.pdf,LayoutInference,20,2188.4542140000003,296.670967
ocr-on,2,2609.04203v1.pdf,LayoutPostprocess,20,0.296109,0.02533
ocr-on,2,2609.04203v1.pdf,LayoutPreprocess,20,441.69275000000005,30.727203000000003
ocr-on,2,2609.04203v1.pdf,LayoutQueue,20,3050.797115,396.309362
ocr-on,2,2609.04203v1.pdf,LayoutReadback,20,0.090488,0.009276000000000001
ocr-on,2,2609.04203v1.pdf,LinkValidate,1,9.600121,9.600121
ocr-on,2,2609.04203v1.pdf,Ocr,9,19546.370552999997,3817.4510809999997
ocr-on,2,2609.04203v1.pdf,OcrDecode,287,0.879953,0.014085
ocr-on,2,2609.04203v1.pdf,OcrDetectionInference,9,1304.4968880000001,175.058716
ocr-on,2,2609.04203v1.pdf,OcrDetectionPostprocess,9,143.212232,19.180241000000002
ocr-on,2,2609.04203v1.pdf,OcrDetectionPreprocess,9,479.58509999999995,65.284596
ocr-on,2,2609.04203v1.pdf,OcrOrientationInference,287,1348.0843260000001,182.022411
ocr-on,2,2609.04203v1.pdf,OcrQueue,592,11405.811333999996,1992.108235
ocr-on,2,2609.04203v1.pdf,OcrReadback,583,538.6021140000006,5.644566
ocr-on,2,2609.04203v1.pdf,OcrRecognitionInference,287,3969.283864000002,408.746253
ocr-on,2,2609.04203v1.pdf,OcrRecognitionPreprocess,574,88.00598200000007,1.5589600000000001
ocr-on,2,2609.04203v1.pdf,ParseTotal,1,6713.092914,6713.092914
ocr-on,2,2609.04203v1.pdf,PdfOpen,1,0.5870650000000001,0.5870650000000001
ocr-on,2,2609.04203v1.pdf,PdfRender,20,793.8607979999999,228.138079
ocr-on,2,2609.04203v1.pdf,PdfiumQueue,1,0.002893,0.002893
ocr-on,2,2609.04203v1.pdf,TableExternal,1,402.32925400000005,402.32925400000005
ocr-on,2,2609.04203v1.pdf,TableFill,1,6.93108,6.93108
ocr-on,2,2609.04203v1.pdf,TableRules,19,10.491273,1.444909
ocr-on,2,2609.04203v1.pdf,TextExtract,20,507.55333300000007,118.91239900000001
ocr-on,2,2609.04203v1.pdf,TextFinish,40,676.0850079999999,71.82316800000001
ocr-on,2,2609.04203v1.pdf,TextPrepare,20,2.1946480000000004,0.17080900000000002
ocr-on,2,2609.04203v1.pdf,TsrInference,1,398.887633,398.887633
ocr-on,2,2609.04203v1.pdf,TsrPostprocess,1,0.204543,0.204543
ocr-on,2,2609.04203v1.pdf,TsrPreprocess,1,2.852181,2.852181
ocr-on,2,2609.04203v1.pdf,TsrQueue,1,0.154121,0.154121
ocr-on,3,2410.05779v3.pdf,DocumentContext,1,0.779385,0.779385
ocr-on,3,2410.05779v3.pdf,LayoutInference,16,1417.4606899999999,167.617006
ocr-on,3,2410.05779v3.pdf,LayoutPostprocess,16,0.158898,0.02071
ocr-on,3,2410.05779v3.pdf,LayoutPreprocess,16,370.36311199999994,33.568174
ocr-on,3,2410.05779v3.pdf,LayoutQueue,16,5790.135622,664.796915
ocr-on,3,2410.05779v3.pdf,LayoutReadback,16,0.064366,0.005447
ocr-on,3,2410.05779v3.pdf,LinkValidate,1,4.597055,4.597055
ocr-on,3,2410.05779v3.pdf,Ocr,5,57936.17358599999,18343.818182
ocr-on,3,2410.05779v3.pdf,OcrDecode,291,1.9369860000000003,0.09368599999999999
ocr-on,3,2410.05779v3.pdf,OcrDetectionInference,5,869.3419729999999,197.887272
ocr-on,3,2410.05779v3.pdf,OcrDetectionPostprocess,5,59.52019500000001,15.148362
ocr-on,3,2410.05779v3.pdf,OcrDetectionPreprocess,5,240.829141,53.190946000000004
ocr-on,3,2410.05779v3.pdf,OcrOrientationInference,291,811.8655359999996,122.68261299999999
ocr-on,3,2410.05779v3.pdf,OcrQueue,592,41913.55000699998,13227.298105
ocr-on,3,2410.05779v3.pdf,OcrReadback,587,1597.1707550000003,15.364233
ocr-on,3,2410.05779v3.pdf,OcrRecognitionInference,291,11755.723259000002,522.780552
ocr-on,3,2410.05779v3.pdf,OcrRecognitionPreprocess,582,351.44199100000003,4.289688
ocr-on,3,2410.05779v3.pdf,ParseTotal,1,25588.553338,25588.553338
ocr-on,3,2410.05779v3.pdf,PdfOpen,1,0.318135,0.318135
ocr-on,3,2410.05779v3.pdf,PdfRender,16,321.02024400000005,34.498729999999995
ocr-on,3,2410.05779v3.pdf,PdfiumQueue,1,0.000234,0.000234
ocr-on,3,2410.05779v3.pdf,TableRules,6,10.420937999999998,3.0443279999999997
ocr-on,3,2410.05779v3.pdf,TextExtract,16,184.27482399999997,19.274994
ocr-on,3,2410.05779v3.pdf,TextFinish,32,194.91721300000003,25.781127
ocr-on,3,2410.05779v3.pdf,TextPrepare,16,0.9049590000000001,0.094126
ocr-on,3,2403.01632v4.pdf,DocumentContext,1,3.7563079999999998,3.7563079999999998
ocr-on,3,2403.01632v4.pdf,LayoutInference,47,4392.546918,193.437314
ocr-on,3,2403.01632v4.pdf,LayoutPostprocess,47,0.7504280000000001,0.053223
ocr-on,3,2403.01632v4.pdf,LayoutPreprocess,47,1036.7845400000003,37.576218000000004
ocr-on,3,2403.01632v4.pdf,LayoutQueue,47,11543.304730999997,667.663623
ocr-on,3,2403.01632v4.pdf,LayoutReadback,47,0.20439999999999994,0.012849
ocr-on,3,2403.01632v4.pdf,LinkValidate,1,12.163219,12.163219
ocr-on,3,2403.01632v4.pdf,Ocr,13,164233.512651,19277.853917
ocr-on,3,2403.01632v4.pdf,OcrDecode,417,1.6358279999999996,0.017893999999999997
ocr-on,3,2403.01632v4.pdf,OcrDetectionInference,13,1979.652987,198.494109
ocr-on,3,2403.01632v4.pdf,OcrDetectionPostprocess,13,149.663871,23.310206
ocr-on,3,2403.01632v4.pdf,OcrDetectionPreprocess,13,638.2140209999999,60.855902
ocr-on,3,2403.01632v4.pdf,OcrOrientationInference,417,812.9849070000007,64.13451400000001
ocr-on,3,2403.01632v4.pdf,OcrQueue,860,145531.42575499997,14580.137088000001
ocr-on,3,2403.01632v4.pdf,OcrReadback,847,1175.5765230000015,12.931344000000001
ocr-on,3,2403.01632v4.pdf,OcrRecognitionInference,417,13240.492476000014,420.254747
ocr-on,3,2403.01632v4.pdf,OcrRecognitionPreprocess,834,275.0865830000003,3.580216
ocr-on,3,2403.01632v4.pdf,ParseTotal,1,47283.470225000005,47283.470225000005
ocr-on,3,2403.01632v4.pdf,PdfOpen,1,0.33200599999999997,0.33200599999999997
ocr-on,3,2403.01632v4.pdf,PdfRender,47,890.8329930000002,63.965416999999995
ocr-on,3,2403.01632v4.pdf,PdfiumQueue,1,0.000346,0.000346
ocr-on,3,2403.01632v4.pdf,TableRules,7,4.008803,1.18078
ocr-on,3,2403.01632v4.pdf,TextExtract,47,604.220078,17.486284
ocr-on,3,2403.01632v4.pdf,TextFinish,94,723.7116410000003,33.141738
ocr-on,3,2403.01632v4.pdf,TextPrepare,47,3.1261419999999998,0.13039
ocr-on,3,2412.05210v1.pdf,DocumentContext,1,34.648838,34.648838
ocr-on,3,2412.05210v1.pdf,LayoutInference,12,976.454213,189.383623
ocr-on,3,2412.05210v1.pdf,LayoutPostprocess,12,0.14292400000000002,0.021744
ocr-on,3,2412.05210v1.pdf,LayoutPreprocess,12,269.833761,29.001135
ocr-on,3,2412.05210v1.pdf,LayoutQueue,12,1184.511532,198.260504
ocr-on,3,2412.05210v1.pdf,LayoutReadback,12,0.06307,0.006692
ocr-on,3,2412.05210v1.pdf,LinkValidate,1,12.227763,12.227763
ocr-on,3,2412.05210v1.pdf,Ocr,6,93704.52267,23714.064193
ocr-on,3,2412.05210v1.pdf,OcrDecode,439,1.6466690000000022,0.021802
ocr-on,3,2412.05210v1.pdf,OcrDetectionInference,6,1565.859279,728.795886
ocr-on,3,2412.05210v1.pdf,OcrDetectionPostprocess,6,106.243308,20.993952
ocr-on,3,2412.05210v1.pdf,OcrDetectionPreprocess,6,334.17536,70.611506
ocr-on,3,2412.05210v1.pdf,OcrOrientationInference,439,1146.2691209999994,72.475042
ocr-on,3,2412.05210v1.pdf,OcrQueue,890,75642.13446599996,12149.242656
ocr-on,3,2412.05210v1.pdf,OcrReadback,884,1126.704106,7.7071439999999996
ocr-on,3,2412.05210v1.pdf,OcrRecognitionInference,439,13103.947742999993,427.847585
ocr-on,3,2412.05210v1.pdf,OcrRecognitionPreprocess,878,257.4577639999997,2.201326
ocr-on,3,2412.05210v1.pdf,ParseTotal,1,36309.477289999995,36309.477289999995
ocr-on,3,2412.05210v1.pdf,PdfOpen,1,0.462696,0.462696
ocr-on,3,2412.05210v1.pdf,PdfRender,12,354.461284,79.60233099999999
ocr-on,3,2412.05210v1.pdf,PdfiumQueue,1,0.004122,0.004122
ocr-on,3,2412.05210v1.pdf,TableRules,4,18.43311,9.06586
ocr-on,3,2412.05210v1.pdf,TextExtract,12,236.12672999999998,31.203111
ocr-on,3,2412.05210v1.pdf,TextFinish,24,509.270809,228.437006
ocr-on,3,2412.05210v1.pdf,TextPrepare,12,1.3859510000000002,0.261376
ocr-on,3,2303.18223v16.pdf,DocumentContext,1,23.691568,23.691568
ocr-on,3,2303.18223v16.pdf,LayoutInference,144,12110.330067000003,213.844785
ocr-on,3,2303.18223v16.pdf,LayoutPostprocess,144,2.0568269999999997,0.13951799999999998
ocr-on,3,2303.18223v16.pdf,LayoutPreprocess,144,3246.6848980000004,33.533477
ocr-on,3,2303.18223v16.pdf,LayoutQueue,144,20734.850775000003,302.545825
ocr-on,3,2303.18223v16.pdf,LayoutReadback,144,0.6995850000000005,0.013035
ocr-on,3,2303.18223v16.pdf,LinkValidate,1,75.899938,75.899938
ocr-on,3,2303.18223v16.pdf,Ocr,16,222951.460609,17729.819931
ocr-on,3,2303.18223v16.pdf,OcrDecode,717,2.4397829999999994,0.068684
ocr-on,3,2303.18223v16.pdf,OcrDetectionInference,16,2517.583702,372.720192
ocr-on,3,2303.18223v16.pdf,OcrDetectionPostprocess,16,291.909575,21.497306000000002
ocr-on,3,2303.18223v16.pdf,OcrDetectionPreprocess,16,777.3619729999999,58.127162000000006
ocr-on,3,2303.18223v16.pdf,OcrOrientationInference,717,2366.6378030000005,114.353515
ocr-on,3,2303.18223v16.pdf,OcrQueue,1466,198822.76939099972,14849.559139
ocr-on,3,2303.18223v16.pdf,OcrReadback,1450,1389.6544180000003,9.163511
ocr-on,3,2303.18223v16.pdf,OcrRecognitionInference,717,15855.292360000003,432.681009
ocr-on,3,2303.18223v16.pdf,OcrRecognitionPreprocess,1434,257.98147500000016,2.470281
ocr-on,3,2303.18223v16.pdf,ParseTotal,1,67334.88467300001,67334.88467300001
ocr-on,3,2303.18223v16.pdf,PdfOpen,1,0.873695,0.873695
ocr-on,3,2303.18223v16.pdf,PdfRender,144,2564.772238000001,111.496228
ocr-on,3,2303.18223v16.pdf,PdfiumQueue,1,0.002674,0.002674
ocr-on,3,2303.18223v16.pdf,TableExternal,1,994.264378,994.264378
ocr-on,3,2303.18223v16.pdf,TableFill,1,1.667312,1.667312
ocr-on,3,2303.18223v16.pdf,TableRules,24,43.97156400000001,4.905081
ocr-on,3,2303.18223v16.pdf,TextExtract,144,3034.509045999999,31.227379
ocr-on,3,2303.18223v16.pdf,TextFinish,288,6209.001246000001,137.681544
ocr-on,3,2303.18223v16.pdf,TextPrepare,144,18.004845000000003,0.326667
ocr-on,3,2303.18223v16.pdf,TsrInference,5,982.0637849999999,754.0249799999999
ocr-on,3,2303.18223v16.pdf,TsrPostprocess,5,0.232526,0.114032
ocr-on,3,2303.18223v16.pdf,TsrPreprocess,5,7.719423,2.107277
ocr-on,3,2303.18223v16.pdf,TsrQueue,5,0.7821929999999999,0.18054599999999998
ocr-on,3,2604.18583v1.pdf,DocumentContext,1,1.362107,1.362107
ocr-on,3,2604.18583v1.pdf,LayoutInference,15,1206.4072540000002,184.681345
ocr-on,3,2604.18583v1.pdf,LayoutPostprocess,15,0.273179,0.055431
ocr-on,3,2604.18583v1.pdf,LayoutPreprocess,15,373.50192200000004,30.073946
ocr-on,3,2604.18583v1.pdf,LayoutQueue,15,403.2006869999999,158.96659
ocr-on,3,2604.18583v1.pdf,LayoutReadback,15,0.09187200000000001,0.011929
ocr-on,3,2604.18583v1.pdf,LinkValidate,1,8.001161,8.001161
ocr-on,3,2604.18583v1.pdf,Ocr,8,92396.649496,15884.015758
ocr-on,3,2604.18583v1.pdf,OcrDecode,100,0.31405599999999995,0.014820999999999999
ocr-on,3,2604.18583v1.pdf,OcrDetectionInference,8,1300.1881290000001,281.684996
ocr-on,3,2604.18583v1.pdf,OcrDetectionPostprocess,8,119.016044,19.882655999999997
ocr-on,3,2604.18583v1.pdf,OcrDetectionPreprocess,8,395.99282800000003,65.116608
ocr-on,3,2604.18583v1.pdf,OcrOrientationInference,100,291.5960640000002,96.429411
ocr-on,3,2604.18583v1.pdf,OcrQueue,216,88229.76292799998,15477.827282
ocr-on,3,2604.18583v1.pdf,OcrReadback,208,210.38007199999987,10.48215
ocr-on,3,2604.18583v1.pdf,OcrRecognitionInference,100,1703.2056539999992,217.664782
ocr-on,3,2604.18583v1.pdf,OcrRecognitionPreprocess,200,43.93635999999997,2.220779
ocr-on,3,2604.18583v1.pdf,ParseTotal,1,25182.182796999998,25182.182796999998
ocr-on,3,2604.18583v1.pdf,PdfOpen,1,0.290717,0.290717
ocr-on,3,2604.18583v1.pdf,PdfRender,15,1784.033418,689.431917
ocr-on,3,2604.18583v1.pdf,PdfiumQueue,1,0.004071,0.004071
ocr-on,3,2604.18583v1.pdf,TableRules,2,2.2216639999999996,1.3016919999999998
ocr-on,3,2604.18583v1.pdf,TextExtract,15,265.39096099999995,40.07512
ocr-on,3,2604.18583v1.pdf,TextFinish,30,540.993121,195.741311
ocr-on,3,2604.18583v1.pdf,TextPrepare,15,1.753837,0.28210799999999997
ocr-on,3,2603.01919v2.pdf,DocumentContext,1,2.2525,2.2525
ocr-on,3,2603.01919v2.pdf,LayoutInference,23,1960.274078,199.018134
ocr-on,3,2603.01919v2.pdf,LayoutPostprocess,23,0.30510299999999996,0.042643
ocr-on,3,2603.01919v2.pdf,LayoutPreprocess,23,532.399925,29.083823000000002
ocr-on,3,2603.01919v2.pdf,LayoutQueue,23,3200.014545,223.21991799999998
ocr-on,3,2603.01919v2.pdf,LayoutReadback,23,0.13825099999999999,0.016291
ocr-on,3,2603.01919v2.pdf,LinkValidate,1,14.781238,14.781238
ocr-on,3,2603.01919v2.pdf,Ocr,10,135356.36072099998,19145.584775
ocr-on,3,2603.01919v2.pdf,OcrDecode,1101,3.1461400000000026,0.035756
ocr-on,3,2603.01919v2.pdf,OcrDetectionInference,10,2339.4328779999996,814.91302
ocr-on,3,2603.01919v2.pdf,OcrDetectionPostprocess,10,148.48163300000002,20.770355000000002
ocr-on,3,2603.01919v2.pdf,OcrDetectionPreprocess,10,531.0139029999999,64.446409
ocr-on,3,2603.01919v2.pdf,OcrOrientationInference,1101,2548.323728000003,99.617249
ocr-on,3,2603.01919v2.pdf,OcrQueue,2222,109728.35513799968,13545.135661
ocr-on,3,2603.01919v2.pdf,OcrReadback,2212,2078.217022000001,16.857742
ocr-on,3,2603.01919v2.pdf,OcrRecognitionInference,1101,16647.12206299999,390.080937
ocr-on,3,2603.01919v2.pdf,OcrRecognitionPreprocess,2202,332.262302,5.005825000000001
ocr-on,3,2603.01919v2.pdf,ParseTotal,1,41905.950105,41905.950105
ocr-on,3,2603.01919v2.pdf,PdfOpen,1,0.535474,0.535474
ocr-on,3,2603.01919v2.pdf,PdfRender,23,796.867176,126.296819
ocr-on,3,2603.01919v2.pdf,PdfiumQueue,1,0.004867,0.004867
ocr-on,3,2603.01919v2.pdf,TableExternal,1,1171.657529,1171.657529
ocr-on,3,2603.01919v2.pdf,TableFill,1,0.316691,0.316691
ocr-on,3,2603.01919v2.pdf,TableRules,18,26.375761000000004,5.167634
ocr-on,3,2603.01919v2.pdf,TextExtract,23,449.824703,54.364788
ocr-on,3,2603.01919v2.pdf,TextFinish,46,599.4824130000001,86.811033
ocr-on,3,2603.01919v2.pdf,TextPrepare,23,2.136335,0.19891999999999999
ocr-on,3,2603.01919v2.pdf,TsrInference,3,1164.473909,868.033394
ocr-on,3,2603.01919v2.pdf,TsrPostprocess,3,0.32537,0.19279
ocr-on,3,2603.01919v2.pdf,TsrPreprocess,3,5.335768,2.853501
ocr-on,3,2603.01919v2.pdf,TsrQueue,3,0.415732,0.17199
ocr-on,3,2604.21959v1.pdf,DocumentContext,1,0.23654399999999998,0.23654399999999998
ocr-on,3,2604.21959v1.pdf,LayoutInference,3,252.577899,108.992459
ocr-on,3,2604.21959v1.pdf,LayoutPostprocess,3,0.043855000000000005,0.023838
ocr-on,3,2604.21959v1.pdf,LayoutPreprocess,3,66.737941,26.509615
ocr-on,3,2604.21959v1.pdf,LayoutQueue,3,234.787328,141.97663599999998
ocr-on,3,2604.21959v1.pdf,LayoutReadback,3,0.037999,0.021793999999999997
ocr-on,3,2604.21959v1.pdf,LinkValidate,1,0.610628,0.610628
ocr-on,3,2604.21959v1.pdf,Ocr,2,15684.790509999999,9544.533856999999
ocr-on,3,2604.21959v1.pdf,OcrDecode,87,0.36609800000000003,0.024523
ocr-on,3,2604.21959v1.pdf,OcrDetectionInference,2,341.448369,223.460578
ocr-on,3,2604.21959v1.pdf,OcrDetectionPostprocess,2,24.381238,12.643731
ocr-on,3,2604.21959v1.pdf,OcrDetectionPreprocess,2,97.701464,48.908589
ocr-on,3,2604.21959v1.pdf,OcrOrientationInference,87,209.47471699999997,70.97595
ocr-on,3,2604.21959v1.pdf,OcrQueue,178,12805.788168000001,6066.593036
ocr-on,3,2604.21959v1.pdf,OcrReadback,176,305.49535699999996,11.285133
ocr-on,3,2604.21959v1.pdf,OcrRecognitionInference,87,1742.9325709999998,215.72429100000002
ocr-on,3,2604.21959v1.pdf,OcrRecognitionPreprocess,174,66.07900699999999,3.1837269999999998
ocr-on,3,2604.21959v1.pdf,ParseTotal,1,9866.532606,9866.532606
ocr-on,3,2604.21959v1.pdf,PdfOpen,1,0.32707400000000003,0.32707400000000003
ocr-on,3,2604.21959v1.pdf,PdfRender,3,46.655242,15.839175000000001
ocr-on,3,2604.21959v1.pdf,PdfiumQueue,1,0.003637,0.003637
ocr-on,3,2604.21959v1.pdf,TextExtract,3,27.357475,13.995274
ocr-on,3,2604.21959v1.pdf,TextFinish,6,22.838115,11.865917
ocr-on,3,2604.21959v1.pdf,TextPrepare,3,0.126619,0.069597
ocr-on,3,2604.18584v1.pdf,DocumentContext,1,2.273486,2.273486
ocr-on,3,2604.18584v1.pdf,LayoutInference,32,2735.009014,185.49363699999998
ocr-on,3,2604.18584v1.pdf,LayoutPostprocess,32,0.40391899999999986,0.034279000000000004
ocr-on,3,2604.18584v1.pdf,LayoutPreprocess,32,721.6220469999998,29.117185
ocr-on,3,2604.18584v1.pdf,LayoutQueue,32,3654.768065,245.166002
ocr-on,3,2604.18584v1.pdf,LayoutReadback,32,0.27268,0.027926
ocr-on,3,2604.18584v1.pdf,LinkValidate,1,14.893956,14.893956
ocr-on,3,2604.18584v1.pdf,Ocr,13,172370.313127,27127.894762
ocr-on,3,2604.18584v1.pdf,OcrDecode,882,4.1312710000000035,0.089145
ocr-on,3,2604.18584v1.pdf,OcrDetectionInference,13,2033.189723,227.597729
ocr-on,3,2604.18584v1.pdf,OcrDetectionPostprocess,13,138.16102,16.247273999999997
ocr-on,3,2604.18584v1.pdf,OcrDetectionPreprocess,13,627.294803,55.881426
ocr-on,3,2604.18584v1.pdf,OcrOrientationInference,882,1540.897499999999,60.441983
ocr-on,3,2604.18584v1.pdf,OcrQueue,1790,140931.5689229996,14249.874484
ocr-on,3,2604.18584v1.pdf,OcrReadback,1777,2622.5752289999996,13.468416000000001
ocr-on,3,2604.18584v1.pdf,OcrRecognitionInference,882,23009.581548000013,486.538269
ocr-on,3,2604.18584v1.pdf,OcrRecognitionPreprocess,1764,582.3922430000002,3.5809539999999997
ocr-on,3,2604.18584v1.pdf,ParseTotal,1,52314.917343,52314.917343
ocr-on,3,2604.18584v1.pdf,PdfOpen,1,0.444589,0.444589
ocr-on,3,2604.18584v1.pdf,PdfRender,32,645.7967140000001,94.822405
ocr-on,3,2604.18584v1.pdf,PdfiumQueue,1,0.003003,0.003003
ocr-on,3,2604.18584v1.pdf,TableExternal,2,697.0059530000001,420.35346400000003
ocr-on,3,2604.18584v1.pdf,TableFill,2,0.13261299999999998,0.10194399999999999
ocr-on,3,2604.18584v1.pdf,TableRules,18,30.028377,5.985277
ocr-on,3,2604.18584v1.pdf,TextExtract,32,329.99149399999993,20.612469
ocr-on,3,2604.18584v1.pdf,TextFinish,64,481.6961869999998,50.097677
ocr-on,3,2604.18584v1.pdf,TextPrepare,32,2.052438,0.16616499999999998
ocr-on,3,2604.18584v1.pdf,TsrInference,2,690.806716,415.06737599999997
ocr-on,3,2604.18584v1.pdf,TsrPostprocess,2,0.075936,0.060159
ocr-on,3,2604.18584v1.pdf,TsrPreprocess,2,4.995233,4.590787
ocr-on,3,2604.18584v1.pdf,TsrQueue,2,0.349865,0.22420099999999998
ocr-on,3,2609.04180v1.pdf,DocumentContext,1,2.0834400000000004,2.0834400000000004
ocr-on,3,2609.04180v1.pdf,LayoutInference,23,2165.1707050000005,196.290617
ocr-on,3,2609.04180v1.pdf,LayoutPostprocess,23,0.2711140000000001,0.026250000000000002
ocr-on,3,2609.04180v1.pdf,LayoutPreprocess,23,536.2502270000001,41.545115
ocr-on,3,2609.04180v1.pdf,LayoutQueue,23,3174.2026799999994,290.98846499999996
ocr-on,3,2609.04180v1.pdf,LayoutReadback,23,0.155373,0.010651
ocr-on,3,2609.04180v1.pdf,LinkValidate,1,10.870219,10.870219
ocr-on,3,2609.04180v1.pdf,Ocr,9,150661.977099,23011.951439
ocr-on,3,2609.04180v1.pdf,OcrDecode,755,2.210858,0.08621000000000001
ocr-on,3,2609.04180v1.pdf,OcrDetectionInference,9,1660.549636,222.466159
ocr-on,3,2609.04180v1.pdf,OcrDetectionPostprocess,9,115.36161,17.751011000000002
ocr-on,3,2609.04180v1.pdf,OcrDetectionPreprocess,9,465.19220199999995,58.763386000000004
ocr-on,3,2609.04180v1.pdf,OcrOrientationInference,755,1703.957572999998,140.836811
ocr-on,3,2609.04180v1.pdf,OcrQueue,1528,133227.48760400023,21102.226617
ocr-on,3,2609.04180v1.pdf,OcrReadback,1519,1486.6641730000033,12.02034
ocr-on,3,2609.04180v1.pdf,OcrRecognitionInference,755,11095.202376000001,353.759744
ocr-on,3,2609.04180v1.pdf,OcrRecognitionPreprocess,1510,237.1273989999998,3.4692299999999996
ocr-on,3,2609.04180v1.pdf,ParseTotal,1,45440.990198,45440.990198
ocr-on,3,2609.04180v1.pdf,PdfOpen,1,0.702445,0.702445
ocr-on,3,2609.04180v1.pdf,PdfRender,23,501.36661699999985,48.7222
ocr-on,3,2609.04180v1.pdf,PdfiumQueue,1,0.004195,0.004195
ocr-on,3,2609.04180v1.pdf,TableRules,12,7.7395570000000005,1.1422970000000001
ocr-on,3,2609.04180v1.pdf,TextExtract,23,341.632715,30.123884
ocr-on,3,2609.04180v1.pdf,TextFinish,46,392.89186400000006,28.300432
ocr-on,3,2609.04180v1.pdf,TextPrepare,23,1.8965240000000003,0.183899
ocr-on,3,2609.04184v1.pdf,DocumentContext,1,0.751853,0.751853
ocr-on,3,2609.04184v1.pdf,LayoutInference,8,574.01233,79.179664
ocr-on,3,2609.04184v1.pdf,LayoutPostprocess,8,0.155001,0.039054000000000005
ocr-on,3,2609.04184v1.pdf,LayoutPreprocess,8,186.37148,30.048521
ocr-on,3,2609.04184v1.pdf,LayoutQueue,8,1034.156822,195.16487099999998
ocr-on,3,2609.04184v1.pdf,LayoutReadback,8,0.062368999999999994,0.010536
ocr-on,3,2609.04184v1.pdf,LinkValidate,1,3.9935150000000004,3.9935150000000004
ocr-on,3,2609.04184v1.pdf,Ocr,5,65909.85540100001,14919.028429
ocr-on,3,2609.04184v1.pdf,OcrDecode,239,0.8709410000000003,0.022796999999999998
ocr-on,3,2609.04184v1.pdf,OcrDetectionInference,5,772.791801,236.008001
ocr-on,3,2609.04184v1.pdf,OcrDetectionPostprocess,5,80.74091899999999,22.865686999999998
ocr-on,3,2609.04184v1.pdf,OcrDetectionPreprocess,5,251.49701299999998,58.869874
ocr-on,3,2609.04184v1.pdf,OcrOrientationInference,239,503.57716499999964,116.789029
ocr-on,3,2609.04184v1.pdf,OcrQueue,488,59111.121849000025,13790.276292999999
ocr-on,3,2609.04184v1.pdf,OcrReadback,483,444.2994219999999,4.621036999999999
ocr-on,3,2609.04184v1.pdf,OcrRecognitionInference,239,4436.342000999998,148.098389
ocr-on,3,2609.04184v1.pdf,OcrRecognitionPreprocess,478,81.53158099999995,1.3316999999999999
ocr-on,3,2609.04184v1.pdf,ParseTotal,1,22870.734007,22870.734007
ocr-on,3,2609.04184v1.pdf,PdfOpen,1,0.857936,0.857936
ocr-on,3,2609.04184v1.pdf,PdfRender,8,195.08488899999998,36.790743
ocr-on,3,2609.04184v1.pdf,PdfiumQueue,1,0.003111,0.003111
ocr-on,3,2609.04184v1.pdf,TableExternal,1,180.336474,180.336474
ocr-on,3,2609.04184v1.pdf,TableFill,1,0.9876939999999998,0.9876939999999998
ocr-on,3,2609.04184v1.pdf,TableRules,7,2.645159,0.769246
ocr-on,3,2609.04184v1.pdf,TextExtract,8,155.83952800000003,24.886119
ocr-on,3,2609.04184v1.pdf,TextFinish,16,275.14189799999997,72.158982
ocr-on,3,2609.04184v1.pdf,TextPrepare,8,1.122684,0.20197199999999998
ocr-on,3,2609.04184v1.pdf,TsrInference,1,178.36153900000002,178.36153900000002
ocr-on,3,2609.04184v1.pdf,TsrPostprocess,1,0.051161,0.051161
ocr-on,3,2609.04184v1.pdf,TsrPreprocess,1,1.4051669999999998,1.4051669999999998
ocr-on,3,2609.04184v1.pdf,TsrQueue,1,0.161253,0.161253
ocr-on,3,2606.17056v1.pdf,DocumentContext,1,4.422953000000001,4.422953000000001
ocr-on,3,2606.17056v1.pdf,LayoutInference,25,2497.48075,217.73485200000002
ocr-on,3,2606.17056v1.pdf,LayoutPostprocess,25,0.287727,0.033744
ocr-on,3,2606.17056v1.pdf,LayoutPreprocess,25,526.210554,27.630321
ocr-on,3,2606.17056v1.pdf,LayoutQueue,25,2552.629729999999,281.898438
ocr-on,3,2606.17056v1.pdf,LayoutReadback,25,0.21582900000000005,0.015268
ocr-on,3,2606.17056v1.pdf,LinkValidate,1,10.438692,10.438692
ocr-on,3,2606.17056v1.pdf,Ocr,15,209500.09230100003,24500.178042000003
ocr-on,3,2606.17056v1.pdf,OcrDecode,831,2.5433649999999983,0.138007
ocr-on,3,2606.17056v1.pdf,OcrDetectionInference,15,2285.2438690000004,194.553686
ocr-on,3,2606.17056v1.pdf,OcrDetectionPostprocess,15,183.31804000000002,16.921923
ocr-on,3,2606.17056v1.pdf,OcrDetectionPreprocess,15,741.5360450000002,60.204730999999995
ocr-on,3,2606.17056v1.pdf,OcrOrientationInference,831,2379.071696999998,126.53414399999998
ocr-on,3,2606.17056v1.pdf,OcrQueue,1692,190299.52168799983,21205.632959
ocr-on,3,2606.17056v1.pdf,OcrReadback,1677,1538.1179809999974,15.235235999999999
ocr-on,3,2606.17056v1.pdf,OcrRecognitionInference,831,11088.288590000002,361.14257100000003
ocr-on,3,2606.17056v1.pdf,OcrRecognitionPreprocess,1662,252.55071499999983,3.558009
ocr-on,3,2606.17056v1.pdf,ParseTotal,1,55641.186509,55641.186509
ocr-on,3,2606.17056v1.pdf,PdfOpen,1,0.387713,0.387713
ocr-on,3,2606.17056v1.pdf,PdfRender,25,401.2176409999999,24.896622999999998
ocr-on,3,2606.17056v1.pdf,PdfiumQueue,1,0.003709,0.003709
ocr-on,3,2606.17056v1.pdf,TableRules,4,4.400895,1.662994
ocr-on,3,2606.17056v1.pdf,TextExtract,25,281.78416200000004,16.424604
ocr-on,3,2606.17056v1.pdf,TextFinish,50,261.75403099999994,18.887468000000002
ocr-on,3,2606.17056v1.pdf,TextPrepare,25,1.6512660000000001,0.10964399999999999
ocr-on,3,2609.04203v1.pdf,DocumentContext,1,3.0079830000000003,3.0079830000000003
ocr-on,3,2609.04203v1.pdf,LayoutInference,20,2139.743877,215.466241
ocr-on,3,2609.04203v1.pdf,LayoutPostprocess,20,0.373417,0.056694
ocr-on,3,2609.04203v1.pdf,LayoutPreprocess,20,430.56633899999997,26.699568
ocr-on,3,2609.04203v1.pdf,LayoutQueue,20,2030.499532,227.87052
ocr-on,3,2609.04203v1.pdf,LayoutReadback,20,0.11859999999999998,0.014892
ocr-on,3,2609.04203v1.pdf,LinkValidate,1,10.235847,10.235847
ocr-on,3,2609.04203v1.pdf,Ocr,9,21760.761987000005,4364.556127
ocr-on,3,2609.04203v1.pdf,OcrDecode,287,0.9176449999999999,0.088282
ocr-on,3,2609.04203v1.pdf,OcrDetectionInference,9,1269.855263,170.55868099999998
ocr-on,3,2609.04203v1.pdf,OcrDetectionPostprocess,9,159.24913600000002,28.846778
ocr-on,3,2609.04203v1.pdf,OcrDetectionPreprocess,9,437.531085,58.283863
ocr-on,3,2609.04203v1.pdf,OcrOrientationInference,287,1040.648735,190.201165
ocr-on,3,2609.04203v1.pdf,OcrQueue,592,13667.47256699999,2305.5253740000003
ocr-on,3,2609.04203v1.pdf,OcrReadback,583,522.8760059999997,5.71089
ocr-on,3,2609.04203v1.pdf,OcrRecognitionInference,287,4316.137091000001,353.068732
ocr-on,3,2609.04203v1.pdf,OcrRecognitionPreprocess,574,84.407601,1.386476
ocr-on,3,2609.04203v1.pdf,ParseTotal,1,7162.919183,7162.919183
ocr-on,3,2609.04203v1.pdf,PdfOpen,1,0.631752,0.631752
ocr-on,3,2609.04203v1.pdf,PdfRender,20,817.507163,234.212964
ocr-on,3,2609.04203v1.pdf,PdfiumQueue,1,0.003401,0.003401
ocr-on,3,2609.04203v1.pdf,TableExternal,1,354.85391300000003,354.85391300000003
ocr-on,3,2609.04203v1.pdf,TableFill,1,5.031721999999999,5.031721999999999
ocr-on,3,2609.04203v1.pdf,TableRules,19,11.548810000000001,1.233611
ocr-on,3,2609.04203v1.pdf,TextExtract,20,496.9137139999999,113.602727
ocr-on,3,2609.04203v1.pdf,TextFinish,40,657.6353150000002,67.99068
ocr-on,3,2609.04203v1.pdf,TextPrepare,20,2.5235600000000007,0.18934
ocr-on,3,2609.04203v1.pdf,TsrInference,1,351.453898,351.453898
ocr-on,3,2609.04203v1.pdf,TsrPostprocess,1,0.12449299999999999,0.12449299999999999
ocr-on,3,2609.04203v1.pdf,TsrPreprocess,1,2.937364,2.937364
ocr-on,3,2609.04203v1.pdf,TsrQueue,1,0.130954,0.130954
ocr-on,4,2410.05779v3.pdf,DocumentContext,1,1.1052220000000001,1.1052220000000001
ocr-on,4,2410.05779v3.pdf,LayoutInference,16,1323.8770469999997,148.966959
ocr-on,4,2410.05779v3.pdf,LayoutPostprocess,16,0.202786,0.037841
ocr-on,4,2410.05779v3.pdf,LayoutPreprocess,16,359.611152,25.946759999999998
ocr-on,4,2410.05779v3.pdf,LayoutQueue,16,8241.135552,856.949771
ocr-on,4,2410.05779v3.pdf,LayoutReadback,16,0.066924,0.005919000000000001
ocr-on,4,2410.05779v3.pdf,LinkValidate,1,4.412852999999999,4.412852999999999
ocr-on,4,2410.05779v3.pdf,Ocr,5,80535.986135,25130.106894
ocr-on,4,2410.05779v3.pdf,OcrDecode,291,1.756359999999999,0.106298
ocr-on,4,2410.05779v3.pdf,OcrDetectionInference,5,1354.614423,667.4202270000001
ocr-on,4,2410.05779v3.pdf,OcrDetectionPostprocess,5,57.662416,16.984717
ocr-on,4,2410.05779v3.pdf,OcrDetectionPreprocess,5,253.17056099999996,56.07176
ocr-on,4,2410.05779v3.pdf,OcrOrientationInference,291,879.6662139999997,164.830185
ocr-on,4,2410.05779v3.pdf,OcrQueue,592,64151.391562999976,19645.778238
ocr-on,4,2410.05779v3.pdf,OcrReadback,587,1713.8621269999999,16.885113999999998
ocr-on,4,2410.05779v3.pdf,OcrRecognitionInference,291,11382.686506000002,400.24964800000004
ocr-on,4,2410.05779v3.pdf,OcrRecognitionPreprocess,582,401.32194400000003,4.897609
ocr-on,4,2410.05779v3.pdf,ParseTotal,1,33116.343999000004,33116.343999000004
ocr-on,4,2410.05779v3.pdf,PdfOpen,1,0.46309900000000004,0.46309900000000004
ocr-on,4,2410.05779v3.pdf,PdfRender,16,353.992182,43.048607000000004
ocr-on,4,2410.05779v3.pdf,PdfiumQueue,1,0.00024200000000000003,0.00024200000000000003
ocr-on,4,2410.05779v3.pdf,TableRules,6,10.234965,3.261117
ocr-on,4,2410.05779v3.pdf,TextExtract,16,196.68174199999996,21.070083
ocr-on,4,2410.05779v3.pdf,TextFinish,32,194.44384099999994,33.976898
ocr-on,4,2410.05779v3.pdf,TextPrepare,16,0.8881370000000001,0.09328499999999999
ocr-on,4,2412.05210v1.pdf,DocumentContext,1,40.890134,40.890134
ocr-on,4,2412.05210v1.pdf,LayoutInference,12,971.388694,130.992062
ocr-on,4,2412.05210v1.pdf,LayoutPostprocess,12,0.16489499999999999,0.034603
ocr-on,4,2412.05210v1.pdf,LayoutPreprocess,12,287.732844,28.218003
ocr-on,4,2412.05210v1.pdf,LayoutQueue,12,6134.666655000001,868.107451
ocr-on,4,2412.05210v1.pdf,LayoutReadback,12,0.049364,0.007835
ocr-on,4,2412.05210v1.pdf,LinkValidate,1,9.028858000000001,9.028858000000001
ocr-on,4,2412.05210v1.pdf,Ocr,6,93336.34689,31022.067102
ocr-on,4,2412.05210v1.pdf,OcrDecode,439,1.8579419999999995,0.12460600000000001
ocr-on,4,2412.05210v1.pdf,OcrDetectionInference,6,2208.343618,908.727073
ocr-on,4,2412.05210v1.pdf,OcrDetectionPostprocess,6,106.20143,19.807440999999997
ocr-on,4,2412.05210v1.pdf,OcrDetectionPreprocess,6,341.41877600000004,75.595481
ocr-on,4,2412.05210v1.pdf,OcrOrientationInference,439,1155.9401040000005,161.58679
ocr-on,4,2412.05210v1.pdf,OcrQueue,890,75276.68364299997,24570.311893
ocr-on,4,2412.05210v1.pdf,OcrReadback,884,1148.6630879999998,13.091190000000001
ocr-on,4,2412.05210v1.pdf,OcrRecognitionInference,439,12426.308779000006,483.98024
ocr-on,4,2412.05210v1.pdf,OcrRecognitionPreprocess,878,242.610686,2.2818330000000002
ocr-on,4,2412.05210v1.pdf,ParseTotal,1,38273.471884000006,38273.471884000006
ocr-on,4,2412.05210v1.pdf,PdfOpen,1,0.43780600000000003,0.43780600000000003
ocr-on,4,2412.05210v1.pdf,PdfRender,12,387.291666,85.97039
ocr-on,4,2412.05210v1.pdf,PdfiumQueue,1,0.00019999999999999998,0.00019999999999999998
ocr-on,4,2412.05210v1.pdf,TableRules,4,21.021752,9.728681
ocr-on,4,2412.05210v1.pdf,TextExtract,12,272.9640319999999,37.457318
ocr-on,4,2412.05210v1.pdf,TextFinish,24,529.9493409999999,247.81407099999998
ocr-on,4,2412.05210v1.pdf,TextPrepare,12,1.395022,0.331189
ocr-on,4,2403.01632v4.pdf,DocumentContext,1,2.934614,2.934614
ocr-on,4,2403.01632v4.pdf,LayoutInference,47,4434.027742,200.94126200000002
ocr-on,4,2403.01632v4.pdf,LayoutPostprocess,47,0.6199609999999999,0.043504
ocr-on,4,2403.01632v4.pdf,LayoutPreprocess,47,1063.4690480000002,34.026698
ocr-on,4,2403.01632v4.pdf,LayoutQueue,47,13793.951371000003,838.862855
ocr-on,4,2403.01632v4.pdf,LayoutReadback,47,0.186157,0.0074719999999999995
ocr-on,4,2403.01632v4.pdf,LinkValidate,1,18.339336000000003,18.339336000000003
ocr-on,4,2403.01632v4.pdf,Ocr,13,227706.26263499996,28418.857073000003
ocr-on,4,2403.01632v4.pdf,OcrDecode,417,1.879302,0.126026
ocr-on,4,2403.01632v4.pdf,OcrDetectionInference,13,2759.4810730000004,821.6629399999999
ocr-on,4,2403.01632v4.pdf,OcrDetectionPostprocess,13,181.18419299999996,32.938605
ocr-on,4,2403.01632v4.pdf,OcrDetectionPreprocess,13,659.141932,60.640176
ocr-on,4,2403.01632v4.pdf,OcrOrientationInference,417,834.2390510000005,115.935583
ocr-on,4,2403.01632v4.pdf,OcrQueue,860,210078.29319099995,23723.376035
ocr-on,4,2403.01632v4.pdf,OcrReadback,847,1263.6960940000008,13.182981999999999
ocr-on,4,2403.01632v4.pdf,OcrRecognitionInference,417,11184.503788000004,218.632556
ocr-on,4,2403.01632v4.pdf,OcrRecognitionPreprocess,834,297.20261799999986,3.7595430000000003
ocr-on,4,2403.01632v4.pdf,ParseTotal,1,69178.23856299999,69178.23856299999
ocr-on,4,2403.01632v4.pdf,PdfOpen,1,0.547803,0.547803
ocr-on,4,2403.01632v4.pdf,PdfRender,47,886.7812529999998,62.125396
ocr-on,4,2403.01632v4.pdf,PdfiumQueue,1,0.000212,0.000212
ocr-on,4,2403.01632v4.pdf,TableRules,7,4.016915,1.322264
ocr-on,4,2403.01632v4.pdf,TextExtract,47,645.3013839999998,19.426788000000002
ocr-on,4,2403.01632v4.pdf,TextFinish,94,710.8717939999999,32.01876
ocr-on,4,2403.01632v4.pdf,TextPrepare,47,3.2782769999999997,0.24143299999999998
ocr-on,4,2604.18583v1.pdf,DocumentContext,1,1.544718,1.544718
ocr-on,4,2604.18583v1.pdf,LayoutInference,15,1272.680985,186.331154
ocr-on,4,2604.18583v1.pdf,LayoutPostprocess,15,0.23918299999999998,0.040554
ocr-on,4,2604.18583v1.pdf,LayoutPreprocess,15,329.60330899999997,23.838808999999998
ocr-on,4,2604.18583v1.pdf,LayoutQueue,15,398.45489499999996,132.390235
ocr-on,4,2604.18583v1.pdf,LayoutReadback,15,0.063083,0.0056110000000000005
ocr-on,4,2604.18583v1.pdf,LinkValidate,1,6.479808,6.479808
ocr-on,4,2604.18583v1.pdf,Ocr,8,128165.692355,17463.43299
ocr-on,4,2604.18583v1.pdf,OcrDecode,100,0.3640789999999999,0.015035
ocr-on,4,2604.18583v1.pdf,OcrDetectionInference,8,1019.172738,161.825178
ocr-on,4,2604.18583v1.pdf,OcrDetectionPostprocess,8,130.316665,25.489906
ocr-on,4,2604.18583v1.pdf,OcrDetectionPreprocess,8,376.89285600000005,52.330447
ocr-on,4,2604.18583v1.pdf,OcrOrientationInference,100,353.44623900000005,72.559293
ocr-on,4,2604.18583v1.pdf,OcrQueue,216,123340.33564899999,16578.250494
ocr-on,4,2604.18583v1.pdf,OcrReadback,208,216.32447700000014,10.880969
ocr-on,4,2604.18583v1.pdf,OcrRecognitionInference,100,2579.3745290000006,318.199922
ocr-on,4,2604.18583v1.pdf,OcrRecognitionPreprocess,200,48.33500100000001,4.240312
ocr-on,4,2604.18583v1.pdf,ParseTotal,1,33537.881501,33537.881501
ocr-on,4,2604.18583v1.pdf,PdfOpen,1,0.358641,0.358641
ocr-on,4,2604.18583v1.pdf,PdfRender,15,1904.331737,718.769891
ocr-on,4,2604.18583v1.pdf,PdfiumQueue,1,0.003675,0.003675
ocr-on,4,2604.18583v1.pdf,TableRules,2,1.871059,0.95316
ocr-on,4,2604.18583v1.pdf,TextExtract,15,246.46630600000003,36.889094
ocr-on,4,2604.18583v1.pdf,TextFinish,30,575.0488109999999,208.201611
ocr-on,4,2604.18583v1.pdf,TextPrepare,15,1.576924,0.32894100000000004
ocr-on,4,2303.18223v16.pdf,DocumentContext,1,16.083552,16.083552
ocr-on,4,2303.18223v16.pdf,LayoutInference,144,11916.858579000007,193.95315
ocr-on,4,2303.18223v16.pdf,LayoutPostprocess,144,2.1960249999999997,0.121084
ocr-on,4,2303.18223v16.pdf,LayoutPreprocess,144,3304.332949999999,34.33069
ocr-on,4,2303.18223v16.pdf,LayoutQueue,144,22526.830295000007,314.301723
ocr-on,4,2303.18223v16.pdf,LayoutReadback,144,0.6096650000000003,0.01037
ocr-on,4,2303.18223v16.pdf,LinkValidate,1,78.422338,78.422338
ocr-on,4,2303.18223v16.pdf,Ocr,16,285055.299868,23415.504951
ocr-on,4,2303.18223v16.pdf,OcrDecode,717,2.4353680000000004,0.139053
ocr-on,4,2303.18223v16.pdf,OcrDetectionInference,16,3275.839031,974.947393
ocr-on,4,2303.18223v16.pdf,OcrDetectionPostprocess,16,298.513527,23.695105
ocr-on,4,2303.18223v16.pdf,OcrDetectionPreprocess,16,819.0259319999999,62.097759
ocr-on,4,2303.18223v16.pdf,OcrOrientationInference,717,2639.420747999999,185.56231300000002
ocr-on,4,2303.18223v16.pdf,OcrQueue,1466,258557.35523299995,21401.366554
ocr-on,4,2303.18223v16.pdf,OcrReadback,1450,1390.9729520000008,9.275078
ocr-on,4,2303.18223v16.pdf,OcrRecognitionInference,717,17142.139823999987,438.414765
ocr-on,4,2303.18223v16.pdf,OcrRecognitionPreprocess,1434,260.59116699999964,2.818397
ocr-on,4,2303.18223v16.pdf,ParseTotal,1,78897.47393800001,78897.47393800001
ocr-on,4,2303.18223v16.pdf,PdfOpen,1,0.635988,0.635988
ocr-on,4,2303.18223v16.pdf,PdfRender,144,2594.790044999999,114.728133
ocr-on,4,2303.18223v16.pdf,PdfiumQueue,1,0.028362000000000002,0.028362000000000002
ocr-on,4,2303.18223v16.pdf,TableExternal,1,1876.903112,1876.903112
ocr-on,4,2303.18223v16.pdf,TableFill,1,1.440744,1.440744
ocr-on,4,2303.18223v16.pdf,TableRules,24,42.173857,6.854487000000001
ocr-on,4,2303.18223v16.pdf,TextExtract,144,3146.7243869999998,31.382656
ocr-on,4,2303.18223v16.pdf,TextFinish,288,6428.389028,134.040156
ocr-on,4,2303.18223v16.pdf,TextPrepare,144,18.052203999999996,0.384115
ocr-on,4,2303.18223v16.pdf,TsrInference,5,1865.785926,850.897479
ocr-on,4,2303.18223v16.pdf,TsrPostprocess,5,0.20294099999999998,0.08502599999999999
ocr-on,4,2303.18223v16.pdf,TsrPreprocess,5,6.5175220000000005,2.231421
ocr-on,4,2303.18223v16.pdf,TsrQueue,5,0.7818900000000001,0.219055
ocr-on,4,2603.01919v2.pdf,DocumentContext,1,2.655419,2.655419
ocr-on,4,2603.01919v2.pdf,LayoutInference,23,2037.942776,186.820665
ocr-on,4,2603.01919v2.pdf,LayoutPostprocess,23,0.30022699999999997,0.054384
ocr-on,4,2603.01919v2.pdf,LayoutPreprocess,23,576.3372850000001,31.276308000000004
ocr-on,4,2603.01919v2.pdf,LayoutQueue,23,3325.4561049999998,277.01059
ocr-on,4,2603.01919v2.pdf,LayoutReadback,23,0.08769899999999999,0.00597
ocr-on,4,2603.01919v2.pdf,LinkValidate,1,13.050457,13.050457
ocr-on,4,2603.01919v2.pdf,Ocr,10,172523.061673,20074.157619
ocr-on,4,2603.01919v2.pdf,OcrDecode,1101,3.0533559999999995,0.021436
ocr-on,4,2603.01919v2.pdf,OcrDetectionInference,10,3423.6601689999998,1034.563243
ocr-on,4,2603.01919v2.pdf,OcrDetectionPostprocess,10,137.139163,17.03826
ocr-on,4,2603.01919v2.pdf,OcrDetectionPreprocess,10,531.460322,63.920643999999996
ocr-on,4,2603.01919v2.pdf,OcrOrientationInference,1101,4022.564638000001,127.46075400000001
ocr-on,4,2603.01919v2.pdf,OcrQueue,2222,145112.64424099957,15823.709234
ocr-on,4,2603.01919v2.pdf,OcrReadback,2212,2024.2968270000026,15.572933
ocr-on,4,2603.01919v2.pdf,OcrRecognitionInference,1101,15982.016832000007,334.670706
ocr-on,4,2603.01919v2.pdf,OcrRecognitionPreprocess,2202,316.7884379999999,4.5225480000000005
ocr-on,4,2603.01919v2.pdf,ParseTotal,1,51616.311568,51616.311568
ocr-on,4,2603.01919v2.pdf,PdfOpen,1,0.6492340000000001,0.6492340000000001
ocr-on,4,2603.01919v2.pdf,PdfRender,23,860.28496,135.60445900000002
ocr-on,4,2603.01919v2.pdf,PdfiumQueue,1,0.004386999999999999,0.004386999999999999
ocr-on,4,2603.01919v2.pdf,TableExternal,1,578.0507670000001,578.0507670000001
ocr-on,4,2603.01919v2.pdf,TableFill,1,0.19447099999999998,0.19447099999999998
ocr-on,4,2603.01919v2.pdf,TableRules,18,25.920550000000002,5.244562
ocr-on,4,2603.01919v2.pdf,TextExtract,23,452.4365279999999,51.771758
ocr-on,4,2603.01919v2.pdf,TextFinish,46,615.10382,88.246254
ocr-on,4,2603.01919v2.pdf,TextPrepare,23,1.984888,0.21340599999999998
ocr-on,4,2603.01919v2.pdf,TsrInference,3,571.288171,433.069731
ocr-on,4,2603.01919v2.pdf,TsrPostprocess,3,0.24659999999999999,0.15775899999999998
ocr-on,4,2603.01919v2.pdf,TsrPreprocess,3,4.789002,2.1525630000000002
ocr-on,4,2603.01919v2.pdf,TsrQueue,3,0.534158,0.20638800000000002
ocr-on,4,2604.21959v1.pdf,DocumentContext,1,0.20470500000000003,0.20470500000000003
ocr-on,4,2604.21959v1.pdf,LayoutInference,3,370.097018,221.235346
ocr-on,4,2604.21959v1.pdf,LayoutPostprocess,3,0.029734999999999998,0.011073999999999999
ocr-on,4,2604.21959v1.pdf,LayoutPreprocess,3,65.45856800000001,22.09086
ocr-on,4,2604.21959v1.pdf,LayoutQueue,3,472.57068000000004,265.443031
ocr-on,4,2604.21959v1.pdf,LayoutReadback,3,0.018109,0.0073549999999999996
ocr-on,4,2604.21959v1.pdf,LinkValidate,1,0.830599,0.830599
ocr-on,4,2604.21959v1.pdf,Ocr,2,39683.803097,21400.095273000003
ocr-on,4,2604.21959v1.pdf,OcrDecode,87,0.33342299999999997,0.017022000000000002
ocr-on,4,2604.21959v1.pdf,OcrDetectionInference,2,521.877373,347.87399200000004
ocr-on,4,2604.21959v1.pdf,OcrDetectionPostprocess,2,26.238726,15.652049000000002
ocr-on,4,2604.21959v1.pdf,OcrDetectionPreprocess,2,108.62133299999999,54.336599
ocr-on,4,2604.21959v1.pdf,OcrOrientationInference,87,237.33729600000004,114.137219
ocr-on,4,2604.21959v1.pdf,OcrQueue,178,36126.891776999975,17573.35819
ocr-on,4,2604.21959v1.pdf,OcrReadback,176,307.18736000000024,12.284414
ocr-on,4,2604.21959v1.pdf,OcrRecognitionInference,87,2196.585381,237.29459599999998
ocr-on,4,2604.21959v1.pdf,OcrRecognitionPreprocess,174,66.22848599999999,3.450755
ocr-on,4,2604.21959v1.pdf,ParseTotal,1,21842.357879000003,21842.357879000003
ocr-on,4,2604.21959v1.pdf,PdfOpen,1,0.5920810000000001,0.5920810000000001
ocr-on,4,2604.21959v1.pdf,PdfRender,3,46.616436,16.217289
ocr-on,4,2604.21959v1.pdf,PdfiumQueue,1,0.00381,0.00381
ocr-on,4,2604.21959v1.pdf,TextExtract,3,26.500486000000002,13.403843
ocr-on,4,2604.21959v1.pdf,TextFinish,6,25.090508,12.277823999999999
ocr-on,4,2604.21959v1.pdf,TextPrepare,3,0.203555,0.09349
ocr-on,4,2609.04184v1.pdf,DocumentContext,1,0.846412,0.846412
ocr-on,4,2609.04184v1.pdf,LayoutInference,8,560.631556,78.04735
ocr-on,4,2609.04184v1.pdf,LayoutPostprocess,8,0.13722199999999998,0.025803
ocr-on,4,2609.04184v1.pdf,LayoutPreprocess,8,179.217373,27.414329000000002
ocr-on,4,2609.04184v1.pdf,LayoutQueue,8,966.594355,185.831781
ocr-on,4,2609.04184v1.pdf,LayoutReadback,8,0.06918,0.010428000000000002
ocr-on,4,2609.04184v1.pdf,LinkValidate,1,5.361838,5.361838
ocr-on,4,2609.04184v1.pdf,Ocr,5,93721.00673,34541.280182999995
ocr-on,4,2609.04184v1.pdf,OcrDecode,239,0.911201,0.076309
ocr-on,4,2609.04184v1.pdf,OcrDetectionInference,5,733.382135,207.04568500000002
ocr-on,4,2609.04184v1.pdf,OcrDetectionPostprocess,5,79.13259399999998,17.673588
ocr-on,4,2609.04184v1.pdf,OcrDetectionPreprocess,5,268.409617,62.895485
ocr-on,4,2609.04184v1.pdf,OcrOrientationInference,239,600.5772860000003,116.695216
ocr-on,4,2609.04184v1.pdf,OcrQueue,488,87329.96682900003,33069.888731
ocr-on,4,2609.04184v1.pdf,OcrReadback,483,450.8309080000001,5.948497
ocr-on,4,2609.04184v1.pdf,OcrRecognitionInference,239,3952.128900999999,553.15841
ocr-on,4,2609.04184v1.pdf,OcrRecognitionPreprocess,478,82.97027099999998,1.370442
ocr-on,4,2609.04184v1.pdf,ParseTotal,1,46119.916478,46119.916478
ocr-on,4,2609.04184v1.pdf,PdfOpen,1,0.77925,0.77925
ocr-on,4,2609.04184v1.pdf,PdfRender,8,193.052485,34.772766
ocr-on,4,2609.04184v1.pdf,PdfiumQueue,1,0.004254,0.004254
ocr-on,4,2609.04184v1.pdf,TableExternal,1,191.23191,191.23191
ocr-on,4,2609.04184v1.pdf,TableFill,1,0.884028,0.884028
ocr-on,4,2609.04184v1.pdf,TableRules,7,2.7666480000000004,0.824319
ocr-on,4,2609.04184v1.pdf,TextExtract,8,149.985148,29.133146
ocr-on,4,2609.04184v1.pdf,TextFinish,16,267.906015,72.14923800000001
ocr-on,4,2609.04184v1.pdf,TextPrepare,8,0.822823,0.145922
ocr-on,4,2609.04184v1.pdf,TsrInference,1,188.079314,188.079314
ocr-on,4,2609.04184v1.pdf,TsrPostprocess,1,0.056229,0.056229
ocr-on,4,2609.04184v1.pdf,TsrPreprocess,1,2.574735,2.574735
ocr-on,4,2609.04184v1.pdf,TsrQueue,1,0.18099500000000002,0.18099500000000002
ocr-on,4,2609.04180v1.pdf,DocumentContext,1,2.3388020000000003,2.3388020000000003
ocr-on,4,2609.04180v1.pdf,LayoutInference,23,2132.4709980000002,204.596503
ocr-on,4,2609.04180v1.pdf,LayoutPostprocess,23,0.29150699999999996,0.052828
ocr-on,4,2609.04180v1.pdf,LayoutPreprocess,23,537.904808,28.218954
ocr-on,4,2609.04180v1.pdf,LayoutQueue,23,2935.5277180000003,275.657937
ocr-on,4,2609.04180v1.pdf,LayoutReadback,23,0.223398,0.013730000000000001
ocr-on,4,2609.04180v1.pdf,LinkValidate,1,8.025065,8.025065
ocr-on,4,2609.04180v1.pdf,Ocr,9,169614.686465,34336.001114
ocr-on,4,2609.04180v1.pdf,OcrDecode,755,2.486056,0.092152
ocr-on,4,2609.04180v1.pdf,OcrDetectionInference,9,1757.7140060000002,287.12246600000003
ocr-on,4,2609.04180v1.pdf,OcrDetectionPostprocess,9,115.160398,17.813748
ocr-on,4,2609.04180v1.pdf,OcrDetectionPreprocess,9,484.156208,62.11909
ocr-on,4,2609.04180v1.pdf,OcrOrientationInference,755,1662.8343109999996,163.640651
ocr-on,4,2609.04180v1.pdf,OcrQueue,1528,148905.31599600022,27725.822666
ocr-on,4,2609.04180v1.pdf,OcrReadback,1519,1543.2475570000022,12.797694
ocr-on,4,2609.04180v1.pdf,OcrRecognitionInference,755,14191.550889,301.116226
ocr-on,4,2609.04180v1.pdf,OcrRecognitionPreprocess,1510,236.22792399999986,3.187233
ocr-on,4,2609.04180v1.pdf,ParseTotal,1,57486.611660999995,57486.611660999995
ocr-on,4,2609.04180v1.pdf,PdfOpen,1,0.7121719999999999,0.7121719999999999
ocr-on,4,2609.04180v1.pdf,PdfRender,23,480.508444,47.652565
ocr-on,4,2609.04180v1.pdf,PdfiumQueue,1,0.004127,0.004127
ocr-on,4,2609.04180v1.pdf,TableRules,12,6.5524309999999995,1.279969
ocr-on,4,2609.04180v1.pdf,TextExtract,23,348.492034,29.711873999999998
ocr-on,4,2609.04180v1.pdf,TextFinish,46,414.2577739999999,32.922334
ocr-on,4,2609.04180v1.pdf,TextPrepare,23,1.6912189999999998,0.15743100000000002
ocr-on,4,2604.18584v1.pdf,DocumentContext,1,2.178003,2.178003
ocr-on,4,2604.18584v1.pdf,LayoutInference,32,2915.850276999999,190.973223
ocr-on,4,2604.18584v1.pdf,LayoutPostprocess,32,0.444404,0.041906
ocr-on,4,2604.18584v1.pdf,LayoutPreprocess,32,736.144811,33.315205
ocr-on,4,2604.18584v1.pdf,LayoutQueue,32,3686.73801,247.007643
ocr-on,4,2604.18584v1.pdf,LayoutReadback,32,0.25151499999999993,0.016044
ocr-on,4,2604.18584v1.pdf,LinkValidate,1,15.596481,15.596481
ocr-on,4,2604.18584v1.pdf,Ocr,13,265040.08267,37254.823639999995
ocr-on,4,2604.18584v1.pdf,OcrDecode,882,4.259873,0.210045
ocr-on,4,2604.18584v1.pdf,OcrDetectionInference,13,2142.949248,252.474397
ocr-on,4,2604.18584v1.pdf,OcrDetectionPostprocess,13,141.121772,14.304175
ocr-on,4,2604.18584v1.pdf,OcrDetectionPreprocess,13,675.81296,61.639308
ocr-on,4,2604.18584v1.pdf,OcrOrientationInference,882,1843.002607,129.39887
ocr-on,4,2604.18584v1.pdf,OcrQueue,1790,235247.00630800007,28731.457566
ocr-on,4,2604.18584v1.pdf,OcrReadback,1777,2582.2818530000022,11.525476999999999
ocr-on,4,2604.18584v1.pdf,OcrRecognitionInference,882,20940.831368999967,320.04001900000003
ocr-on,4,2604.18584v1.pdf,OcrRecognitionPreprocess,1764,588.5500789999988,3.516646
ocr-on,4,2604.18584v1.pdf,ParseTotal,1,75212.574363,75212.574363
ocr-on,4,2604.18584v1.pdf,PdfOpen,1,0.5915090000000001,0.5915090000000001
ocr-on,4,2604.18584v1.pdf,PdfRender,32,658.0992009999999,101.392653
ocr-on,4,2604.18584v1.pdf,PdfiumQueue,1,0.003399,0.003399
ocr-on,4,2604.18584v1.pdf,TableExternal,2,770.519865,429.663654
ocr-on,4,2604.18584v1.pdf,TableFill,2,0.149496,0.123703
ocr-on,4,2604.18584v1.pdf,TableRules,18,32.178902,8.96622
ocr-on,4,2604.18584v1.pdf,TextExtract,32,356.48938200000003,21.446046
ocr-on,4,2604.18584v1.pdf,TextFinish,64,490.51328600000005,58.771761999999995
ocr-on,4,2604.18584v1.pdf,TextPrepare,32,2.0110759999999996,0.141035
ocr-on,4,2604.18584v1.pdf,TsrInference,2,764.8902989999999,425.141579
ocr-on,4,2604.18584v1.pdf,TsrPostprocess,2,0.075389,0.060955
ocr-on,4,2604.18584v1.pdf,TsrPreprocess,2,4.725885999999999,4.107254999999999
ocr-on,4,2604.18584v1.pdf,TsrQueue,2,0.287119,0.15535000000000002
ocr-on,4,2606.17056v1.pdf,DocumentContext,1,5.287496,5.287496
ocr-on,4,2606.17056v1.pdf,LayoutInference,25,2501.628415,190.298094
ocr-on,4,2606.17056v1.pdf,LayoutPostprocess,25,0.2627,0.024537
ocr-on,4,2606.17056v1.pdf,LayoutPreprocess,25,563.390325,26.88769
ocr-on,4,2606.17056v1.pdf,LayoutQueue,25,2683.6486810000006,325.914589
ocr-on,4,2606.17056v1.pdf,LayoutReadback,25,0.278537,0.024189000000000002
ocr-on,4,2606.17056v1.pdf,LinkValidate,1,6.028539,6.028539
ocr-on,4,2606.17056v1.pdf,Ocr,15,273887.92186700006,34112.286617000005
ocr-on,4,2606.17056v1.pdf,OcrDecode,831,2.364356999999999,0.021342
ocr-on,4,2606.17056v1.pdf,OcrDetectionInference,15,2239.0792410000004,217.92884700000002
ocr-on,4,2606.17056v1.pdf,OcrDetectionPostprocess,15,196.597117,20.707938
ocr-on,4,2606.17056v1.pdf,OcrDetectionPreprocess,15,754.026605,64.031205
ocr-on,4,2606.17056v1.pdf,OcrOrientationInference,831,2227.396511999999,95.18226100000001
ocr-on,4,2606.17056v1.pdf,OcrQueue,1692,253248.22815700003,30968.131499
ocr-on,4,2606.17056v1.pdf,OcrReadback,1677,1585.3019460000032,12.35323
ocr-on,4,2606.17056v1.pdf,OcrRecognitionInference,831,12609.679294000005,343.209209
ocr-on,4,2606.17056v1.pdf,OcrRecognitionPreprocess,1662,257.07218500000033,3.552051
ocr-on,4,2606.17056v1.pdf,ParseTotal,1,72210.555349,72210.555349
ocr-on,4,2606.17056v1.pdf,PdfOpen,1,0.6854180000000001,0.6854180000000001
ocr-on,4,2606.17056v1.pdf,PdfRender,25,407.6451370000001,25.405736
ocr-on,4,2606.17056v1.pdf,PdfiumQueue,1,0.005074,0.005074
ocr-on,4,2606.17056v1.pdf,TableRules,4,4.441026,1.752331
ocr-on,4,2606.17056v1.pdf,TextExtract,25,271.706818,15.914748999999999
ocr-on,4,2606.17056v1.pdf,TextFinish,50,251.19265899999996,18.756061000000003
ocr-on,4,2606.17056v1.pdf,TextPrepare,25,1.5749049999999998,0.097347
ocr-on,4,2609.04203v1.pdf,DocumentContext,1,1.879913,1.879913
ocr-on,4,2609.04203v1.pdf,LayoutInference,20,1965.620979,198.886122
ocr-on,4,2609.04203v1.pdf,LayoutPostprocess,20,0.3720900000000001,0.044799000000000005
ocr-on,4,2609.04203v1.pdf,LayoutPreprocess,20,428.416102,24.333154
ocr-on,4,2609.04203v1.pdf,LayoutQueue,20,1938.675818,258.60800900000004
ocr-on,4,2609.04203v1.pdf,LayoutReadback,20,0.13870000000000002,0.019098
ocr-on,4,2609.04203v1.pdf,LinkValidate,1,14.003751,14.003751
ocr-on,4,2609.04203v1.pdf,Ocr,9,45814.517909999995,9074.787494
ocr-on,4,2609.04203v1.pdf,OcrDecode,287,0.9064149999999994,0.035796
ocr-on,4,2609.04203v1.pdf,OcrDetectionInference,9,1293.578967,186.941732
ocr-on,4,2609.04203v1.pdf,OcrDetectionPostprocess,9,146.43531000000002,19.906469
ocr-on,4,2609.04203v1.pdf,OcrDetectionPreprocess,9,481.644931,66.85094799999999
ocr-on,4,2609.04203v1.pdf,OcrOrientationInference,287,927.4607769999999,115.72613
ocr-on,4,2609.04203v1.pdf,OcrQueue,592,38279.70442699998,6909.8995700000005
ocr-on,4,2609.04203v1.pdf,OcrReadback,583,536.0341720000001,5.303221000000001
ocr-on,4,2609.04203v1.pdf,OcrRecognitionInference,287,3793.493691000002,267.458552
ocr-on,4,2609.04203v1.pdf,OcrRecognitionPreprocess,574,86.15318300000008,1.656452
ocr-on,4,2609.04203v1.pdf,ParseTotal,1,13124.172301999999,13124.172301999999
ocr-on,4,2609.04203v1.pdf,PdfOpen,1,0.84553,0.84553
ocr-on,4,2609.04203v1.pdf,PdfRender,20,752.4254800000002,218.56926099999998
ocr-on,4,2609.04203v1.pdf,PdfiumQueue,1,0.007333999999999999,0.007333999999999999
ocr-on,4,2609.04203v1.pdf,TableExternal,1,367.99143499999997,367.99143499999997
ocr-on,4,2609.04203v1.pdf,TableFill,1,5.318846000000001,5.318846000000001
ocr-on,4,2609.04203v1.pdf,TableRules,19,10.234386,1.714828
ocr-on,4,2609.04203v1.pdf,TextExtract,20,500.92541,115.614146
ocr-on,4,2609.04203v1.pdf,TextFinish,40,673.2236179999998,69.043088
ocr-on,4,2609.04203v1.pdf,TextPrepare,20,2.337835,0.260451
ocr-on,4,2609.04203v1.pdf,TsrInference,1,364.845906,364.845906
ocr-on,4,2609.04203v1.pdf,TsrPostprocess,1,0.160991,0.160991
ocr-on,4,2609.04203v1.pdf,TsrPreprocess,1,2.601397,2.601397
ocr-on,4,2609.04203v1.pdf,TsrQueue,1,0.079344,0.079344
ocr-on,5,2410.05779v3.pdf,DocumentContext,1,1.048575,1.048575
ocr-on,5,2410.05779v3.pdf,LayoutInference,16,1279.2255720000003,154.577506
ocr-on,5,2410.05779v3.pdf,LayoutPostprocess,16,0.17146300000000003,0.022994
ocr-on,5,2410.05779v3.pdf,LayoutPreprocess,16,419.2982350000001,41.329941000000005
ocr-on,5,2410.05779v3.pdf,LayoutQueue,16,10914.993155,1138.225347
ocr-on,5,2410.05779v3.pdf,LayoutReadback,16,0.071178,0.005961
ocr-on,5,2410.05779v3.pdf,LinkValidate,1,6.009481,6.009481
ocr-on,5,2410.05779v3.pdf,Ocr,5,103257.299974,29071.501972000002
ocr-on,5,2410.05779v3.pdf,OcrDecode,291,1.710449,0.022252
ocr-on,5,2410.05779v3.pdf,OcrDetectionInference,5,1311.998358,654.621435
ocr-on,5,2410.05779v3.pdf,OcrDetectionPostprocess,5,57.74495,19.394268999999998
ocr-on,5,2410.05779v3.pdf,OcrDetectionPreprocess,5,248.79995199999996,59.732454999999995
ocr-on,5,2410.05779v3.pdf,OcrOrientationInference,291,962.837806,181.05863
ocr-on,5,2410.05779v3.pdf,OcrQueue,592,86285.76013699996,23826.07255
ocr-on,5,2410.05779v3.pdf,OcrReadback,587,1756.5017389999998,17.067036
ocr-on,5,2410.05779v3.pdf,OcrRecognitionInference,291,11911.214552000003,407.13884299999995
ocr-on,5,2410.05779v3.pdf,OcrRecognitionPreprocess,582,377.12740600000046,4.726832
ocr-on,5,2410.05779v3.pdf,ParseTotal,1,37822.476412,37822.476412
ocr-on,5,2410.05779v3.pdf,PdfOpen,1,0.348096,0.348096
ocr-on,5,2410.05779v3.pdf,PdfRender,16,375.053097,37.783536999999995
ocr-on,5,2410.05779v3.pdf,PdfiumQueue,1,0.000275,0.000275
ocr-on,5,2410.05779v3.pdf,TableRules,6,10.090781,3.0442
ocr-on,5,2410.05779v3.pdf,TextExtract,16,226.65937499999998,21.169236
ocr-on,5,2410.05779v3.pdf,TextFinish,32,201.69232300000002,28.340157
ocr-on,5,2410.05779v3.pdf,TextPrepare,16,0.8990760000000001,0.107094
ocr-on,5,2412.05210v1.pdf,DocumentContext,1,37.313783,37.313783
ocr-on,5,2412.05210v1.pdf,LayoutInference,12,943.861005,117.940439
ocr-on,5,2412.05210v1.pdf,LayoutPostprocess,12,0.118601,0.020659999999999998
ocr-on,5,2412.05210v1.pdf,LayoutPreprocess,12,312.789198,41.595293
ocr-on,5,2412.05210v1.pdf,LayoutQueue,12,6812.312152,1155.6715980000001
ocr-on,5,2412.05210v1.pdf,LayoutReadback,12,0.048019,0.0055899999999999995
ocr-on,5,2412.05210v1.pdf,LinkValidate,1,9.358647,9.358647
ocr-on,5,2412.05210v1.pdf,Ocr,6,100889.753507,33159.587411
ocr-on,5,2412.05210v1.pdf,OcrDecode,439,1.6568989999999995,0.032572
ocr-on,5,2412.05210v1.pdf,OcrDetectionInference,6,1740.4451760000002,779.481002
ocr-on,5,2412.05210v1.pdf,OcrDetectionPostprocess,6,102.954167,18.705122
ocr-on,5,2412.05210v1.pdf,OcrDetectionPreprocess,6,323.622684,63.840554
ocr-on,5,2412.05210v1.pdf,OcrOrientationInference,439,1035.9210999999991,116.457143
ocr-on,5,2412.05210v1.pdf,OcrQueue,890,84056.54462399997,28497.202744
ocr-on,5,2412.05210v1.pdf,OcrReadback,884,1115.0033849999995,8.297501
ocr-on,5,2412.05210v1.pdf,OcrRecognitionInference,439,11838.832162000008,555.863968
ocr-on,5,2412.05210v1.pdf,OcrRecognitionPreprocess,878,248.14578199999997,2.022132
ocr-on,5,2412.05210v1.pdf,ParseTotal,1,41174.236168999996,41174.236168999996
ocr-on,5,2412.05210v1.pdf,PdfOpen,1,0.401665,0.401665
ocr-on,5,2412.05210v1.pdf,PdfRender,12,403.2261340000001,92.24239800000001
ocr-on,5,2412.05210v1.pdf,PdfiumQueue,1,0.000281,0.000281
ocr-on,5,2412.05210v1.pdf,TableRules,4,17.518629,8.763663999999999
ocr-on,5,2412.05210v1.pdf,TextExtract,12,254.93642300000002,36.983278
ocr-on,5,2412.05210v1.pdf,TextFinish,24,504.881436,231.964273
ocr-on,5,2412.05210v1.pdf,TextPrepare,12,1.355274,0.279042
ocr-on,5,2603.01919v2.pdf,DocumentContext,1,2.493019,2.493019
ocr-on,5,2603.01919v2.pdf,LayoutInference,23,1960.5734070000003,147.350183
ocr-on,5,2603.01919v2.pdf,LayoutPostprocess,23,0.3718659999999999,0.061065
ocr-on,5,2603.01919v2.pdf,LayoutPreprocess,23,562.904972,30.493893
ocr-on,5,2603.01919v2.pdf,LayoutQueue,23,10919.657201000002,1081.32448
ocr-on,5,2603.01919v2.pdf,LayoutReadback,23,0.08890300000000001,0.005660999999999999
ocr-on,5,2603.01919v2.pdf,LinkValidate,1,13.307238,13.307238
ocr-on,5,2603.01919v2.pdf,Ocr,10,226179.640406,30446.776824
ocr-on,5,2603.01919v2.pdf,OcrDecode,1101,3.020359000000002,0.031059000000000003
ocr-on,5,2603.01919v2.pdf,OcrDetectionInference,10,1851.155462,339.239646
ocr-on,5,2603.01919v2.pdf,OcrDetectionPostprocess,10,149.84492700000004,20.807692
ocr-on,5,2603.01919v2.pdf,OcrDetectionPreprocess,10,519.722114,59.743105
ocr-on,5,2603.01919v2.pdf,OcrOrientationInference,1101,2854.4311829999983,181.449547
ocr-on,5,2603.01919v2.pdf,OcrQueue,2222,203076.76874499957,26107.401551
ocr-on,5,2603.01919v2.pdf,OcrReadback,2212,1984.0047439999983,16.279310000000002
ocr-on,5,2603.01919v2.pdf,OcrRecognitionInference,1101,14461.726942999998,340.142591
ocr-on,5,2603.01919v2.pdf,OcrRecognitionPreprocess,2202,303.3658750000003,5.346811
ocr-on,5,2603.01919v2.pdf,ParseTotal,1,71183.717218,71183.717218
ocr-on,5,2603.01919v2.pdf,PdfOpen,1,0.6000219999999999,0.6000219999999999
ocr-on,5,2603.01919v2.pdf,PdfRender,23,862.9662900000001,134.828571
ocr-on,5,2603.01919v2.pdf,PdfiumQueue,1,0.000247,0.000247
ocr-on,5,2603.01919v2.pdf,TableExternal,1,901.385729,901.385729
ocr-on,5,2603.01919v2.pdf,TableFill,1,0.294774,0.294774
ocr-on,5,2603.01919v2.pdf,TableRules,18,30.149589000000006,6.371326
ocr-on,5,2603.01919v2.pdf,TextExtract,23,496.52592300000003,63.012904999999996
ocr-on,5,2603.01919v2.pdf,TextFinish,46,589.2918430000001,83.23040800000001
ocr-on,5,2603.01919v2.pdf,TextPrepare,23,1.9460300000000004,0.18737199999999998
ocr-on,5,2603.01919v2.pdf,TsrInference,3,894.700886,759.6113799999999
ocr-on,5,2603.01919v2.pdf,TsrPostprocess,3,0.306909,0.18492899999999998
ocr-on,5,2603.01919v2.pdf,TsrPreprocess,3,4.834879,2.7498110000000002
ocr-on,5,2603.01919v2.pdf,TsrQueue,3,0.45606899999999995,0.205576
ocr-on,5,2604.18583v1.pdf,DocumentContext,1,1.869522,1.869522
ocr-on,5,2604.18583v1.pdf,LayoutInference,15,1242.432381,141.986176
ocr-on,5,2604.18583v1.pdf,LayoutPostprocess,15,0.27258000000000004,0.037551
ocr-on,5,2604.18583v1.pdf,LayoutPreprocess,15,337.124106,24.712222
ocr-on,5,2604.18583v1.pdf,LayoutQueue,15,396.632549,107.054698
ocr-on,5,2604.18583v1.pdf,LayoutReadback,15,0.064038,0.005155
ocr-on,5,2604.18583v1.pdf,LinkValidate,1,6.71667,6.71667
ocr-on,5,2604.18583v1.pdf,Ocr,8,164053.49409700002,22190.313555
ocr-on,5,2604.18583v1.pdf,OcrDecode,100,0.3338159999999999,0.013764
ocr-on,5,2604.18583v1.pdf,OcrDetectionInference,8,1260.103811,190.861428
ocr-on,5,2604.18583v1.pdf,OcrDetectionPostprocess,8,114.096964,18.37612
ocr-on,5,2604.18583v1.pdf,OcrDetectionPreprocess,8,414.466617,64.38956999999999
ocr-on,5,2604.18583v1.pdf,OcrOrientationInference,100,1168.7885859999997,157.38460400000002
ocr-on,5,2604.18583v1.pdf,OcrQueue,216,156299.58194999996,19923.093172
ocr-on,5,2604.18583v1.pdf,OcrReadback,208,227.00106099999994,12.898374
ocr-on,5,2604.18583v1.pdf,OcrRecognitionInference,100,4422.758500999999,342.83509000000004
ocr-on,5,2604.18583v1.pdf,OcrRecognitionPreprocess,200,41.640499000000005,2.210286
ocr-on,5,2604.18583v1.pdf,ParseTotal,1,43123.735554,43123.735554
ocr-on,5,2604.18583v1.pdf,PdfOpen,1,0.48431599999999997,0.48431599999999997
ocr-on,5,2604.18583v1.pdf,PdfRender,15,1706.682635,626.687392
ocr-on,5,2604.18583v1.pdf,PdfiumQueue,1,0.003411,0.003411
ocr-on,5,2604.18583v1.pdf,TableRules,2,1.561523,0.8890429999999999
ocr-on,5,2604.18583v1.pdf,TextExtract,15,250.32270300000002,33.654506
ocr-on,5,2604.18583v1.pdf,TextFinish,30,562.6666100000001,213.07852599999998
ocr-on,5,2604.18583v1.pdf,TextPrepare,15,1.5824109999999998,0.293071
ocr-on,5,2403.01632v4.pdf,DocumentContext,1,3.7802320000000003,3.7802320000000003
ocr-on,5,2403.01632v4.pdf,LayoutInference,47,4414.215087999998,313.76349999999996
ocr-on,5,2403.01632v4.pdf,LayoutPostprocess,47,0.7201439999999999,0.041962
ocr-on,5,2403.01632v4.pdf,LayoutPreprocess,47,1048.5131290000004,30.752337
ocr-on,5,2403.01632v4.pdf,LayoutQueue,47,17300.155919000004,1165.888725
ocr-on,5,2403.01632v4.pdf,LayoutReadback,47,0.20993499999999995,0.028438
ocr-on,5,2403.01632v4.pdf,LinkValidate,1,14.803065,14.803065
ocr-on,5,2403.01632v4.pdf,Ocr,13,293905.297255,33466.035825
ocr-on,5,2403.01632v4.pdf,OcrDecode,417,1.6992369999999997,0.03764
ocr-on,5,2403.01632v4.pdf,OcrDetectionInference,13,2148.223927,391.977484
ocr-on,5,2403.01632v4.pdf,OcrDetectionPostprocess,13,156.758304,17.904059
ocr-on,5,2403.01632v4.pdf,OcrDetectionPreprocess,13,672.1831559999999,60.373547
ocr-on,5,2403.01632v4.pdf,OcrOrientationInference,417,1109.1109169999993,139.365127
ocr-on,5,2403.01632v4.pdf,OcrQueue,860,277707.796686,28992.214392
ocr-on,5,2403.01632v4.pdf,OcrReadback,847,1209.729501000002,11.866055000000001
ocr-on,5,2403.01632v4.pdf,OcrRecognitionInference,417,10164.675669999995,344.389418
ocr-on,5,2403.01632v4.pdf,OcrRecognitionPreprocess,834,290.8753319999997,3.677594
ocr-on,5,2403.01632v4.pdf,ParseTotal,1,85752.656707,85752.656707
ocr-on,5,2403.01632v4.pdf,PdfOpen,1,0.361267,0.361267
ocr-on,5,2403.01632v4.pdf,PdfRender,47,872.673155,68.694529
ocr-on,5,2403.01632v4.pdf,PdfiumQueue,1,0.001013,0.001013
ocr-on,5,2403.01632v4.pdf,TableRules,7,4.519125,1.377896
ocr-on,5,2403.01632v4.pdf,TextExtract,47,660.6020010000002,20.714468
ocr-on,5,2403.01632v4.pdf,TextFinish,94,718.3706770000005,30.125401
ocr-on,5,2403.01632v4.pdf,TextPrepare,47,3.3324760000000007,0.157596
ocr-on,5,2604.21959v1.pdf,DocumentContext,1,0.267289,0.267289
ocr-on,5,2604.21959v1.pdf,LayoutInference,3,246.835222,107.777863
ocr-on,5,2604.21959v1.pdf,LayoutPostprocess,3,0.064232,0.039038
ocr-on,5,2604.21959v1.pdf,LayoutPreprocess,3,64.151887,21.868561000000003
ocr-on,5,2604.21959v1.pdf,LayoutQueue,3,236.92683,144.34211399999998
ocr-on,5,2604.21959v1.pdf,LayoutReadback,3,0.027014000000000003,0.016642
ocr-on,5,2604.21959v1.pdf,LinkValidate,1,0.894467,0.894467
ocr-on,5,2604.21959v1.pdf,Ocr,2,35039.758961,19349.287581999997
ocr-on,5,2604.21959v1.pdf,OcrDecode,87,0.5057989999999999,0.13383899999999999
ocr-on,5,2604.21959v1.pdf,OcrDetectionInference,2,310.672908,188.62047900000002
ocr-on,5,2604.21959v1.pdf,OcrDetectionPostprocess,2,23.5259,14.047271
ocr-on,5,2604.21959v1.pdf,OcrDetectionPreprocess,2,96.64093700000001,48.480815
ocr-on,5,2604.21959v1.pdf,OcrOrientationInference,87,392.396719,56.556132000000005
ocr-on,5,2604.21959v1.pdf,OcrQueue,178,31731.07531800001,15620.494378
ocr-on,5,2604.21959v1.pdf,OcrReadback,176,325.488456,11.523244
ocr-on,5,2604.21959v1.pdf,OcrRecognitionInference,87,2000.9770499999997,158.635267
ocr-on,5,2604.21959v1.pdf,OcrRecognitionPreprocess,174,63.955203000000004,3.59785
ocr-on,5,2604.21959v1.pdf,ParseTotal,1,19664.728794,19664.728794
ocr-on,5,2604.21959v1.pdf,PdfOpen,1,0.227646,0.227646
ocr-on,5,2604.21959v1.pdf,PdfRender,3,47.404426,16.595579
ocr-on,5,2604.21959v1.pdf,PdfiumQueue,1,0.0038139999999999997,0.0038139999999999997
ocr-on,5,2604.21959v1.pdf,TextExtract,3,24.129248,12.190382
ocr-on,5,2604.21959v1.pdf,TextFinish,6,22.394018,11.623584
ocr-on,5,2604.21959v1.pdf,TextPrepare,3,0.192047,0.085093
ocr-on,5,2303.18223v16.pdf,DocumentContext,1,15.958327,15.958327
ocr-on,5,2303.18223v16.pdf,LayoutInference,144,11909.034742000003,308.38810700000005
ocr-on,5,2303.18223v16.pdf,LayoutPostprocess,144,2.1780929999999996,0.037972
ocr-on,5,2303.18223v16.pdf,LayoutPreprocess,144,3343.1884500000015,32.743136
ocr-on,5,2303.18223v16.pdf,LayoutQueue,144,26442.382680999996,787.734665
ocr-on,5,2303.18223v16.pdf,LayoutReadback,144,0.6167409999999999,0.008815
ocr-on,5,2303.18223v16.pdf,LinkValidate,1,78.335108,78.335108
ocr-on,5,2303.18223v16.pdf,Ocr,16,355741.629102,27404.976841
ocr-on,5,2303.18223v16.pdf,OcrDecode,717,2.329614000000002,0.01252
ocr-on,5,2303.18223v16.pdf,OcrDetectionInference,16,2428.6281959999997,229.464948
ocr-on,5,2303.18223v16.pdf,OcrDetectionPostprocess,16,306.398088,22.212539
ocr-on,5,2303.18223v16.pdf,OcrDetectionPreprocess,16,771.9183629999999,58.662136
ocr-on,5,2303.18223v16.pdf,OcrOrientationInference,717,2103.6705479999987,164.473522
ocr-on,5,2303.18223v16.pdf,OcrQueue,1466,330329.6002020002,25620.784571
ocr-on,5,2303.18223v16.pdf,OcrReadback,1450,1435.0940850000015,9.376016
ocr-on,5,2303.18223v16.pdf,OcrRecognitionInference,717,17426.601792999998,472.063445
ocr-on,5,2303.18223v16.pdf,OcrRecognitionPreprocess,1434,258.46924600000034,1.984922
ocr-on,5,2303.18223v16.pdf,ParseTotal,1,97755.847906,97755.847906
ocr-on,5,2303.18223v16.pdf,PdfOpen,1,1.493027,1.493027
ocr-on,5,2303.18223v16.pdf,PdfRender,144,2663.4657940000006,120.59149500000001
ocr-on,5,2303.18223v16.pdf,PdfiumQueue,1,0.003431,0.003431
ocr-on,5,2303.18223v16.pdf,TableExternal,1,1014.8305019999999,1014.8305019999999
ocr-on,5,2303.18223v16.pdf,TableFill,1,2.269008,2.269008
ocr-on,5,2303.18223v16.pdf,TableRules,24,46.054041,7.589615
ocr-on,5,2303.18223v16.pdf,TextExtract,144,3229.158892999999,32.267092
ocr-on,5,2303.18223v16.pdf,TextFinish,288,6453.515612,141.526397
ocr-on,5,2303.18223v16.pdf,TextPrepare,144,18.527855000000002,0.31649
ocr-on,5,2303.18223v16.pdf,TsrInference,5,1002.581382,764.491589
ocr-on,5,2303.18223v16.pdf,TsrPostprocess,5,0.275298,0.109941
ocr-on,5,2303.18223v16.pdf,TsrPreprocess,5,7.057074999999999,2.453327
ocr-on,5,2303.18223v16.pdf,TsrQueue,5,0.9264650000000001,0.222268
ocr-on,5,2604.18584v1.pdf,DocumentContext,1,1.6943679999999999,1.6943679999999999
ocr-on,5,2604.18584v1.pdf,LayoutInference,32,3041.446978,192.00503999999998
ocr-on,5,2604.18584v1.pdf,LayoutPostprocess,32,0.5341669999999998,0.07947699999999999
ocr-on,5,2604.18584v1.pdf,LayoutPreprocess,32,716.6996270000002,31.570296
ocr-on,5,2604.18584v1.pdf,LayoutQueue,32,3695.6285829999983,259.222399
ocr-on,5,2604.18584v1.pdf,LayoutReadback,32,0.13645600000000002,0.0068059999999999996
ocr-on,5,2604.18584v1.pdf,LinkValidate,1,16.634954,16.634954
ocr-on,5,2604.18584v1.pdf,Ocr,13,308526.17202800006,35099.872293
ocr-on,5,2604.18584v1.pdf,OcrDecode,882,4.273049000000005,0.104903
ocr-on,5,2604.18584v1.pdf,OcrDetectionInference,13,1981.855483,249.233621
ocr-on,5,2604.18584v1.pdf,OcrDetectionPostprocess,13,133.147737,15.519388000000001
ocr-on,5,2604.18584v1.pdf,OcrDetectionPreprocess,13,643.812649,56.214541
ocr-on,5,2604.18584v1.pdf,OcrOrientationInference,882,1699.0780439999996,67.067469
ocr-on,5,2604.18584v1.pdf,OcrQueue,1790,276139.9735609993,29855.048788
ocr-on,5,2604.18584v1.pdf,OcrReadback,1777,2675.1286589999954,12.38785
ocr-on,5,2604.18584v1.pdf,OcrRecognitionInference,882,23808.62492299999,542.7135410000001
ocr-on,5,2604.18584v1.pdf,OcrRecognitionPreprocess,1764,546.273807,3.844948
ocr-on,5,2604.18584v1.pdf,ParseTotal,1,90575.43977,90575.43977
ocr-on,5,2604.18584v1.pdf,PdfOpen,1,0.510274,0.510274
ocr-on,5,2604.18584v1.pdf,PdfRender,32,654.5723099999999,101.206976
ocr-on,5,2604.18584v1.pdf,PdfiumQueue,1,0.003682,0.003682
ocr-on,5,2604.18584v1.pdf,TableExternal,2,440.552304,414.988113
ocr-on,5,2604.18584v1.pdf,TableFill,2,0.220165,0.189151
ocr-on,5,2604.18584v1.pdf,TableRules,18,28.264509999999998,6.125691
ocr-on,5,2604.18584v1.pdf,TextExtract,32,338.298875,20.620249
ocr-on,5,2604.18584v1.pdf,TextFinish,64,478.6261470000002,57.788527
ocr-on,5,2604.18584v1.pdf,TextPrepare,32,2.0840220000000005,0.191385
ocr-on,5,2604.18584v1.pdf,TsrInference,2,435.926024,411.185425
ocr-on,5,2604.18584v1.pdf,TsrPostprocess,2,0.07935099999999999,0.06339499999999999
ocr-on,5,2604.18584v1.pdf,TsrPreprocess,2,3.635694,3.315329
ocr-on,5,2604.18584v1.pdf,TsrQueue,2,0.384935,0.209091
ocr-on,5,2609.04184v1.pdf,DocumentContext,1,0.933502,0.933502
ocr-on,5,2609.04184v1.pdf,LayoutInference,8,654.615321,176.22991599999997
ocr-on,5,2609.04184v1.pdf,LayoutPostprocess,8,0.09341700000000001,0.019625
ocr-on,5,2609.04184v1.pdf,LayoutPreprocess,8,186.35572600000003,26.398727
ocr-on,5,2609.04184v1.pdf,LayoutQueue,8,3129.167176,507.65854899999994
ocr-on,5,2609.04184v1.pdf,LayoutReadback,8,0.034089999999999995,0.006358
ocr-on,5,2609.04184v1.pdf,LinkValidate,1,4.517907,4.517907
ocr-on,5,2609.04184v1.pdf,Ocr,5,146572.05074900002,32819.83962200001
ocr-on,5,2609.04184v1.pdf,OcrDecode,239,0.8361640000000001,0.011646
ocr-on,5,2609.04184v1.pdf,OcrDetectionInference,5,648.506651,187.792973
ocr-on,5,2609.04184v1.pdf,OcrDetectionPostprocess,5,79.551372,17.682124
ocr-on,5,2609.04184v1.pdf,OcrDetectionPreprocess,5,247.92962999999997,56.093187
ocr-on,5,2609.04184v1.pdf,OcrOrientationInference,239,452.27605100000045,46.331511
ocr-on,5,2609.04184v1.pdf,OcrQueue,488,139865.58100900007,31744.037732999997
ocr-on,5,2609.04184v1.pdf,OcrReadback,483,450.2350669999996,4.6183320000000005
ocr-on,5,2609.04184v1.pdf,OcrRecognitionInference,239,4523.884635999999,142.755846
ocr-on,5,2609.04184v1.pdf,OcrRecognitionPreprocess,478,78.39922600000003,1.341131
ocr-on,5,2609.04184v1.pdf,ParseTotal,1,49443.311237,49443.311237
ocr-on,5,2609.04184v1.pdf,PdfOpen,1,0.957095,0.957095
ocr-on,5,2609.04184v1.pdf,PdfRender,8,203.44395999999998,38.498093
ocr-on,5,2609.04184v1.pdf,PdfiumQueue,1,0.007755,0.007755
ocr-on,5,2609.04184v1.pdf,TableExternal,1,202.402427,202.402427
ocr-on,5,2609.04184v1.pdf,TableFill,1,1.000437,1.000437
ocr-on,5,2609.04184v1.pdf,TableRules,7,3.2327769999999996,0.861686
ocr-on,5,2609.04184v1.pdf,TextExtract,8,161.243878,27.477554
ocr-on,5,2609.04184v1.pdf,TextFinish,16,274.16820099999995,67.269815
ocr-on,5,2609.04184v1.pdf,TextPrepare,8,1.090604,0.276254
ocr-on,5,2609.04184v1.pdf,TsrInference,1,199.360775,199.360775
ocr-on,5,2609.04184v1.pdf,TsrPostprocess,1,0.056025,0.056025
ocr-on,5,2609.04184v1.pdf,TsrPreprocess,1,2.696669,2.696669
ocr-on,5,2609.04184v1.pdf,TsrQueue,1,0.10704699999999999,0.10704699999999999
ocr-on,5,2609.04180v1.pdf,DocumentContext,1,1.759462,1.759462
ocr-on,5,2609.04180v1.pdf,LayoutInference,23,2014.092816,144.724442
ocr-on,5,2609.04180v1.pdf,LayoutPostprocess,23,0.28357499999999997,0.02728
ocr-on,5,2609.04180v1.pdf,LayoutPreprocess,23,549.4881939999999,30.814890000000002
ocr-on,5,2609.04180v1.pdf,LayoutQueue,23,2950.614741,280.957091
ocr-on,5,2609.04180v1.pdf,LayoutReadback,23,0.113448,0.007728
ocr-on,5,2609.04180v1.pdf,LinkValidate,1,11.274421,11.274421
ocr-on,5,2609.04180v1.pdf,Ocr,9,223360.08548600003,30054.454414
ocr-on,5,2609.04180v1.pdf,OcrDecode,755,2.4584210000000013,0.113716
ocr-on,5,2609.04180v1.pdf,OcrDetectionInference,9,1694.76279,286.387921
ocr-on,5,2609.04180v1.pdf,OcrDetectionPostprocess,9,124.542452,19.406722000000002
ocr-on,5,2609.04180v1.pdf,OcrDetectionPreprocess,9,465.6094790000001,59.780680000000004
ocr-on,5,2609.04180v1.pdf,OcrOrientationInference,755,1704.152791000001,117.644873
ocr-on,5,2609.04180v1.pdf,OcrQueue,1528,205116.95307100005,25314.427008
ocr-on,5,2609.04180v1.pdf,OcrReadback,1519,1529.3769009999996,12.927592
ocr-on,5,2609.04180v1.pdf,OcrRecognitionInference,755,11798.698988000015,213.01403599999998
ocr-on,5,2609.04180v1.pdf,OcrRecognitionPreprocess,1510,227.3175490000001,3.970609
ocr-on,5,2609.04180v1.pdf,ParseTotal,1,62461.429205,62461.429205
ocr-on,5,2609.04180v1.pdf,PdfOpen,1,0.578132,0.578132
ocr-on,5,2609.04180v1.pdf,PdfRender,23,485.90026700000004,49.681642
ocr-on,5,2609.04180v1.pdf,PdfiumQueue,1,0.003776,0.003776
ocr-on,5,2609.04180v1.pdf,TableRules,12,7.321495999999999,1.395682
ocr-on,5,2609.04180v1.pdf,TextExtract,23,354.74043599999993,29.875335
ocr-on,5,2609.04180v1.pdf,TextFinish,46,397.99976200000003,29.450771
ocr-on,5,2609.04180v1.pdf,TextPrepare,23,1.7998030000000003,0.147889
ocr-on,5,2609.04203v1.pdf,DocumentContext,1,2.674657,2.674657
ocr-on,5,2609.04203v1.pdf,LayoutInference,20,2007.344966,200.868156
ocr-on,5,2609.04203v1.pdf,LayoutPostprocess,20,0.34439500000000006,0.034262
ocr-on,5,2609.04203v1.pdf,LayoutPreprocess,20,492.015055,35.252349
ocr-on,5,2609.04203v1.pdf,LayoutQueue,20,1840.1561900000002,252.71052799999998
ocr-on,5,2609.04203v1.pdf,LayoutReadback,20,0.128933,0.010613
ocr-on,5,2609.04203v1.pdf,LinkValidate,1,10.670057,10.670057
ocr-on,5,2609.04203v1.pdf,Ocr,9,184698.803606,31373.116622
ocr-on,5,2609.04203v1.pdf,OcrDecode,287,0.7705119999999996,0.01381
ocr-on,5,2609.04203v1.pdf,OcrDetectionInference,9,1390.7138109999999,197.806982
ocr-on,5,2609.04203v1.pdf,OcrDetectionPostprocess,9,144.21826900000002,18.75
ocr-on,5,2609.04203v1.pdf,OcrDetectionPreprocess,9,472.303284,65.705447
ocr-on,5,2609.04203v1.pdf,OcrOrientationInference,287,1047.213711,150.037843
ocr-on,5,2609.04203v1.pdf,OcrQueue,592,177273.17403299976,29651.034826
ocr-on,5,2609.04203v1.pdf,OcrReadback,583,523.6061430000003,5.936712
ocr-on,5,2609.04203v1.pdf,OcrRecognitionInference,287,3507.3054890000008,418.623276
ocr-on,5,2609.04203v1.pdf,OcrRecognitionPreprocess,574,76.33034199999992,1.4430669999999999
ocr-on,5,2609.04203v1.pdf,ParseTotal,1,50966.314301,50966.314301
ocr-on,5,2609.04203v1.pdf,PdfOpen,1,0.7737879999999999,0.7737879999999999
ocr-on,5,2609.04203v1.pdf,PdfRender,20,789.9122079999999,230.35081399999999
ocr-on,5,2609.04203v1.pdf,PdfiumQueue,1,0.004049,0.004049
ocr-on,5,2609.04203v1.pdf,TableExternal,1,415.902066,415.902066
ocr-on,5,2609.04203v1.pdf,TableFill,1,6.798411,6.798411
ocr-on,5,2609.04203v1.pdf,TableRules,19,11.192533,1.49856
ocr-on,5,2609.04203v1.pdf,TextExtract,20,533.367925,119.828488
ocr-on,5,2609.04203v1.pdf,TextFinish,40,679.4756,66.91472
ocr-on,5,2609.04203v1.pdf,TextPrepare,20,2.2762279999999997,0.236259
ocr-on,5,2609.04203v1.pdf,TsrInference,1,411.963958,411.963958
ocr-on,5,2609.04203v1.pdf,TsrPostprocess,1,0.189164,0.189164
ocr-on,5,2609.04203v1.pdf,TsrPreprocess,1,3.325736,3.325736
ocr-on,5,2609.04203v1.pdf,TsrQueue,1,0.147875,0.147875
ocr-on,5,2606.17056v1.pdf,DocumentContext,1,4.380542,4.380542
ocr-on,5,2606.17056v1.pdf,LayoutInference,25,2590.3402670000005,258.344727
ocr-on,5,2606.17056v1.pdf,LayoutPostprocess,25,0.25417999999999996,0.026222000000000002
ocr-on,5,2606.17056v1.pdf,LayoutPreprocess,25,566.8930570000001,36.596548999999996
ocr-on,5,2606.17056v1.pdf,LayoutQueue,25,2509.318389,312.860362
ocr-on,5,2606.17056v1.pdf,LayoutReadback,25,0.14694000000000002,0.015449000000000001
ocr-on,5,2606.17056v1.pdf,LinkValidate,1,11.128393,11.128393
ocr-on,5,2606.17056v1.pdf,Ocr,15,269126.42797300004,32009.849738
ocr-on,5,2606.17056v1.pdf,OcrDecode,831,2.3250710000000003,0.049415
ocr-on,5,2606.17056v1.pdf,OcrDetectionInference,15,1972.634915,191.683185
ocr-on,5,2606.17056v1.pdf,OcrDetectionPostprocess,15,173.06205900000003,15.720953
ocr-on,5,2606.17056v1.pdf,OcrDetectionPreprocess,15,746.9218289999998,64.120169
ocr-on,5,2606.17056v1.pdf,OcrOrientationInference,831,2125.4658040000018,113.66864699999999
ocr-on,5,2606.17056v1.pdf,OcrQueue,1692,250596.58964399982,29672.798841
ocr-on,5,2606.17056v1.pdf,OcrReadback,1677,1638.7010620000005,12.713282
ocr-on,5,2606.17056v1.pdf,OcrRecognitionInference,831,10844.993858,339.857062
ocr-on,5,2606.17056v1.pdf,OcrRecognitionPreprocess,1662,254.82718500000027,3.775212
ocr-on,5,2606.17056v1.pdf,ParseTotal,1,69435.406258,69435.406258
ocr-on,5,2606.17056v1.pdf,PdfOpen,1,0.504014,0.504014
ocr-on,5,2606.17056v1.pdf,PdfRender,25,432.80734500000005,25.965512999999998
ocr-on,5,2606.17056v1.pdf,PdfiumQueue,1,0.00373,0.00373
ocr-on,5,2606.17056v1.pdf,TableRules,4,3.6377949999999997,1.162552
ocr-on,5,2606.17056v1.pdf,TextExtract,25,269.464432,17.809326
ocr-on,5,2606.17056v1.pdf,TextFinish,50,267.9888020000001,30.190983000000003
ocr-on,5,2606.17056v1.pdf,TextPrepare,25,1.531596,0.101321
